# SolidArc mesh export — units: metres, Y up matches source; per-face materials via usemtl.
# vertices: welded (coincident position+normal merged per body)
mtllib BMW-M4-F82.mtl
o Cabin
v 1.1 -0.4 1.15566
v 1.12107 -0.415542 1.16642
v 1.1424 -0.430567 1.17739
v 1.205 -0.47081 1.20937
v 1.23722 -0.489458 1.22534
v 1.27011 -0.507166 1.24102
v 1.30371 -0.523967 1.25619
v 1.3208 -0.532032 1.2635
v 1.33807 -0.539877 1.2706
v 1.37318 -0.554899 1.28414
v 1.40899 -0.569023 1.29678
v 1.48266 -0.594602 1.31938
v 1.5585 -0.616618 1.33833
v 1.636 -0.635228 1.35362
v 1.71478 -0.650723 1.36532
v 1.75451 -0.657405 1.36985
v 1.79444 -0.663445 1.37353
v 1.8747 -0.673795 1.37859
v 1.95523 -0.682183 1.38111
v 2.03594 -0.689043 1.3818
v 2.07632 -0.692032 1.38167
v 2.11671 -0.694798 1.38136
v 2.15711 -0.69739 1.38095
v 2.19752 -0.699853 1.38047
v 2.25507 -0.703108 1.37959
v 2.31263 -0.705981 1.37825
v 2.3702 -0.708375 1.37625
v 2.42776 -0.710186 1.37338
v 2.46611 -0.711018 1.37089
v 2.50442 -0.711512 1.36787
v 2.5554 -0.711586 1.36266
v 2.60615 -0.710919 1.35549
v 2.65645 -0.709438 1.34569
v 2.70595 -0.707088 1.3325
v 2.73024 -0.705583 1.32439
v 2.75411 -0.703878 1.31514
v 2.77748 -0.702 1.30466
v 2.8002 -0.699982 1.29288
v 2.81128 -0.698931 1.28648
v 2.82215 -0.697858 1.27974
v 2.84327 -0.695662 1.2653
v 2.86355 -0.693418 1.24976
v 2.88309 -0.691138 1.2333
v 2.92028 -0.6865 1.19833
v 2.95567 -0.681761 1.16155
v 2.99008 -0.676885 1.12389
v 3.03587 -0.670059 1.07365
v 3.0672 -0.665207 1.04093
v 3.08875 -0.661798 1.01981
v 3.11103 -0.658226 0.999479
v 3.12248 -0.656373 0.989678
v 3.13416 -0.654473 0.980161
v 3.15819 -0.650536 0.962008
v 3.18302 -0.646404 0.945014
v 3.20854 -0.642017 0.929147
v 3.23465 -0.637301 0.914363
v 3.26123 -0.632168 0.900606
v 3.28819 -0.626518 0.887816
v 3.31542 -0.620228 0.875928
v 3.34281 -0.613152 0.864875
v 3.37023 -0.60511 0.854597
v 3.38846 -0.599104 0.848149
v 3.40658 -0.592488 0.842007
v 3.42453 -0.585166 0.836163
v 3.44222 -0.577026 0.830611
v 3.45953 -0.567932 0.825355
v 3.47632 -0.557731 0.820409
v 3.49237 -0.546252 0.815802
v 3.50739 -0.533319 0.811582
v 3.52102 -0.518785 0.80782
v 3.53281 -0.502587 0.804612
v 3.54236 -0.484869 0.802041
v 3.54961 -0.466031 0.800104
v 3.56053 -0.386663 0.797213
v 3.56026 -0.368406 0.797284
v 3.55935 -0.350184 0.797524
v 3.55607 -0.313849 0.79839
v 3.55149 -0.277648 0.799605
v 3.54433 -0.229572 0.801514
v 3.5369 -0.181553 0.803508
v 3.53221 -0.14949 0.804775
v 3.52799 -0.117355 0.805921
v 3.52445 -0.0851184 0.806885
v 3.5218 -0.0527915 0.807606
v 3.52089 -0.0365863 0.807857
v 3.52028 -0.0203658 0.808023
v 3.52001 -0.00413514 0.808097
v 3.5201 0.0120981 0.808072
v 3.52132 0.04455 0.80774
v 3.52371 0.0769369 0.807086
v 3.52706 0.109249 0.806173
v 3.53114 0.141467 0.805063
v 3.53736 0.184223 0.803384
v 3.54398 0.226906 0.801607
v 3.55242 0.283889 0.799358
v 3.55702 0.322028 0.798137
v 3.55925 0.347548 0.797551
v 3.56019 0.364602 0.797301
v 3.5606 0.381679 0.797194
v 3.56035 0.398761 0.797261
v 3.55929 0.415812 0.797538
v 3.55728 0.432774 0.798069
v 3.55413 0.449553 0.798902
v 3.54966 0.466011 0.800091
v 3.54368 0.481957 0.801686
v 3.53609 0.497152 0.803726
v 3.53168 0.504384 0.804919
v 3.52686 0.511337 0.806227
v 3.51616 0.524356 0.809154
v 3.50428 0.536201 0.812448
v 3.49147 0.546928 0.816056
v 3.47795 0.556631 0.819936
v 3.44937 0.573402 0.82842
v 3.41955 0.587269 0.837761
v 3.38907 0.598886 0.847939
v 3.32736 0.617254 0.871007
v 3.29661 0.624653 0.884035
v 3.26617 0.631186 0.89818
v 3.23618 0.637034 0.913538
v 3.20678 0.642344 0.930196
v 3.17812 0.647243 0.948238
v 3.15037 0.651832 0.967717
v 3.12368 0.656184 0.988676
v 3.09813 0.6603 1.01106
v 3.07359 0.664193 1.03453
v 3.04983 0.667899 1.05882
v 3.01898 0.672594 1.092
v 2.98855 0.677075 1.12559
v 2.94765 0.682818 1.17012
v 2.91956 0.686547 1.19905
v 2.89034 0.690218 1.22684
v 2.85957 0.69383 1.25294
v 2.84348 0.695606 1.26514
v 2.8269 0.697354 1.27666
v 2.80978 0.699066 1.28738
v 2.79215 0.700727 1.29725
v 2.77408 0.702318 1.30628
v 2.75562 0.703826 1.31451
v 2.71777 0.70653 1.3287
v 2.67899 0.708748 1.34018
v 2.59965 0.711643 1.35655
v 2.55953 0.712341 1.36216
v 2.51926 0.712566 1.36652
v 2.47889 0.71234 1.36995
v 2.43848 0.711685 1.37274
v 2.39804 0.710621 1.37498
v 2.3576 0.709164 1.37675
v 2.31717 0.707331 1.37812
v 2.27674 0.705135 1.37915
v 2.23633 0.702586 1.37991
v 2.19595 0.699694 1.38049
v 2.15958 0.696801 1.38092
v 2.12323 0.693636 1.3813
v 2.08691 0.690193 1.38161
v 2.05062 0.686467 1.38178
v 2.00228 0.681058 1.38169
v 1.954 0.675153 1.38109
v 1.85767 0.661936 1.37775
v 1.79369 0.652198 1.37347
v 1.76179 0.64709 1.37059
v 1.72997 0.641842 1.36716
v 1.6666 0.630989 1.3586
v 1.60366 0.619757 1.34771
v 1.54124 0.608168 1.33438
v 1.47959 0.595729 1.31853
v 1.43905 0.586659 1.30653
v 1.39906 0.57675 1.29339
v 1.35975 0.565801 1.2791
v 1.32123 0.553584 1.26369
v 1.29608 0.544605 1.25283
v 1.27139 0.534835 1.24162
v 1.24719 0.524144 1.23017
v 1.22354 0.512376 1.21862
v 1.20813 0.503842 1.21094
v 1.19304 0.494683 1.20333
v 1.17834 0.484826 1.19584
v 1.16409 0.474194 1.18854
v 1.15038 0.462706 1.18149
v 1.13734 0.450281 1.17478
v 1.12511 0.436845 1.16849
v 1.11386 0.422349 1.16272
v 1.1038 0.406781 1.15759
v 1.09507 0.390219 1.15316
v 1.08773 0.372836 1.14944
v 1.08173 0.354818 1.14642
v 1.077 0.336333 1.14405
v 1.07091 0.298441 1.14102
v 1.06856 0.260062 1.13985
v 1.06908 0.221614 1.1401
v 1.07599 0.145078 1.14355
v 1.08139 0.107114 1.14625
v 1.08757 0.0693025 1.14936
v 1.10568 -0.0311416 1.15855
v 1.11722 -0.0982274 1.16445
v 1.12376 -0.143182 1.1678
v 1.12728 -0.17329 1.16961
v 1.1299 -0.203518 1.17095
v 1.13101 -0.223724 1.17153
v 1.13153 -0.243962 1.17179
v 1.13134 -0.264208 1.17169
v 1.13033 -0.284425 1.17118
v 1.12839 -0.304558 1.17018
v 1.12538 -0.324525 1.16863
v 1.12115 -0.344216 1.16646
v 1.11557 -0.363484 1.1636
v 1.10855 -0.382147 1.16001
v 3.52003 0 0.808091
v 1.10007 0 1.15569
v 3.55465 -0.30267 0.798764
v 3.55465 -0.429361 0.798764
v 3.55465 0.446778 0.798764
v 3.55465 0.302412 0.798764
v 3.54853 -0.257814 0.800391
v 3.54853 -0.468828 0.800391
v 3.54853 0.469016 0.800391
v 3.54853 0.257657 0.800391
v 3.54241 -0.217166 0.802027
v 3.54241 -0.484737 0.802027
v 3.54241 0.484511 0.802027
v 3.54241 0.216783 0.802027
v 3.53628 -0.17733 0.803675
v 3.53628 -0.496149 0.803675
v 3.53628 0.496773 0.803675
v 3.53628 0.176807 0.803675
v 3.53015 -0.133837 0.805332
v 3.53015 -0.506243 0.805332
v 3.53015 0.506586 0.805332
v 3.53015 0.133646 0.805332
v 3.50328 -0.536855 0.812727
v 3.50328 0.537037 0.812727
v 3.47641 -0.55767 0.820384
v 3.47641 0.557536 0.820384
v 3.44957 -0.573164 0.82836
v 3.44957 0.573286 0.82836
v 3.42282 -0.585865 0.836711
v 3.42282 0.585748 0.836711
v 3.3962 -0.596275 0.845495
v 3.3962 0.596161 0.845495
v 3.36976 -0.605247 0.854768
v 3.36976 0.604589 0.854768
v 3.34355 -0.612932 0.864586
v 3.34355 0.612391 0.864586
v 3.31762 -0.619655 0.875007
v 3.31762 0.619584 0.875007
v 3.29202 -0.625628 0.886087
v 3.29202 0.625632 0.886087
v 3.26678 -0.630997 0.897883
v 3.26678 0.631053 0.897883
v 3.24197 -0.635877 0.910451
v 3.24197 0.635894 0.910451
v 3.21762 -0.640364 0.923849
v 3.21762 0.640369 0.923849
v 3.19379 -0.644539 0.938133
v 3.19379 0.644546 0.938133
v 3.17052 -0.648468 0.953359
v 3.17052 0.648484 0.953359
v 3.14787 -0.652212 0.969585
v 3.14787 0.652234 0.969585
v 3.12587 -0.655818 0.986867
v 3.12587 0.655821 0.986867
v 3.10553 -0.659097 1.00434
v 3.10553 0.659092 1.00434
v 3.08575 -0.662268 1.02267
v 3.08575 0.66225 1.02267
v 3.06643 -0.665324 1.04171
v 3.06643 0.665302 1.04171
v 3.04748 -0.668247 1.06129
v 3.04748 0.668253 1.06129
v 3.02881 -0.671104 1.08128
v 3.02881 0.671089 1.08128
v 3.01033 -0.673854 1.1015
v 3.01033 0.673864 1.1015
v 2.99195 -0.676605 1.12182
v 2.99195 0.676572 1.12182
v 2.97359 -0.679226 1.14207
v 2.97359 0.679183 1.14207
v 2.95515 -0.68183 1.16211
v 2.95515 0.681771 1.16211
v 2.93654 -0.684337 1.18178
v 2.93654 0.684302 1.18178
v 2.91767 -0.686831 1.20092
v 2.91767 0.686787 1.20092
v 2.89846 -0.689245 1.21939
v 2.89846 0.689209 1.21939
v 2.87881 -0.691642 1.23702
v 2.87881 0.691589 1.23702
v 2.85863 -0.693969 1.25367
v 2.85863 0.693934 1.25367
v 2.83784 -0.696234 1.26919
v 2.83784 0.696207 1.26919
v 2.81633 -0.698434 1.28341
v 2.81633 0.698416 1.28341
v 2.79765 -0.700212 1.29429
v 2.79765 0.700213 1.29429
v 2.77843 -0.701917 1.30419
v 2.77843 0.701938 1.30419
v 2.75873 -0.703511 1.31318
v 2.75873 0.703574 1.31318
v 2.73858 -0.704992 1.32131
v 2.73858 0.705055 1.32131
v 2.71803 -0.706343 1.32862
v 2.71803 0.706511 1.32862
v 2.6971 -0.707514 1.33516
v 2.6971 0.70772 1.33516
v 2.67585 -0.708526 1.341
v 2.67585 0.708865 1.341
v 2.6543 -0.709502 1.34618
v 2.6543 0.709662 1.34618
v 2.63249 -0.710148 1.35075
v 2.63249 0.710458 1.35075
v 2.61047 -0.710793 1.35477
v 2.61047 0.711254 1.35477
v 2.58828 -0.711155 1.35829
v 2.58828 0.711842 1.35829
v 2.56595 -0.711448 1.36135
v 2.56595 0.71223 1.36135
v 2.54352 -0.711569 1.36402
v 2.54352 0.71243 1.36402
v 2.52103 -0.711536 1.36635
v 2.52103 0.712556 1.36635
v 2.49852 -0.711436 1.36838
v 2.49852 0.71245 1.36838
v 2.47603 -0.711146 1.37017
v 2.47603 0.712294 1.37017
v 2.43486 -0.71034 1.37296
v 2.43486 0.71159 1.37296
v 2.39384 -0.70912 1.37519
v 2.39384 0.710469 1.37519
v 2.35296 -0.707658 1.37693
v 2.35296 0.708954 1.37693
v 2.31217 -0.705958 1.37826
v 2.31217 0.70706 1.37826
v 2.27144 -0.703926 1.37926
v 2.27144 0.704801 1.37926
v 2.23076 -0.701733 1.38
v 2.23076 0.702187 1.38
v 2.19007 -0.699399 1.38057
v 2.19007 0.699227 1.38057
v 2.14936 -0.696893 1.38103
v 2.14936 0.695911 1.38103
v 2.10099 -0.693721 1.3815
v 2.10099 0.691527 1.3815
v 2.05255 -0.690273 1.38178
v 2.05255 0.686665 1.38178
v 2.00406 -0.686333 1.3817
v 2.00406 0.681258 1.3817
v 1.95553 -0.682208 1.38112
v 1.95553 0.67534 1.38112
v 1.90697 -0.677156 1.37986
v 1.90697 0.6687 1.37986
v 1.8584 -0.671693 1.37779
v 1.8584 0.662037 1.37779
v 1.80983 -0.66543 1.37473
v 1.80983 0.654655 1.37473
v 1.76127 -0.658428 1.37054
v 1.76127 0.647004 1.37054
v 1.73301 -0.65379 1.36751
v 1.73301 0.642343 1.36751
v 1.70477 -0.648759 1.36404
v 1.70477 0.637531 1.36404
v 1.67658 -0.643221 1.36011
v 1.67658 0.6327 1.36011
v 1.64845 -0.637683 1.35571
v 1.64845 0.627757 1.35571
v 1.62039 -0.631496 1.35085
v 1.62039 0.622752 1.35085
v 1.59244 -0.624792 1.3455
v 1.59244 0.617682 1.3455
v 1.56459 -0.618088 1.33967
v 1.56459 0.612516 1.33967
v 1.53687 -0.610374 1.33335
v 1.53687 0.607291 1.33335
v 1.5093 -0.602376 1.32651
v 1.5093 0.601744 1.32651
v 1.48189 -0.594339 1.31917
v 1.48189 0.596197 1.31917
v 1.45466 -0.584941 1.31131
v 1.45466 0.590164 1.31131
v 1.42763 -0.575544 1.30292
v 1.42763 0.583841 1.30292
v 1.40081 -0.565809 1.29399
v 1.40081 0.577185 1.29399
v 1.37422 -0.555311 1.28452
v 1.37422 0.569849 1.28452
v 1.34787 -0.544092 1.2745
v 1.34787 0.562055 1.2745
v 1.3218 -0.532487 1.26392
v 1.3218 0.553764 1.26392
v 1.29679 -0.520522 1.25314
v 1.29679 0.544859 1.25314
v 1.27201 -0.508122 1.24191
v 1.27201 0.535082 1.24191
v 1.24742 -0.494962 1.23028
v 1.24742 0.524245 1.23028
v 1.22296 -0.481218 1.21834
v 1.22296 0.512058 1.21834
v 1.19862 -0.466711 1.20615
v 1.19862 0.498069 1.20615
v 1.17433 -0.451107 1.19379
v 1.17433 0.481837 1.19379
v 1.15008 -0.435503 1.18134
v 1.15008 0.462414 1.18134
v 1.12581 -0.321675 1.16885
v 1.12581 -0.160656 1.16885
v 1.12581 -0.418876 1.16885
v 1.12581 0.437614 1.16885
v 1.10148 -0.00780197 1.15641
v 1.10148 -0.40109 1.15641
v 1.10148 -0.396909 1.15641
v 1.10148 0.402381 1.15641
v 1.07706 0.137574 1.14408
v 1.07706 0.336583 1.14408
v 3.50328 0 0.812727
v 3.47641 0 0.820384
v 3.44957 0 0.82836
v 3.42282 0 0.836711
v 3.3962 0 0.845495
v 3.36976 0 0.854768
v 3.34355 0 0.864586
v 3.31762 0 0.875007
v 3.29202 0 0.886087
v 3.26678 0 0.897883
v 3.24197 0 0.910451
v 3.21762 0 0.923849
v 3.19379 0 0.938133
v 3.17052 0 0.953359
v 3.14787 0 0.969585
v 3.12587 0 0.986867
v 3.10553 0 1.00434
v 3.08575 0 1.02267
v 3.06643 0 1.04171
v 3.04748 0 1.06129
v 3.02881 0 1.08128
v 3.01033 0 1.1015
v 2.99195 0 1.12182
v 2.97359 0 1.14207
v 2.95515 0 1.16211
v 2.93654 0 1.18178
v 2.91767 0 1.20092
v 2.89846 0 1.21939
v 2.87881 0 1.23702
v 2.85863 0 1.25367
v 2.83784 0 1.26919
v 2.81633 0 1.28341
v 2.79765 0 1.29429
v 2.77843 0 1.30419
v 2.75873 0 1.31318
v 2.73858 0 1.32131
v 2.71803 0 1.32862
v 2.6971 0 1.33516
v 2.67585 0 1.341
v 2.6543 0 1.34618
v 2.63249 0 1.35075
v 2.61047 0 1.35477
v 2.58828 0 1.35829
v 2.56595 0 1.36135
v 2.54352 0 1.36402
v 2.52103 0 1.36635
v 2.49852 0 1.36838
v 2.47603 0 1.37017
v 2.43486 0 1.37296
v 2.39384 0 1.37519
v 2.35296 0 1.37693
v 2.31217 0 1.37826
v 2.27144 0 1.37926
v 2.23076 0 1.38
v 2.19007 0 1.38057
v 2.14936 0 1.38103
v 2.10099 0 1.3815
v 2.05255 0 1.38178
v 2.00406 0 1.3817
v 1.95553 0 1.38112
v 1.90697 0 1.37986
v 1.8584 0 1.37779
v 1.80983 0 1.37473
v 1.76127 0 1.37054
v 1.73301 0 1.36751
v 1.70477 0 1.36404
v 1.67658 0 1.36011
v 1.64845 0 1.35571
v 1.62039 0 1.35085
v 1.59244 0 1.3455
v 1.56459 0 1.33967
v 1.53687 0 1.33335
v 1.5093 0 1.32651
v 1.48189 0 1.31917
v 1.45466 0 1.31131
v 1.42763 0 1.30292
v 1.40081 0 1.29399
v 1.37422 0 1.28452
v 1.34787 0 1.2745
v 1.3218 0 1.26392
v 1.29679 0 1.25314
v 1.27201 0 1.24191
v 1.24742 0 1.23028
v 1.22296 0 1.21834
v 1.19862 0 1.20615
v 1.17433 0 1.19379
v 1.15008 0 1.18134
v 1.12581 0 1.16885
v 1.10148 0 1.15641
v 1.1 -0.4 0.78
v 1.10349 -0.393197 0.78
v 1.11122 -0.375587 0.78
v 1.1175 -0.357413 0.78
v 1.12618 -0.319901 0.78
v 1.13052 -0.281675 0.78
v 1.13152 -0.243181 0.78
v 1.12998 -0.20468 0.78
v 1.12172 -0.128156 0.78
v 1.11592 -0.0901294 0.78
v 1.10946 -0.0522091 0.78
v 1.09118 0.0486262 0.78
v 1.08004 0.116038 0.78
v 1.07403 0.161194 0.78
v 1.07102 0.191412 0.78
v 1.06907 0.22172 0.78
v 1.0685 0.241956 0.78
v 1.06861 0.262202 0.78
v 1.06953 0.282429 0.78
v 1.07137 0.302593 0.78
v 1.07429 0.322634 0.78
v 1.07842 0.342461 0.78
v 1.08393 0.361956 0.78
v 1.09095 0.380959 0.78
v 1.09962 0.399279 0.78
v 1.10998 0.416697 0.78
v 1.12196 0.433036 0.78
v 1.13536 0.448236 0.78
v 1.14993 0.462303 0.78
v 1.18188 0.487293 0.78
v 1.21641 0.508521 0.78
v 1.25263 0.526658 0.78
v 1.29003 0.542305 0.78
v 1.32823 0.555933 0.78
v 1.4061 0.578575 0.78
v 1.4455 0.588161 0.78
v 1.48509 0.596898 0.78
v 1.52477 0.60497 0.78
v 1.56454 0.612572 0.78
v 1.60436 0.619886 0.78
v 1.64421 0.627041 0.78
v 1.68409 0.634034 0.78
v 1.72401 0.640842 0.78
v 1.80394 0.653805 0.78
v 1.88403 0.665736 0.78
v 1.9643 0.676455 0.78
v 2.04474 0.685837 0.78
v 2.12533 0.693827 0.78
v 2.20605 0.70045 0.78
v 2.28686 0.705718 0.78
v 2.36776 0.709566 0.78
v 2.44871 0.71189 0.78
v 2.52971 0.712552 0.78
v 2.6107 0.711364 0.78
v 2.65118 0.710004 0.78
v 2.69164 0.708085 0.78
v 2.73207 0.70557 0.78
v 2.77246 0.702455 0.78
v 2.85307 0.694557 0.78
v 2.93347 0.684724 0.78
v 3.00572 0.674566 0.78
v 3.07784 0.663524 0.78
v 3.10185 0.659703 0.78
v 3.12586 0.65583 0.78
v 3.14986 0.651915 0.78
v 3.17386 0.647955 0.78
v 3.20583 0.642511 0.78
v 3.23774 0.636742 0.78
v 3.28013 0.628275 0.78
v 3.32227 0.618544 0.78
v 3.35012 0.611114 0.78
v 3.37769 0.602718 0.78
v 3.39587 0.596474 0.78
v 3.41382 0.589622 0.78
v 3.4315 0.582066 0.78
v 3.4488 0.573697 0.78
v 3.46562 0.564391 0.78
v 3.4818 0.554008 0.78
v 3.49714 0.542399 0.78
v 3.51135 0.529427 0.78
v 3.52408 0.514996 0.78
v 3.52978 0.507227 0.78
v 3.53496 0.499104 0.78
v 3.54369 0.481947 0.78
v 3.55032 0.463885 0.78
v 3.55507 0.445244 0.78
v 3.55818 0.426269 0.78
v 3.55994 0.407104 0.78
v 3.56059 0.38786 0.78
v 3.55937 0.34938 0.78
v 3.55583 0.311046 0.78
v 3.55089 0.272927 0.78
v 3.54522 0.234915 0.78
v 3.53737 0.184277 0.78
v 3.53008 0.133547 0.78
v 3.52423 0.0825525 0.78
v 3.52211 0.0569852 0.78
v 3.52067 0.031371 0.78
v 3.52002 0.00570115 0.78
v 3.52027 -0.019975 0.78
v 3.52136 -0.0456361 0.78
v 3.52319 -0.0712569 0.78
v 3.52859 -0.122236 0.78
v 3.53562 -0.173014 0.78
v 3.54078 -0.206781 0.78
v 3.54602 -0.240536 0.78
v 3.55258 -0.28561 0.78
v 3.55628 -0.315749 0.78
v 3.55906 -0.345992 0.78
v 3.56018 -0.366206 0.78
v 3.56053 -0.386451 0.78
v 3.5599 -0.406691 0.78
v 3.55805 -0.426861 0.78
v 3.55468 -0.446841 0.78
v 3.54948 -0.466433 0.78
v 3.54214 -0.48534 0.78
v 3.53245 -0.503164 0.78
v 3.52042 -0.519501 0.78
v 3.50646 -0.534201 0.78
v 3.491 -0.547309 0.78
v 3.47443 -0.558961 0.78
v 3.45703 -0.569328 0.78
v 3.4205 -0.586887 0.78
v 3.40166 -0.594354 0.78
v 3.38256 -0.601111 0.78
v 3.34379 -0.612883 0.78
v 3.30449 -0.622833 0.78
v 3.22512 -0.639055 0.78
v 3.18523 -0.646032 0.78
v 3.14527 -0.652656 0.78
v 3.10531 -0.659147 0.78
v 3.06532 -0.665501 0.78
v 2.98525 -0.677584 0.78
v 2.90499 -0.688452 0.78
v 2.82452 -0.69762 0.78
v 2.7438 -0.704642 0.78
v 2.70337 -0.707233 0.78
v 2.66291 -0.709184 0.78
v 2.62244 -0.710534 0.78
v 2.58194 -0.711335 0.78
v 2.50094 -0.711482 0.78
v 2.41998 -0.709979 0.78
v 2.33904 -0.707145 0.78
v 2.25816 -0.703273 0.78
v 2.21774 -0.701034 0.78
v 2.17732 -0.698638 0.78
v 2.13691 -0.696113 0.78
v 2.09651 -0.69344 0.78
v 2.01576 -0.687449 0.78
v 1.87973 -0.674373 0.78
v 1.78937 -0.662714 0.78
v 1.69947 -0.647955 0.78
v 1.61025 -0.629444 0.78
v 1.55133 -0.614707 0.78
v 1.49298 -0.597842 0.78
v 1.43534 -0.578686 0.78
v 1.37856 -0.557098 0.78
v 1.32282 -0.532966 0.78
v 1.26828 -0.506215 0.78
v 1.21512 -0.476811 0.78
v 1.16352 -0.444763 0.78
v 1.10769 -0.405757 0.78
v 1.09999 0 0.78
v 3.52008 0 0.78
v 1.81408 -0.665902 0.78
v 1.81408 0.655316 0.78
v 1.81408 0 0.78
v 1.15934 -0.442003 1.18611
v 1.15934 -0.442003 0.78
v 1.21996 -0.479634 1.21681
v 1.21996 -0.479634 0.78
v 1.28181 -0.51316 1.24632
v 1.28181 -0.51316 0.78
v 1.3448 -0.54285 1.27321
v 1.3448 -0.54285 0.78
v 1.40887 -0.568974 1.29674
v 1.40887 -0.568974 0.78
v 1.47393 -0.5918 1.31673
v 1.47393 -0.5918 0.78
v 1.53992 -0.611597 1.33371
v 1.53992 -0.611597 0.78
v 1.60677 -0.628633 1.34787
v 1.60677 -0.628633 0.78
v 1.6744 -0.643177 1.35934
v 1.6744 -0.643177 0.78
v 1.74274 -0.655498 1.36851
v 1.74274 -0.655498 0.78
v 1.81172 -0.665866 1.37463
v 1.81172 -0.665866 0.78
v 1.88126 -0.674547 1.37879
v 1.88126 -0.674547 0.78
v 1.9513 -0.681813 1.38099
v 1.9513 -0.681813 0.78
v 2.02175 -0.68793 1.38168
v 2.02175 -0.68793 0.78
v 2.09255 -0.693168 1.38155
v 2.09255 -0.693168 0.78
v 2.16362 -0.697796 1.38087
v 2.16362 -0.697796 0.78
v 2.19779 -0.699869 1.38047
v 2.19779 -0.699869 0.78
v 2.23199 -0.701843 1.37994
v 2.23199 -0.701843 0.78
v 2.2662 -0.703696 1.37933
v 2.2662 -0.703696 0.78
v 2.3004 -0.705408 1.37853
v 2.3004 -0.705408 0.78
v 2.33458 -0.706956 1.37748
v 2.33458 -0.706956 0.78
v 2.36872 -0.70832 1.3763
v 2.36872 -0.70832 0.78
v 2.40281 -0.709479 1.37462
v 2.40281 -0.709479 0.78
v 2.43681 -0.710411 1.37279
v 2.43681 -0.710411 0.78
v 2.47073 -0.711096 1.37053
v 2.47073 -0.711096 0.78
v 2.50454 -0.711513 1.36786
v 2.50454 -0.711513 0.78
v 2.53822 -0.71164 1.36442
v 2.53822 -0.71164 0.78
v 2.57176 -0.711456 1.36035
v 2.57176 -0.711456 0.78
v 2.60513 -0.710941 1.35564
v 2.60513 -0.710941 0.78
v 2.63833 -0.710072 1.34923
v 2.63833 -0.710072 0.78
v 2.67133 -0.708829 1.34174
v 2.67133 -0.708829 0.78
v 2.70412 -0.707192 1.33299
v 2.70412 -0.707192 0.78
v 2.73136 -0.705508 1.32395
v 2.73136 -0.705508 0.78
v 2.75847 -0.703543 1.31318
v 2.75847 -0.703543 0.78
v 2.78552 -0.701307 1.30049
v 2.78552 -0.701307 0.78
v 2.81253 -0.69881 1.28571
v 2.81253 -0.69881 0.78
v 2.83954 -0.69606 1.26785
v 2.83954 -0.69606 0.78
v 2.86662 -0.693068 1.24717
v 2.86662 -0.693068 0.78
v 2.89378 -0.689843 1.22322
v 2.89378 -0.689843 0.78
v 2.92109 -0.686395 1.19749
v 2.92109 -0.686395 0.78
v 2.94857 -0.682734 1.1689
v 2.94857 -0.682734 0.78
v 2.97628 -0.678869 1.13894
v 2.97628 -0.678869 0.78
v 3.00426 -0.67481 1.10824
v 3.00426 -0.67481 0.78
v 3.03254 -0.670567 1.07727
v 3.03254 -0.670567 0.78
v 3.06117 -0.66615 1.04718
v 3.06117 -0.66615 0.78
v 3.0902 -0.661567 1.01848
v 3.0902 -0.661567 0.78
v 3.11967 -0.656829 0.992079
v 3.11967 -0.656829 0.78
v 3.14961 -0.651946 0.968462
v 3.14961 -0.651946 0.78
v 3.16386 -0.6496 0.95811
v 3.16386 -0.6496 0.78
v 3.17821 -0.647213 0.948294
v 3.17821 -0.647213 0.78
v 3.19262 -0.644774 0.939035
v 3.19262 -0.644774 0.78
v 3.20708 -0.642274 0.930055
v 3.20708 -0.642274 0.78
v 3.22156 -0.639701 0.921778
v 3.22156 -0.639701 0.78
v 3.23603 -0.637044 0.913651
v 3.23603 -0.637044 0.78
v 3.25047 -0.634292 0.906186
v 3.25047 -0.634292 0.78
v 3.26486 -0.631436 0.898893
v 3.26486 -0.631436 0.78
v 3.27918 -0.628464 0.892111
v 3.27918 -0.628464 0.78
v 3.29339 -0.625366 0.885563
v 3.29339 -0.625366 0.78
v 3.30748 -0.622131 0.879418
v 3.30748 -0.622131 0.78
v 3.32142 -0.618747 0.87353
v 3.32142 -0.618747 0.78
v 3.33519 -0.615206 0.867979
v 3.33519 -0.615206 0.78
v 3.34877 -0.611495 0.862673
v 3.34877 -0.611495 0.78
v 3.36212 -0.607604 0.857678
v 3.36212 -0.607604 0.78
v 3.37523 -0.603522 0.852849
v 3.37523 -0.603522 0.78
v 3.38807 -0.599239 0.848289
v 3.38807 -0.599239 0.78
v 3.40062 -0.594744 0.844054
v 3.40062 -0.594744 0.78
v 3.41285 -0.590026 0.839995
v 3.41285 -0.590026 0.78
v 3.42474 -0.585075 0.836098
v 3.42474 -0.585075 0.78
v 3.43627 -0.57988 0.832511
v 3.43627 -0.57988 0.78
v 3.44741 -0.57443 0.829069
v 3.44741 -0.57443 0.78
v 3.45814 -0.568714 0.825792
v 3.45814 -0.568714 0.78
v 3.46843 -0.562722 0.822781
v 3.46843 -0.562722 0.78
v 3.47826 -0.556443 0.819873
v 3.47826 -0.556443 0.78
v 3.48761 -0.549866 0.817213
v 3.48761 -0.549866 0.78
v 3.49645 -0.542981 0.814702
v 3.49645 -0.542981 0.78
v 3.50476 -0.535776 0.812358
v 3.50476 -0.535776 0.78
v 3.51251 -0.528242 0.810233
v 3.51251 -0.528242 0.78
v 3.51969 -0.520368 0.808215
v 3.51969 -0.520368 0.78
v 3.52626 -0.512142 0.806472
v 3.52626 -0.512142 0.78
v 3.5322 -0.503554 0.804796
v 3.5322 -0.503554 0.78
v 3.53834 -0.493022 0.8032
v 3.53834 -0.493022 0.78
v 3.54364 -0.481994 0.801737
v 3.54364 -0.481994 0.78
v 3.54812 -0.470486 0.800551
v 3.54812 -0.470486 0.78
v 3.55184 -0.458515 0.799804
v 3.55184 -0.458515 0.78
v 3.55484 -0.446096 0.799324
v 3.55484 -0.446096 0.78
v 3.55715 -0.433246 0.798843
v 3.55715 -0.433246 0.78
v 3.55883 -0.41998 0.798362
v 3.55883 -0.41998 0.78
v 3.55992 -0.406314 0.797882
v 3.55992 -0.406314 0.78
v 3.56046 -0.392264 0.797401
v 3.56046 -0.392264 0.78
v 3.56049 -0.377847 0.797247
v 3.56049 -0.377847 0.78
v 3.56005 -0.363077 0.797355
v 3.56005 -0.363077 0.78
v 3.5592 -0.347973 0.797578
v 3.5592 -0.347973 0.78
v 3.55797 -0.332548 0.797949
v 3.55797 -0.332548 0.78
v 3.5564 -0.31682 0.79832
v 3.5564 -0.31682 0.78
v 3.55454 -0.300804 0.798833
v 3.55454 -0.300804 0.78
v 3.55243 -0.284516 0.799378
v 3.55243 -0.284516 0.78
v 3.55011 -0.267972 0.799995
v 3.55011 -0.267972 0.78
v 3.54764 -0.251189 0.800664
v 3.54764 -0.251189 0.78
v 3.54504 -0.234182 0.801334
v 3.54504 -0.234182 0.78
v 3.54237 -0.216967 0.802043
v 3.54237 -0.216967 0.78
v 3.53966 -0.19956 0.802767
v 3.53966 -0.19956 0.78
v 3.53696 -0.181977 0.803491
v 3.53696 -0.181977 0.78
v 3.53432 -0.164235 0.804195
v 3.53432 -0.164235 0.78
v 3.53177 -0.146349 0.804888
v 3.53177 -0.146349 0.78
v 3.52936 -0.128335 0.805531
v 3.52936 -0.128335 0.78
v 3.52713 -0.110209 0.806135
v 3.52713 -0.110209 0.78
v 3.52513 -0.091987 0.80668
v 3.52513 -0.091987 0.78
v 3.5234 -0.0736854 0.80714
v 3.5234 -0.0736854 0.78
v 3.52197 -0.0553198 0.80755
v 3.52197 -0.0553198 0.78
v 3.5209 -0.0369065 0.807852
v 3.5209 -0.0369065 0.78
v 3.52023 -0.0184612 0.808032
v 3.52023 -0.0184612 0.78
v 3.52 -4.16334e-16 0.808091
v 3.52 -4.44089e-16 0.78
v 3.52024 0.0184611 0.808007
v 3.52024 0.0184611 0.78
v 3.52092 0.0369061 0.807818
v 3.52092 0.0369061 0.78
v 3.52199 0.0553191 0.807523
v 3.52199 0.0553191 0.78
v 3.52342 0.073684 0.807152
v 3.52342 0.073684 0.78
v 3.52516 0.091985 0.806662
v 3.52516 0.091985 0.78
v 3.52717 0.110206 0.806141
v 3.52717 0.110206 0.78
v 3.5294 0.128331 0.805517
v 3.5294 0.128331 0.78
v 3.53181 0.146344 0.804873
v 3.53181 0.146344 0.78
v 3.53437 0.164229 0.804173
v 3.53437 0.164229 0.78
v 3.53702 0.181971 0.803474
v 3.53702 0.181971 0.78
v 3.53972 0.199552 0.802751
v 3.53972 0.199552 0.78
v 3.54243 0.216958 0.802025
v 3.54243 0.216958 0.78
v 3.5451 0.234172 0.801326
v 3.5451 0.234172 0.78
v 3.5477 0.251178 0.800661
v 3.5477 0.251178 0.78
v 3.55018 0.26796 0.799997
v 3.55018 0.26796 0.78
v 3.5525 0.284503 0.799338
v 3.5525 0.284503 0.78
v 3.55461 0.30079 0.798823
v 3.55461 0.30079 0.78
v 3.55647 0.316805 0.798308
v 3.55647 0.316805 0.78
v 3.55804 0.332533 0.797898
v 3.55804 0.332533 0.78
v 3.55927 0.347957 0.797545
v 3.55927 0.347957 0.78
v 3.56013 0.363062 0.797324
v 3.56013 0.363062 0.78
v 3.56056 0.377831 0.797218
v 3.56056 0.377831 0.78
v 3.56053 0.392248 0.797235
v 3.56053 0.392248 0.78
v 3.55999 0.406298 0.797382
v 3.55999 0.406298 0.78
v 3.5589 0.419964 0.797666
v 3.5589 0.419964 0.78
v 3.55721 0.433231 0.798091
v 3.55721 0.433231 0.78
v 3.55489 0.446083 0.798727
v 3.55489 0.446083 0.78
v 3.55189 0.458503 0.799541
v 3.55189 0.458503 0.78
v 3.54816 0.470475 0.800529
v 3.54816 0.470475 0.78
v 3.54367 0.481985 0.801689
v 3.54367 0.481985 0.78
v 3.53837 0.493015 0.803157
v 3.53837 0.493015 0.78
v 3.53222 0.503549 0.804779
v 3.53222 0.503549 0.78
v 3.52627 0.512139 0.806402
v 3.52627 0.512139 0.78
v 3.51969 0.520368 0.808236
v 3.51969 0.520368 0.78
v 3.5125 0.528245 0.810211
v 3.5125 0.528245 0.78
v 3.50474 0.535782 0.812328
v 3.50474 0.535782 0.78
v 3.49642 0.54299 0.814703
v 3.49642 0.54299 0.78
v 3.48757 0.549878 0.817208
v 3.48757 0.549878 0.78
v 3.47821 0.556458 0.819864
v 3.47821 0.556458 0.78
v 3.46837 0.56274 0.8229
v 3.46837 0.56274 0.78
v 3.45806 0.568736 0.825946
v 3.45806 0.568736 0.78
v 3.44732 0.574455 0.82909
v 3.44732 0.574455 0.78
v 3.43617 0.579908 0.832657
v 3.43617 0.579908 0.78
v 3.42463 0.585107 0.836225
v 3.42463 0.585107 0.78
v 3.41273 0.590061 0.840098
v 3.41273 0.590061 0.78
v 3.40049 0.594781 0.844202
v 3.40049 0.594781 0.78
v 3.38793 0.599279 0.848382
v 3.38793 0.599279 0.78
v 3.37508 0.603564 0.853345
v 3.37508 0.603564 0.78
v 3.36197 0.607648 0.858307
v 3.36197 0.607648 0.78
v 3.34861 0.611541 0.86327
v 3.34861 0.611541 0.78
v 3.33503 0.615253 0.868233
v 3.33503 0.615253 0.78
v 3.32126 0.618796 0.873617
v 3.32126 0.618796 0.78
v 3.30731 0.62218 0.879536
v 3.30731 0.62218 0.78
v 3.29322 0.625416 0.885622
v 3.29322 0.625416 0.78
v 3.27901 0.628514 0.892241
v 3.27901 0.628514 0.78
v 3.2647 0.631486 0.898939
v 3.2647 0.631486 0.78
v 3.25031 0.634341 0.906316
v 3.25031 0.634341 0.78
v 3.23587 0.637091 0.913711
v 3.23587 0.637091 0.78
v 3.22141 0.639745 0.921908
v 3.22141 0.639745 0.78
v 3.20694 0.642316 0.930104
v 3.20694 0.642316 0.78
v 3.19249 0.644813 0.939175
v 3.19249 0.644813 0.78
v 3.17809 0.647247 0.948256
v 3.17809 0.647247 0.78
v 3.16376 0.64963 0.958285
v 3.16376 0.64963 0.78
v 3.14953 0.65197 0.968374
v 3.14953 0.65197 0.78
v 3.11963 0.65684 0.992201
v 3.11963 0.65684 0.78
v 3.09022 0.661561 1.01859
v 3.09022 0.661561 0.78
v 3.06125 0.666127 1.04711
v 3.06125 0.666127 0.78
v 3.03267 0.670528 1.07722
v 3.03267 0.670528 0.78
v 3.00444 0.674755 1.108
v 3.00444 0.674755 0.78
v 2.9765 0.678801 1.13864
v 2.9765 0.678801 0.78
v 2.94882 0.682658 1.16883
v 2.94882 0.682658 0.78
v 2.92135 0.686315 1.1972
v 2.92135 0.686315 0.78
v 2.89404 0.689766 1.22331
v 2.89404 0.689766 0.78
v 2.86683 0.693001 1.24676
v 2.86683 0.693001 0.78
v 2.8397 0.696013 1.26777
v 2.8397 0.696013 0.78
v 2.81258 0.698792 1.28562
v 2.81258 0.698792 0.78
v 2.78544 0.701331 1.3006
v 2.78544 0.701331 0.78
v 2.75822 0.70362 1.31335
v 2.75822 0.70362 0.78
v 2.73089 0.705652 1.3238
v 2.73089 0.705652 0.78
v 2.70338 0.707418 1.33298
v 2.70338 0.707418 0.78
v 2.67021 0.709174 1.34201
v 2.67021 0.709174 0.78
v 2.63677 0.71055 1.34892
v 2.63677 0.71055 0.78
v 2.60311 0.71156 1.35584
v 2.60311 0.71156 0.78
v 2.56928 0.712216 1.3608
v 2.56928 0.712216 0.78
v 2.53531 0.712531 1.36478
v 2.53531 0.712531 0.78
v 2.50126 0.712519 1.36805
v 2.50126 0.712519 0.78
v 2.46716 0.712193 1.37076
v 2.46716 0.712193 0.78
v 2.43305 0.711566 1.37304
v 2.43305 0.711566 0.78
v 2.39899 0.71065 1.37493
v 2.39899 0.71065 0.78
v 2.36501 0.70946 1.37643
v 2.36501 0.70946 0.78
v 2.33116 0.708007 1.37764
v 2.33116 0.708007 0.78
v 2.29748 0.706306 1.37862
v 2.29748 0.706306 0.78
v 2.26401 0.704369 1.37939
v 2.26401 0.704369 0.78
v 2.2308 0.70221 1.37999
v 2.2308 0.70221 0.78
v 2.19788 0.699841 1.38047
v 2.19788 0.699841 0.78
v 2.16532 0.697276 1.38085
v 2.16532 0.697276 0.78
v 2.13024 0.694268 1.38122
v 2.13024 0.694268 0.78
v 2.09554 0.691036 1.38153
v 2.09554 0.691036 0.78
v 2.06111 0.687573 1.38173
v 2.06111 0.687573 0.78
v 2.02686 0.683872 1.38174
v 2.02686 0.683872 0.78
v 1.99269 0.679926 1.38157
v 1.99269 0.679926 0.78
v 1.95853 0.675728 1.38114
v 1.95853 0.675728 0.78
v 1.92427 0.671273 1.38005
v 1.92427 0.671273 0.78
v 1.88982 0.666552 1.37886
v 1.88982 0.666552 0.78
v 1.85509 0.661559 1.37758
v 1.85509 0.661559 0.78
v 1.81999 0.656288 1.37522
v 1.81999 0.656288 0.78
v 1.78442 0.650731 1.37263
v 1.78442 0.650731 0.78
v 1.7483 0.644882 1.36913
v 1.7483 0.644882 0.78
v 1.71152 0.638734 1.36464
v 1.71152 0.638734 0.78
v 1.67399 0.63228 1.35959
v 1.67399 0.63228 0.78
v 1.63563 0.625514 1.35319
v 1.63563 0.625514 0.78
v 1.59634 0.618428 1.34612
v 1.59634 0.618428 0.78
v 1.57862 0.615183 1.34231
v 1.57862 0.615183 0.78
v 1.56074 0.611861 1.3385
v 1.56074 0.611861 0.78
v 1.54271 0.608449 1.33469
v 1.54271 0.608449 0.78
v 1.52459 0.604934 1.33008
v 1.52459 0.604934 0.78
v 1.50639 0.601303 1.3254
v 1.50639 0.601303 0.78
v 1.48816 0.597543 1.32072
v 1.48816 0.597543 0.78
v 1.46991 0.593641 1.31567
v 1.46991 0.593641 0.78
v 1.4517 0.589583 1.31029
v 1.4517 0.589583 0.78
v 1.43354 0.585358 1.30474
v 1.43354 0.585358 0.78
v 1.41548 0.580951 1.29881
v 1.41548 0.580951 0.78
v 1.39754 0.57635 1.29284
v 1.39754 0.57635 0.78
v 1.37975 0.571542 1.28641
v 1.37975 0.571542 0.78
v 1.36216 0.566513 1.27999
v 1.36216 0.566513 0.78
v 1.34478 0.561252 1.27317
v 1.34478 0.561252 0.78
v 1.32766 0.555744 1.2663
v 1.32766 0.555744 0.78
v 1.31083 0.549977 1.25923
v 1.31083 0.549977 0.78
v 1.29431 0.543937 1.25204
v 1.29431 0.543937 0.78
v 1.27815 0.537612 1.24473
v 1.27815 0.537612 0.78
v 1.26236 0.530989 1.23741
v 1.26236 0.530989 0.78
v 1.247 0.524055 1.23008
v 1.247 0.524055 0.78
v 1.23208 0.516796 1.22286
v 1.23208 0.516796 0.78
v 1.21764 0.509199 1.21572
v 1.21764 0.509199 0.78
v 1.20372 0.501253 1.20875
v 1.20372 0.501253 0.78
v 1.19034 0.492942 1.20198
v 1.19034 0.492942 0.78
v 1.17754 0.484256 1.19544
v 1.17754 0.484256 0.78
v 1.16535 0.47518 1.1892
v 1.16535 0.47518 0.78
v 1.1538 0.465701 1.1833
v 1.1538 0.465701 0.78
v 1.14292 0.455807 1.17772
v 1.14292 0.455807 0.78
v 1.13276 0.445484 1.1725
v 1.13276 0.445484 0.78
v 1.12333 0.43472 1.16763
v 1.12333 0.43472 0.78
v 1.11468 0.423501 1.16317
v 1.11468 0.423501 0.78
v 1.10684 0.411815 1.15922
v 1.10684 0.411815 0.78
v 1.09615 0.392457 1.15374
v 1.09615 0.392457 0.78
v 1.08741 0.37198 1.14929
v 1.08741 0.37198 0.78
v 1.08049 0.350459 1.14585
v 1.08049 0.350459 0.78
v 1.07527 0.327965 1.14336
v 1.07527 0.327965 0.78
v 1.07161 0.304572 1.14149
v 1.07161 0.304572 0.78
v 1.06939 0.280352 1.14046
v 1.06939 0.280352 0.78
v 1.06849 0.25538 1.13988
v 1.06849 0.25538 0.78
v 1.06877 0.229728 1.14005
v 1.06877 0.229728 0.78
v 1.07011 0.203468 1.14094
v 1.07011 0.203468 0.78
v 1.07237 0.176675 1.14215
v 1.07237 0.176675 0.78
v 1.07544 0.149421 1.14336
v 1.07544 0.149421 0.78
v 1.07919 0.121779 1.14521
v 1.07919 0.121779 0.78
v 1.08349 0.0938221 1.14735
v 1.08349 0.0938221 0.78
v 1.0882 0.0656237 1.1497
v 1.0882 0.0656237 0.78
v 1.09321 0.0372566 1.1523
v 1.09321 0.0372566 0.78
v 1.09839 0.00879395 1.1549
v 1.09839 0.00879395 0.78
v 1.1036 -0.0196913 1.1575
v 1.1036 -0.0196913 0.78
v 1.10873 -0.048126 1.16004
v 1.10873 -0.048126 0.78
v 1.11364 -0.0764372 1.16252
v 1.11364 -0.0764372 0.78
v 1.11821 -0.104552 1.16491
v 1.11821 -0.104552 0.78
v 1.12231 -0.132397 1.16699
v 1.12231 -0.132397 0.78
v 1.12582 -0.159899 1.1688
v 1.12582 -0.159899 0.78
v 1.1286 -0.186985 1.17021
v 1.1286 -0.186985 0.78
v 1.13052 -0.213583 1.17124
v 1.13052 -0.213583 0.78
v 1.13147 -0.239619 1.17173
v 1.13147 -0.239619 0.78
v 1.13131 -0.265019 1.17167
v 1.13131 -0.265019 0.78
v 1.12992 -0.289712 1.17092
v 1.12992 -0.289712 0.78
v 1.12717 -0.313624 1.16948
v 1.12717 -0.313624 0.78
v 1.12293 -0.336682 1.1673
v 1.12293 -0.336682 0.78
v 1.11707 -0.358812 1.16431
v 1.11707 -0.358812 0.78
v 1.10947 -0.379943 1.16044
v 1.10947 -0.379943 0.78
vn -0.897988 -0.151066 0.413274
vn -0.654075 -0.50963 0.558984
vn -0.645498 -0.519107 0.560233
vn -0.614116 -0.546564 0.569323
vn -0.594147 -0.560419 0.576992
vn -0.570941 -0.574306 0.586685
vn -0.544187 -0.588173 0.598258
vn -0.52939 -0.595077 0.604673
vn -0.513982 -0.601875 0.611203
vn -0.482792 -0.61484 0.623605
vn -0.451267 -0.626903 0.635099
vn -0.387894 -0.648158 0.655309
vn -0.325527 -0.665416 0.671754
vn -0.265584 -0.678831 0.684583
vn -0.209057 -0.68883 0.694124
vn -0.182317 -0.692718 0.697783
vn -0.157019 -0.695943 0.70072
vn -0.113175 -0.700596 0.704526
vn -0.078925 -0.70342 0.706379
vn -0.0545086 -0.705005 0.707105
vn -0.046019 -0.705474 0.70724
vn -0.0400078 -0.705786 0.707295
vn -0.0364237 -0.70597 0.707304
vn -0.0328541 -0.706133 0.707317
vn -0.024555 -0.70645 0.707337
vn -0.0124482 -0.70682 0.707284
vn 0.00343625 -0.70717 0.707035
vn 0.0230247 -0.707404 0.706434
vn 0.0380841 -0.707439 0.705748
vn 0.0557692 -0.707335 0.704675
vn 0.0877615 -0.706863 0.701886
vn 0.130002 -0.705742 0.696439
vn 0.183089 -0.703618 0.686586
vn 0.247323 -0.700079 0.669866
vn 0.283184 -0.697717 0.658025
vn 0.320937 -0.695019 0.643388
vn 0.360221 -0.692011 0.625589
vn 0.400473 -0.688747 0.604358
vn 0.420758 -0.687039 0.592402
vn 0.440795 -0.685306 0.579703
vn 0.476401 -0.681977 0.554931
vn 0.505967 -0.678908 0.532054
vn 0.530164 -0.676122 0.511649
vn 0.565071 -0.671428 0.479458
vn 0.585739 -0.667834 0.459246
vn 0.595187 -0.665248 0.450775
vn 0.592517 -0.663299 0.45712
vn 0.580775 -0.663007 0.472358
vn 0.567892 -0.663321 0.487344
vn 0.550336 -0.6641 0.506065
vn 0.5396 -0.664682 0.516748
vn 0.527802 -0.665377 0.527919
vn 0.504186 -0.66681 0.548781
vn 0.482292 -0.667619 0.567169
vn 0.463002 -0.667605 0.583038
vn 0.446822 -0.666729 0.596509
vn 0.434241 -0.664897 0.607739
vn 0.425754 -0.661942 0.616901
vn 0.421906 -0.657591 0.624155
vn 0.423334 -0.651413 0.629642
vn 0.430829 -0.642739 0.633461
vn 0.43968 -0.635073 0.635109
vn 0.452033 -0.625395 0.636041
vn 0.468309 -0.613087 0.636247
vn 0.488977 -0.597309 0.635707
vn 0.514508 -0.576908 0.634396
vn 0.545282 -0.550337 0.632295
vn 0.581368 -0.515602 0.629417
vn 0.622149 -0.470367 0.625849
vn 0.665766 -0.412441 0.62181
vn 0.708664 -0.340925 0.61771
vn 0.743373 -0.264267 0.614458
vn 0.766634 -0.192974 0.612399
vn 0.792043 -0.00355646 0.610455
vn 0.79176 0.0212215 0.610464
vn 0.790962 0.0412321 0.610475
vn 0.788989 0.0699308 0.610415
vn 0.787454 0.0870741 0.610192
vn 0.786755 0.0966613 0.60965
vn 0.787601 0.0944483 0.608903
vn 0.788848 0.0873678 0.608347
vn 0.790446 0.0760967 0.607787
vn 0.792186 0.0606886 0.607255
vn 0.793781 0.0410955 0.606814
vn 0.794415 0.0296839 0.606649
vn 0.794871 0.0171754 0.606535
vn 0.795089 0.00355144 0.606483
vn 0.795012 -0.0105735 0.606501
vn 0.794112 -0.0356225 0.606727
vn 0.7926 -0.0563162 0.607136
vn 0.790859 -0.072792 0.607654
vn 0.789198 -0.085113 0.608213
vn 0.787495 -0.0949975 0.608956
vn 0.786742 -0.09695 0.609621
vn 0.787649 -0.0848714 0.610251
vn 0.789415 -0.0646177 0.610449
vn 0.790821 -0.0437569 0.610482
vn 0.79162 -0.0256988 0.610474
vn 0.792037 -0.00362555 0.610462
vn 0.791693 0.0231854 0.610479
vn 0.790005 0.0555505 0.610578
vn 0.786115 0.0943063 0.610844
vn 0.778815 0.140135 0.6114
vn 0.766557 0.193241 0.612412
vn 0.747638 0.252875 0.614077
vn 0.720708 0.316895 0.616569
vn 0.704106 0.349461 0.618152
vn 0.686214 0.380618 0.619871
vn 0.649286 0.435717 0.623361
vn 0.612976 0.481182 0.626677
vn 0.579092 0.517921 0.629611
vn 0.548607 0.547309 0.632047
vn 0.498883 0.589546 0.635257
vn 0.463456 0.616763 0.636249
vn 0.440156 0.63472 0.635133
vn 0.421947 0.655102 0.62674
vn 0.424121 0.660719 0.619331
vn 0.432407 0.664419 0.609566
vn 0.446007 0.666642 0.597215
vn 0.464205 0.667643 0.582037
vn 0.486314 0.667555 0.563799
vn 0.511599 0.666427 0.542348
vn 0.538291 0.664818 0.517938
vn 0.560904 0.663672 0.4949
vn 0.57723 0.663145 0.476492
vn 0.58815 0.663156 0.46293
vn 0.595356 0.663907 0.452524
vn 0.594852 0.665428 0.45095
vn 0.581978 0.668623 0.462865
vn 0.564494 0.671531 0.479993
vn 0.538139 0.675113 0.504607
vn 0.500699 0.679407 0.536383
vn 0.477009 0.681816 0.554607
vn 0.4496 0.684383 0.574003
vn 0.41851 0.687068 0.593959
vn 0.386691 0.689692 0.612205
vn 0.355259 0.692182 0.628231
vn 0.324527 0.694508 0.642138
vn 0.266161 0.698582 0.664185
vn 0.213176 0.701789 0.679741
vn 0.127171 0.705613 0.697093
vn 0.0940393 0.706572 0.701365
vn 0.0670442 0.70711 0.703918
vn 0.0459105 0.707359 0.705362
vn 0.0286425 0.707412 0.70622
vn 0.012802 0.707307 0.706791
vn -0.00159182 0.707074 0.707137
vn -0.0145161 0.706745 0.70732
vn -0.0259709 0.706344 0.707392
vn -0.0359633 0.705896 0.707401
vn -0.044513 0.705422 0.707389
vn -0.0510101 0.704986 0.707385
vn -0.0571363 0.704514 0.707386
vn -0.0645719 0.703927 0.707331
vn -0.0733342 0.703208 0.707192
vn -0.0869414 0.702033 0.706817
vn -0.102568 0.700601 0.706143
vn -0.139133 0.696986 0.703458
vn -0.166904 0.694074 0.700289
vn -0.181681 0.69249 0.698176
vn -0.19669 0.690857 0.695722
vn -0.226423 0.687561 0.689922
vn -0.255935 0.68426 0.682851
vn -0.288727 0.679957 0.674014
vn -0.32922 0.672815 0.662521
vn -0.360193 0.666084 0.653141
vn -0.394324 0.657336 0.642198
vn -0.431695 0.646017 0.629525
vn -0.472459 0.631358 0.614955
vn -0.500635 0.619374 0.604765
vn -0.528778 0.605321 0.594962
vn -0.557275 0.588649 0.585609
vn -0.586572 0.568609 0.576729
vn -0.606775 0.552899 0.571075
vn -0.627674 0.534877 0.565625
vn -0.649373 0.514096 0.560375
vn -0.671922 0.490037 0.555324
vn -0.695279 0.462124 0.55048
vn -0.719254 0.429769 0.545869
vn -0.743446 0.392458 0.541539
vn -0.767199 0.349895 0.537567
vn -0.789489 0.302442 0.534074
vn -0.807989 0.254495 0.531401
vn -0.822219 0.208667 0.529541
vn -0.832632 0.166085 0.528338
vn -0.839872 0.127392 0.527623
vn -0.847545 0.0621532 0.527071
vn -0.849775 0.0119813 0.527009
vn -0.849478 -0.0259119 0.526988
vn -0.846859 -0.074987 0.526505
vn -0.845722 -0.0897033 0.526031
vn -0.844998 -0.0993986 0.525451
vn -0.845446 -0.104672 0.523704
vn -0.847594 -0.092181 0.522577
vn -0.849651 -0.0756034 0.521898
vn -0.851136 -0.0600567 0.521499
vn -0.85251 -0.0401397 0.521168
vn -0.853213 -0.0239983 0.52101
vn -0.853584 -0.00518663 0.52093
vn -0.853415 0.0166751 0.520965
vn -0.852417 0.0420067 0.521173
vn -0.85019 0.0712429 0.521634
vn -0.846201 0.10478 0.522461
vn -0.839771 0.142885 0.523803
vn -0.830093 0.185559 0.525845
vn -0.816321 0.23237 0.528796
vn 0.264353 -0 0.964426
vn -0.453144 -0 0.891437
vn 0.256049 -0 0.966664
vn 0.256049 -0 0.966664
vn 0.256049 -0 0.966664
vn 0.256049 -0 0.966664
vn 0.257473 -0 0.966286
vn 0.257473 -0 0.966286
vn 0.257473 -0 0.966286
vn 0.257473 -0 0.966286
vn 0.258905 -0 0.965903
vn 0.258905 -0 0.965903
vn 0.258905 -0 0.965903
vn 0.258905 -0 0.965903
vn 0.260346 -0 0.965515
vn 0.260346 -0 0.965515
vn 0.260346 -0 0.965515
vn 0.260346 -0 0.965515
vn 0.261795 -0 0.965124
vn 0.261795 -0 0.965124
vn 0.261795 -0 0.965124
vn 0.261795 -0 0.965124
vn 0.269292 -0 0.963059
vn 0.269292 -0 0.963059
vn 0.279046 -0 0.960278
vn 0.279046 -0 0.960278
vn 0.291051 -0 0.956708
vn 0.291051 -0 0.956708
vn 0.305302 -0 0.952256
vn 0.305302 -0 0.952256
vn 0.321797 -0 0.946809
vn 0.321797 -0 0.946809
vn 0.340531 -0 0.940233
vn 0.340531 -0 0.940233
vn 0.361489 -0 0.932376
vn 0.361489 -0 0.932376
vn 0.384644 -0 0.923065
vn 0.384644 -0 0.923065
vn 0.409948 -0 0.912109
vn 0.409948 -0 0.912109
vn 0.437325 -0 0.899303
vn 0.437325 -0 0.899303
vn 0.466665 -0 0.884434
vn 0.466665 -0 0.884434
vn 0.497815 -0 0.867283
vn 0.497815 -0 0.867283
vn 0.530571 -0 0.84764
vn 0.530571 -0 0.84764
vn 0.564677 -0 0.825312
vn 0.564677 -0 0.825312
vn 0.599815 -0 0.800139
vn 0.599815 -0 0.800139
vn 0.635614 -0 0.772007
vn 0.635614 -0 0.772007
vn 0.666666 -0 0.745357
vn 0.666666 -0 0.745357
vn 0.691617 -0 0.722264
vn 0.691617 -0 0.722264
vn 0.711044 -0 0.703147
vn 0.711044 -0 0.703147
vn 0.725451 -0 0.688274
vn 0.725451 -0 0.688274
vn 0.735237 -0 0.67781
vn 0.735237 -0 0.67781
vn 0.740682 -0 0.671856
vn 0.740682 -0 0.671856
vn 0.741939 -0 0.670468
vn 0.741939 -0 0.670468
vn 0.739027 -0 0.673676
vn 0.739027 -0 0.673676
vn 0.731832 -0 0.681486
vn 0.731832 -0 0.681486
vn 0.720103 -0 0.693867
vn 0.720103 -0 0.693867
vn 0.703456 -0 0.710739
vn 0.703456 -0 0.710739
vn 0.681378 -0 0.731932
vn 0.681378 -0 0.731932
vn 0.653247 -0 0.757144
vn 0.653247 -0 0.757144
vn 0.618374 -0 0.785884
vn 0.618374 -0 0.785884
vn 0.576066 -0 0.817403
vn 0.576066 -0 0.817403
vn 0.52574 -0 0.850645
vn 0.52574 -0 0.850645
vn 0.480395 -0 0.877052
vn 0.480395 -0 0.877052
vn 0.436376 -0 0.899764
vn 0.436376 -0 0.899764
vn 0.394142 -0 0.919049
vn 0.394142 -0 0.919049
vn 0.35405 -0 0.935227
vn 0.35405 -0 0.935227
vn 0.316355 -0 0.948641
vn 0.316355 -0 0.948641
vn 0.281228 -0 0.959641
vn 0.281228 -0 0.959641
vn 0.248767 -0 0.968563
vn 0.248767 -0 0.968563
vn 0.219016 -0 0.975721
vn 0.219016 -0 0.975721
vn 0.191973 -0 0.9814
vn 0.191973 -0 0.9814
vn 0.16761 -0 0.985853
vn 0.16761 -0 0.985853
vn 0.14588 -0 0.989302
vn 0.14588 -0 0.989302
vn 0.126727 -0 0.991938
vn 0.126727 -0 0.991938
vn 0.110094 -0 0.993921
vn 0.110094 -0 0.993921
vn 0.0959275 -0 0.995388
vn 0.0959275 -0 0.995388
vn 0.0841823 -0 0.99645
vn 0.0841823 -0 0.99645
vn 0.0748258 -0 0.997197
vn 0.0748258 -0 0.997197
vn 0.060632 -0 0.99816
vn 0.060632 -0 0.99816
vn 0.0481055 -0 0.998842
vn 0.0481055 -0 0.998842
vn 0.0373102 -0 0.999304
vn 0.0373102 -0 0.999304
vn 0.0282967 -0 0.9996
vn 0.0282967 -0 0.9996
vn 0.021104 -0 0.999777
vn 0.021104 -0 0.999777
vn 0.0157597 -0 0.999876
vn 0.0157597 -0 0.999876
vn 0.0122809 -0 0.999925
vn 0.0122809 -0 0.999925
vn 0.0106748 -0 0.999943
vn 0.0106748 -0 0.999943
vn 0.00825909 -0 0.999966
vn 0.00825909 -0 0.999966
vn 0.00260813 -0 0.999997
vn 0.00260813 -0 0.999997
vn -0.00627064 -0 0.99998
vn -0.00627064 -0 0.99998
vn -0.0183726 -0 0.999831
vn -0.0183726 -0 0.999831
vn -0.0336915 -0 0.999432
vn -0.0336915 -0 0.999432
vn -0.0522144 -0 0.998636
vn -0.0522144 -0 0.998636
vn -0.0739138 -0 0.997265
vn -0.0739138 -0 0.997265
vn -0.0987399 -0 0.995113
vn -0.0987399 -0 0.995113
vn -0.114238 -0 0.993453
vn -0.114238 -0 0.993453
vn -0.130028 -0 0.99151
vn -0.130028 -0 0.99151
vn -0.146119 -0 0.989267
vn -0.146119 -0 0.989267
vn -0.162524 -0 0.986705
vn -0.162524 -0 0.986705
vn -0.179253 -0 0.983803
vn -0.179253 -0 0.983803
vn -0.196314 -0 0.980541
vn -0.196314 -0 0.980541
vn -0.213716 -0 0.976896
vn -0.213716 -0 0.976896
vn -0.231466 -0 0.972843
vn -0.231466 -0 0.972843
vn -0.24957 -0 0.968357
vn -0.24957 -0 0.968357
vn -0.26803 -0 0.963411
vn -0.26803 -0 0.963411
vn -0.28685 -0 0.957975
vn -0.28685 -0 0.957975
vn -0.30603 -0 0.952022
vn -0.30603 -0 0.952022
vn -0.325566 -0 0.945519
vn -0.325566 -0 0.945519
vn -0.345454 -0 0.938436
vn -0.345454 -0 0.938436
vn -0.365687 -0 0.930738
vn -0.365687 -0 0.930738
vn -0.386253 -0 0.922393
vn -0.386253 -0 0.922393
vn -0.404885 -0 0.914368
vn -0.404885 -0 0.914368
vn -0.420642 -0 0.907227
vn -0.420642 -0 0.907227
vn -0.43356 -0 0.901125
vn -0.43356 -0 0.901125
vn -0.443679 -0 0.896186
vn -0.443679 -0 0.896186
vn -0.451037 -0 0.892505
vn -0.451037 -0 0.892505
vn -0.455671 -0 0.890148
vn -0.455671 -0 0.890148
vn -0.457604 -0 0.889156
vn -0.457604 -0 0.889156
vn -0.456854 -0 0.889542
vn -0.456854 -0 0.889542
vn -0.456854 -0 0.889542
vn -0.456854 -0 0.889542
vn -0.453423 -0 0.891295
vn -0.453423 -0 0.891295
vn -0.453423 -0 0.891295
vn -0.453423 -0 0.891295
vn -0.447308 -0 0.89438
vn -0.447308 -0 0.89438
vn 0.269292 -0 0.963059
vn 0.279046 -0 0.960278
vn 0.291051 -0 0.956708
vn 0.305302 -0 0.952256
vn 0.321797 -0 0.946809
vn 0.340531 -0 0.940233
vn 0.361489 -0 0.932376
vn 0.384644 -0 0.923065
vn 0.409948 -0 0.912109
vn 0.437325 -0 0.899303
vn 0.466665 -0 0.884434
vn 0.497815 -0 0.867283
vn 0.530571 -0 0.84764
vn 0.564677 -0 0.825312
vn 0.599815 -0 0.800139
vn 0.635614 -0 0.772007
vn 0.666666 -0 0.745357
vn 0.691617 -0 0.722264
vn 0.711044 -0 0.703147
vn 0.725451 -0 0.688274
vn 0.735237 -0 0.67781
vn 0.740682 -0 0.671856
vn 0.741939 -0 0.670468
vn 0.739027 -0 0.673676
vn 0.731832 -0 0.681486
vn 0.720103 -0 0.693867
vn 0.703456 -0 0.710739
vn 0.681378 -0 0.731932
vn 0.653247 -0 0.757144
vn 0.618374 -0 0.785884
vn 0.576066 -0 0.817403
vn 0.52574 -0 0.850645
vn 0.480395 -0 0.877052
vn 0.436376 -0 0.899764
vn 0.394142 -0 0.919049
vn 0.35405 -0 0.935227
vn 0.316355 -0 0.948641
vn 0.281228 -0 0.959641
vn 0.248767 -0 0.968563
vn 0.219016 -0 0.975721
vn 0.191973 -0 0.9814
vn 0.16761 -0 0.985853
vn 0.14588 -0 0.989302
vn 0.126727 -0 0.991938
vn 0.110094 -0 0.993921
vn 0.0959275 -0 0.995388
vn 0.0841823 -0 0.99645
vn 0.0748258 -0 0.997197
vn 0.060632 -0 0.99816
vn 0.0481055 -0 0.998842
vn 0.0373102 -0 0.999304
vn 0.0282967 -0 0.9996
vn 0.021104 -0 0.999777
vn 0.0157597 -0 0.999876
vn 0.0122809 -0 0.999925
vn 0.0106748 -0 0.999943
vn 0.00825909 -0 0.999966
vn 0.00260813 -0 0.999997
vn -0.00627064 -0 0.99998
vn -0.0183726 -0 0.999831
vn -0.0336915 -0 0.999432
vn -0.0522144 -0 0.998636
vn -0.0739138 -0 0.997265
vn -0.0987399 -0 0.995113
vn -0.114238 -0 0.993453
vn -0.130028 -0 0.99151
vn -0.146119 -0 0.989267
vn -0.162524 -0 0.986705
vn -0.179253 -0 0.983803
vn -0.196314 -0 0.980541
vn -0.213716 -0 0.976896
vn -0.231466 -0 0.972843
vn -0.24957 -0 0.968357
vn -0.26803 -0 0.963411
vn -0.28685 -0 0.957975
vn -0.30603 -0 0.952022
vn -0.325566 -0 0.945519
vn -0.345454 -0 0.938436
vn -0.365687 -0 0.930738
vn -0.386253 -0 0.922393
vn -0.404885 -0 0.914368
vn -0.420642 -0 0.907227
vn -0.43356 -0 0.901125
vn -0.443679 -0 0.896186
vn -0.451037 -0 0.892505
vn -0.455671 -0 0.890148
vn -0.457604 -0 0.889156
vn -0.456854 -0 0.889542
vn -0.453423 -0 0.891295
vn -0.815847 -0.17916 -0.549814
vn -0.634726 0.311645 -0.707107
vn -0.658786 0.256906 -0.707107
vn -0.676573 0.205546 -0.707107
vn -0.697473 0.116323 -0.707107
vn -0.705592 0.0462618 -0.707107
vn -0.70707 -0.00720221 -0.707107
vn -0.705517 -0.0473956 -0.707107
vn -0.700175 -0.0987684 -0.707107
vn -0.697907 -0.113693 -0.707107
vn -0.696333 -0.122964 -0.707107
vn -0.696225 -0.123573 -0.707107
vn -0.69939 -0.104184 -0.707107
vn -0.702508 -0.0805184 -0.707107
vn -0.704663 -0.0587351 -0.707107
vn -0.706425 -0.0310331 -0.707107
vn -0.707054 -0.00866635 -0.707107
vn -0.706894 0.0173357 -0.707107
vn -0.705512 0.0474668 -0.707107
vn -0.702309 0.0822339 -0.707107
vn -0.696487 0.122092 -0.707107
vn -0.687024 0.167327 -0.707107
vn -0.672703 0.217878 -0.707107
vn -0.652238 0.273104 -0.707107
vn -0.624543 0.331581 -0.707107
vn -0.589302 0.390798 -0.707107
vn -0.550249 0.444101 -0.707107
vn -0.510472 0.489304 -0.707107
vn -0.471675 0.526805 -0.707107
vn -0.400837 0.58252 -0.707107
vn -0.341507 0.619171 -0.707107
vn -0.293148 0.643478 -0.707107
vn -0.25398 0.65992 -0.707107
vn -0.222269 0.671265 -0.707107
vn -0.175809 0.684902 -0.707107
vn -0.159167 0.68896 -0.707107
vn -0.146114 0.691846 -0.707107
vn -0.13634 0.693838 -0.707107
vn -0.129707 0.695109 -0.707107
vn -0.126245 0.695746 -0.707107
vn -0.123613 0.696218 -0.707107
vn -0.120586 0.696749 -0.707107
vn -0.117143 0.697336 -0.707107
vn -0.108964 0.698661 -0.707107
vn -0.0991145 0.700126 -0.707107
vn -0.0878932 0.701623 -0.707107
vn -0.0758546 0.703026 -0.707107
vn -0.0637093 0.704231 -0.707107
vn -0.051979 0.705194 -0.707107
vn -0.039922 0.705979 -0.707107
vn -0.0271196 0.706587 -0.707107
vn -0.0132674 0.706982 -0.707107
vn 0.00198977 0.707104 -0.707107
vn 0.0190891 0.706849 -0.707107
vn 0.0285037 0.706532 -0.707107
vn 0.038608 0.706052 -0.707107
vn 0.049208 0.705392 -0.707107
vn 0.0594384 0.704604 -0.707107
vn 0.0779719 0.702795 -0.707107
vn 0.093069 0.700955 -0.707107
vn 0.103267 0.699525 -0.707107
vn 0.110251 0.698459 -0.707107
vn 0.111914 0.698194 -0.707107
vn 0.11327 0.697976 -0.707107
vn 0.114338 0.697801 -0.707107
vn 0.116259 0.697484 -0.707107
vn 0.121713 0.696553 -0.707107
vn 0.130455 0.694969 -0.707107
vn 0.14758 0.691535 -0.707107
vn 0.172001 0.685868 -0.707107
vn 0.193271 0.680181 -0.707107
vn 0.219533 0.672165 -0.707107
vn 0.240388 0.664992 -0.707107
vn 0.264432 0.655802 -0.707107
vn 0.292186 0.643916 -0.707107
vn 0.324227 0.628392 -0.707107
vn 0.361132 0.607934 -0.707107
vn 0.403339 0.580791 -0.707107
vn 0.450868 0.544718 -0.707107
vn 0.502845 0.497139 -0.707107
vn 0.55688 0.435757 -0.707107
vn 0.583404 0.399549 -0.707107
vn 0.608464 0.360238 -0.707107
vn 0.648774 0.281235 -0.707107
vn 0.67598 0.207488 -0.707107
vn 0.692559 0.142697 -0.707107
vn 0.70161 0.0879936 -0.707107
vn 0.705807 0.0428519 -0.707107
vn 0.70708 0.00614466 -0.707107
vn 0.705541 -0.0470276 -0.707107
vn 0.702538 -0.0802492 -0.707107
vn 0.700093 -0.0993499 -0.707107
vn 0.698819 -0.107943 -0.707107
vn 0.699037 -0.106521 -0.707107
vn 0.701024 -0.0925514 -0.707107
vn 0.703943 -0.066817 -0.707107
vn 0.70537 -0.0495292 -0.707107
vn 0.706503 -0.029207 -0.707107
vn 0.707083 -0.00574935 -0.707107
vn 0.706853 0.0189574 -0.707107
vn 0.705936 0.0406797 -0.707107
vn 0.704613 0.0593281 -0.707107
vn 0.701654 0.0876413 -0.707107
vn 0.699376 0.104273 -0.707107
vn 0.69871 0.108646 -0.707107
vn 0.698947 0.107113 -0.707107
vn 0.700802 0.0942162 -0.707107
vn 0.702903 0.0769869 -0.707107
vn 0.705288 0.0506823 -0.707107
vn 0.706601 0.0267375 -0.707107
vn 0.707097 -0.00362706 -0.707107
vn 0.705871 -0.0417912 -0.707107
vn 0.701447 -0.0892867 -0.707107
vn 0.691555 -0.147485 -0.707107
vn 0.673028 -0.216872 -0.707107
vn 0.642244 -0.295842 -0.707107
vn 0.596619 -0.379533 -0.707107
vn 0.540845 -0.455507 -0.707107
vn 0.484191 -0.515324 -0.707107
vn 0.430959 -0.560601 -0.707107
vn 0.383211 -0.594263 -0.707107
vn 0.34145 -0.619202 -0.707107
vn 0.27427 -0.651749 -0.707107
vn 0.247605 -0.662338 -0.707107
vn 0.224671 -0.670465 -0.707107
vn 0.18788 -0.68169 -0.707107
vn 0.16057 -0.688634 -0.707107
vn 0.126593 -0.695682 -0.707107
vn 0.117888 -0.69721 -0.707107
vn 0.114286 -0.69781 -0.707107
vn 0.112304 -0.698132 -0.707107
vn 0.109462 -0.698583 -0.707107
vn 0.100896 -0.699871 -0.707107
vn 0.0881528 -0.70159 -0.707107
vn 0.0712542 -0.703508 -0.707107
vn 0.0508034 -0.705279 -0.707107
vn 0.039595 -0.705997 -0.707107
vn 0.0286525 -0.706526 -0.707107
vn 0.0186364 -0.706861 -0.707107
vn 0.00948735 -0.707043 -0.707107
vn -0.00640897 -0.707078 -0.707107
vn -0.019378 -0.706841 -0.707107
vn -0.0296889 -0.706483 -0.707107
vn -0.0375337 -0.70611 -0.707107
vn -0.0405729 -0.705942 -0.707107
vn -0.0430367 -0.705796 -0.707107
vn -0.0452468 -0.705658 -0.707107
vn -0.0482582 -0.705458 -0.707107
vn -0.0569803 -0.704807 -0.707107
vn -0.0801299 -0.702552 -0.707107
vn -0.101675 -0.699759 -0.707107
vn -0.128252 -0.695379 -0.707107
vn -0.159855 -0.688801 -0.707107
vn -0.18361 -0.682852 -0.707107
vn -0.209363 -0.675402 -0.707107
vn -0.236894 -0.666244 -0.707107
vn -0.265906 -0.655205 -0.707107
vn -0.296016 -0.642164 -0.707107
vn -0.326774 -0.627072 -0.707107
vn -0.35768 -0.609971 -0.707107
vn -0.388221 -0.591003 -0.707107
vn -0.421422 -0.567806 -0.707107
vn -2.22877e-16 0 -1
vn -8.65974e-17 0 -1
vn -1.66117e-16 0 -1
vn -1.04916e-16 0 -1
vn -8.9373e-17 0 -1
vn -0.552545 -0.833483 0
vn -0.552545 -0.833483 0
vn -0.501815 -0.864975 0
vn -0.501815 -0.864975 0
vn -0.451191 -0.892427 0
vn -0.451191 -0.892427 0
vn -0.401588 -0.91582 0
vn -0.401588 -0.91582 0
vn -0.353835 -0.935308 0
vn -0.353835 -0.935308 0
vn -0.308634 -0.951181 0
vn -0.308634 -0.951181 0
vn -0.26654 -0.963824 0
vn -0.26654 -0.963824 0
vn -0.227963 -0.97367 0
vn -0.227963 -0.97367 0
vn -0.193182 -0.981163 0
vn -0.193182 -0.981163 0
vn -0.162362 -0.986731 0
vn -0.162362 -0.986731 0
vn -0.135584 -0.990766 0
vn -0.135584 -0.990766 0
vn -0.112865 -0.99361 0
vn -0.112865 -0.99361 0
vn -0.094182 -0.995555 0
vn -0.094182 -0.995555 0
vn -0.0794895 -0.996836 0
vn -0.0794895 -0.996836 0
vn -0.0687332 -0.997635 0
vn -0.0687332 -0.997635 0
vn -0.061861 -0.998085 0
vn -0.061861 -0.998085 0
vn -0.0591993 -0.998246 0
vn -0.0591993 -0.998246 0
vn -0.0559568 -0.998433 0
vn -0.0559568 -0.998433 0
vn -0.0521286 -0.99864 0
vn -0.0521286 -0.99864 0
vn -0.0477081 -0.998861 0
vn -0.0477081 -0.998861 0
vn -0.0426871 -0.999088 0
vn -0.0426871 -0.999088 0
vn -0.0370552 -0.999313 0
vn -0.0370552 -0.999313 0
vn -0.0308008 -0.999526 0
vn -0.0308008 -0.999526 0
vn -0.0239101 -0.999714 0
vn -0.0239101 -0.999714 0
vn -0.0163679 -0.999866 0
vn -0.0163679 -0.999866 0
vn -0.00815709 -0.999967 0
vn -0.00815709 -0.999967 0
vn 0.000740853 -1 0
vn 0.000740853 -1 0
vn 0.0103461 -0.999946 0
vn 0.0103461 -0.999946 0
vn 0.0206804 -0.999786 0
vn 0.0206804 -0.999786 0
vn 0.0317666 -0.999495 0
vn 0.0317666 -0.999495 0
vn 0.0436292 -0.999048 0
vn 0.0436292 -0.999048 0
vn 0.0562934 -0.998414 0
vn 0.0562934 -0.998414 0
vn 0.0670442 -0.99775 0
vn 0.0670442 -0.99775 0
vn 0.0774061 -0.997 0
vn 0.0774061 -0.997 0
vn 0.0873254 -0.99618 0
vn 0.0873254 -0.99618 0
vn 0.096753 -0.995308 0
vn 0.096753 -0.995308 0
vn 0.105645 -0.994404 0
vn 0.105645 -0.994404 0
vn 0.113964 -0.993485 0
vn 0.113964 -0.993485 0
vn 0.121677 -0.99257 0
vn 0.121677 -0.99257 0
vn 0.128761 -0.991676 0
vn 0.128761 -0.991676 0
vn 0.135196 -0.990819 0
vn 0.135196 -0.990819 0
vn 0.140971 -0.990014 0
vn 0.140971 -0.990014 0
vn 0.14608 -0.989273 0
vn 0.14608 -0.989273 0
vn 0.150525 -0.988606 0
vn 0.150525 -0.988606 0
vn 0.154312 -0.988022 0
vn 0.154312 -0.988022 0
vn 0.157452 -0.987527 0
vn 0.157452 -0.987527 0
vn 0.159962 -0.987123 0
vn 0.159962 -0.987123 0
vn 0.16186 -0.986814 0
vn 0.16186 -0.986814 0
vn 0.163099 -0.98661 0
vn 0.163099 -0.98661 0
vn 0.1653 -0.986243 0
vn 0.1653 -0.986243 0
vn 0.168455 -0.985709 0
vn 0.168455 -0.985709 0
vn 0.172563 -0.984998 0
vn 0.172563 -0.984998 0
vn 0.177633 -0.984097 0
vn 0.177633 -0.984097 0
vn 0.18368 -0.982986 0
vn 0.18368 -0.982986 0
vn 0.190726 -0.981643 0
vn 0.190726 -0.981643 0
vn 0.198801 -0.98004 0
vn 0.198801 -0.98004 0
vn 0.207943 -0.978141 0
vn 0.207943 -0.978141 0
vn 0.218197 -0.975905 0
vn 0.218197 -0.975905 0
vn 0.229616 -0.973281 0
vn 0.229616 -0.973281 0
vn 0.242262 -0.970211 0
vn 0.242262 -0.970211 0
vn 0.256201 -0.966623 0
vn 0.256201 -0.966623 0
vn 0.271512 -0.962435 0
vn 0.271512 -0.962435 0
vn 0.288278 -0.957547 0
vn 0.288278 -0.957547 0
vn 0.30659 -0.951842 0
vn 0.30659 -0.951842 0
vn 0.326546 -0.945181 0
vn 0.326546 -0.945181 0
vn 0.348247 -0.937403 0
vn 0.348247 -0.937403 0
vn 0.371797 -0.928314 0
vn 0.371797 -0.928314 0
vn 0.397296 -0.91769 0
vn 0.397296 -0.91769 0
vn 0.424839 -0.905269 0
vn 0.424839 -0.905269 0
vn 0.454501 -0.890746 0
vn 0.454501 -0.890746 0
vn 0.486333 -0.873773 0
vn 0.486333 -0.873773 0
vn 0.520345 -0.853956 0
vn 0.520345 -0.853956 0
vn 0.556487 -0.830856 0
vn 0.556487 -0.830856 0
vn 0.594628 -0.804001 0
vn 0.594628 -0.804001 0
vn 0.634531 -0.772897 0
vn 0.634531 -0.772897 0
vn 0.675828 -0.737059 0
vn 0.675828 -0.737059 0
vn 0.717996 -0.696047 0
vn 0.717996 -0.696047 0
vn 0.760344 -0.64952 0
vn 0.760344 -0.64952 0
vn 0.802018 -0.597299 0
vn 0.802018 -0.597299 0
vn 0.842027 -0.539436 0
vn 0.842027 -0.539436 0
vn 0.883672 -0.468106 0
vn 0.883672 -0.468106 0
vn 0.917618 -0.397463 0
vn 0.917618 -0.397463 0
vn 0.944237 -0.329267 0
vn 0.944237 -0.329267 0
vn 0.964283 -0.264874 0
vn 0.964283 -0.264874 0
vn 0.978721 -0.205197 0
vn 0.978721 -0.205197 0
vn 0.988573 -0.150742 0
vn 0.988573 -0.150742 0
vn 0.994816 -0.101689 0
vn 0.994816 -0.101689 0
vn 0.998318 -0.0579793 0
vn 0.998318 -0.0579793 0
vn 0.999812 -0.0194018 0
vn 0.999812 -0.0194018 0
vn 0.999897 0.0143441 -0
vn 0.999897 0.0143441 -0
vn 0.999049 0.0435984 -0
vn 0.999049 0.0435984 -0
vn 0.997637 0.0687078 -0
vn 0.997637 0.0687078 -0
vn 0.995941 0.0900049 -0
vn 0.995941 0.0900049 -0
vn 0.994173 0.107796 -0
vn 0.994173 0.107796 -0
vn 0.992486 0.122356 -0
vn 0.992486 0.122356 -0
vn 0.990992 0.133924 -0
vn 0.990992 0.133924 -0
vn 0.989765 0.142707 -0
vn 0.989765 0.142707 -0
vn 0.988856 0.148877 -0
vn 0.988856 0.148877 -0
vn 0.988292 0.152576 -0
vn 0.988292 0.152576 -0
vn 0.988083 0.15392 -0
vn 0.988083 0.15392 -0
vn 0.988227 0.152996 -0
vn 0.988227 0.152996 -0
vn 0.988706 0.149871 -0
vn 0.988706 0.149871 -0
vn 0.989492 0.144588 -0
vn 0.989492 0.144588 -0
vn 0.990547 0.137174 -0
vn 0.990547 0.137174 -0
vn 0.991821 0.127637 -0
vn 0.991821 0.127637 -0
vn 0.993252 0.115973 -0
vn 0.993252 0.115973 -0
vn 0.994768 0.102164 -0
vn 0.994768 0.102164 -0
vn 0.996279 0.0861833 -0
vn 0.996279 0.0861833 -0
vn 0.997686 0.067997 -0
vn 0.997686 0.067997 -0
vn 0.998868 0.0475683 -0
vn 0.998868 0.0475683 -0
vn 0.999691 0.0248605 -0
vn 0.999691 0.0248605 -0
vn 1 -0.000157698 0
vn 1 -0.000157698 0
vn 0.999683 -0.0251752 0
vn 0.999683 -0.0251752 0
vn 0.998853 -0.0478807 0
vn 0.998853 -0.0478807 0
vn 0.997664 -0.0683058 0
vn 0.997664 -0.0683058 0
vn 0.996253 -0.0864869 0
vn 0.996253 -0.0864869 0
vn 0.994737 -0.102461 0
vn 0.994737 -0.102461 0
vn 0.993219 -0.116262 0
vn 0.993219 -0.116262 0
vn 0.991785 -0.127917 0
vn 0.991785 -0.127917 0
vn 0.99051 -0.137443 0
vn 0.99051 -0.137443 0
vn 0.989454 -0.144845 0
vn 0.989454 -0.144845 0
vn 0.988669 -0.150114 0
vn 0.988669 -0.150114 0
vn 0.988192 -0.153224 0
vn 0.988192 -0.153224 0
vn 0.988051 -0.15413 0
vn 0.988051 -0.15413 0
vn 0.988262 -0.152767 0
vn 0.988262 -0.152767 0
vn 0.98883 -0.149046 0
vn 0.98883 -0.149046 0
vn 0.989744 -0.142852 0
vn 0.989744 -0.142852 0
vn 0.990976 -0.134042 0
vn 0.990976 -0.134042 0
vn 0.992475 -0.122445 0
vn 0.992475 -0.122445 0
vn 0.994167 -0.107852 0
vn 0.994167 -0.107852 0
vn 0.99594 -0.0900242 0
vn 0.99594 -0.0900242 0
vn 0.997638 -0.0686871 0
vn 0.997638 -0.0686871 0
vn 0.999052 -0.0435338 0
vn 0.999052 -0.0435338 0
vn 0.999899 -0.0142317 0
vn 0.999899 -0.0142317 0
vn 0.999809 0.0195656 -0
vn 0.999809 0.0195656 -0
vn 0.998305 0.0581977 -0
vn 0.998305 0.0581977 -0
vn 0.994788 0.101964 -0
vn 0.994788 0.101964 -0
vn 0.988523 0.151074 -0
vn 0.988523 0.151074 -0
vn 0.97864 0.205583 -0
vn 0.97864 0.205583 -0
vn 0.964164 0.265308 -0
vn 0.964164 0.265308 -0
vn 0.944072 0.329738 -0
vn 0.944072 0.329738 -0
vn 0.917404 0.397957 -0
vn 0.917404 0.397957 -0
vn 0.883408 0.468605 -0
vn 0.883408 0.468605 -0
vn 0.841718 0.539917 -0
vn 0.841718 0.539917 -0
vn 0.801683 0.597749 -0
vn 0.801683 0.597749 -0
vn 0.759997 0.649927 -0
vn 0.759997 0.649927 -0
vn 0.717649 0.696405 -0
vn 0.717649 0.696405 -0
vn 0.675494 0.737365 -0
vn 0.675494 0.737365 -0
vn 0.634219 0.773153 -0
vn 0.634219 0.773153 -0
vn 0.594345 0.80421 -0
vn 0.594345 0.80421 -0
vn 0.556237 0.831024 -0
vn 0.556237 0.831024 -0
vn 0.52013 0.854087 -0
vn 0.52013 0.854087 -0
vn 0.486153 0.873874 -0
vn 0.486153 0.873874 -0
vn 0.454355 0.890821 -0
vn 0.454355 0.890821 -0
vn 0.424724 0.905323 -0
vn 0.424724 0.905323 -0
vn 0.397211 0.917727 -0
vn 0.397211 0.917727 -0
vn 0.371737 0.928338 -0
vn 0.371737 0.928338 -0
vn 0.348209 0.937417 -0
vn 0.348209 0.937417 -0
vn 0.326526 0.945188 -0
vn 0.326526 0.945188 -0
vn 0.306585 0.951843 -0
vn 0.306585 0.951843 -0
vn 0.288283 0.957545 -0
vn 0.288283 0.957545 -0
vn 0.271524 0.962432 -0
vn 0.271524 0.962432 -0
vn 0.256218 0.966619 -0
vn 0.256218 0.966619 -0
vn 0.242278 0.970207 -0
vn 0.242278 0.970207 -0
vn 0.22963 0.973278 -0
vn 0.22963 0.973278 -0
vn 0.218205 0.975903 -0
vn 0.218205 0.975903 -0
vn 0.207942 0.978141 -0
vn 0.207942 0.978141 -0
vn 0.198788 0.980042 -0
vn 0.198788 0.980042 -0
vn 0.190699 0.981649 -0
vn 0.190699 0.981649 -0
vn 0.183637 0.982994 -0
vn 0.183637 0.982994 -0
vn 0.177572 0.984108 -0
vn 0.177572 0.984108 -0
vn 0.172481 0.985013 -0
vn 0.172481 0.985013 -0
vn 0.16835 0.985727 -0
vn 0.16835 0.985727 -0
vn 0.165171 0.986265 -0
vn 0.165171 0.986265 -0
vn 0.162945 0.986635 -0
vn 0.162945 0.986635 -0
vn 0.161679 0.986843 -0
vn 0.161679 0.986843 -0
vn 0.15973 0.987161 -0
vn 0.15973 0.987161 -0
vn 0.157187 0.987569 -0
vn 0.157187 0.987569 -0
vn 0.15403 0.988066 -0
vn 0.15403 0.988066 -0
vn 0.150246 0.988649 -0
vn 0.150246 0.988649 -0
vn 0.145826 0.98931 -0
vn 0.145826 0.98931 -0
vn 0.140767 0.990043 -0
vn 0.140767 0.990043 -0
vn 0.135072 0.990836 -0
vn 0.135072 0.990836 -0
vn 0.128749 0.991677 -0
vn 0.128749 0.991677 -0
vn 0.121817 0.992553 -0
vn 0.121817 0.992553 -0
vn 0.114297 0.993447 -0
vn 0.114297 0.993447 -0
vn 0.10622 0.994343 -0
vn 0.10622 0.994343 -0
vn 0.097622 0.995224 -0
vn 0.097622 0.995224 -0
vn 0.0885457 0.996072 -0
vn 0.0885457 0.996072 -0
vn 0.0790391 0.996872 -0
vn 0.0790391 0.996872 -0
vn 0.069155 0.997606 -0
vn 0.069155 0.997606 -0
vn 0.0589496 0.998261 -0
vn 0.0589496 0.998261 -0
vn 0.0468975 0.9989 -0
vn 0.0468975 0.9989 -0
vn 0.0354646 0.999371 -0
vn 0.0354646 0.999371 -0
vn 0.0246003 0.999697 -0
vn 0.0246003 0.999697 -0
vn 0.0142581 0.999898 -0
vn 0.0142581 0.999898 -0
vn 0.00439565 0.99999 -0
vn 0.00439565 0.99999 -0
vn -0.00502617 0.999987 0
vn -0.00502617 0.999987 0
vn -0.0140434 0.999901 0
vn -0.0140434 0.999901 0
vn -0.0226893 0.999743 0
vn -0.0226893 0.999743 0
vn -0.030995 0.99952 0
vn -0.030995 0.99952 0
vn -0.0389892 0.99924 0
vn -0.0389892 0.99924 0
vn -0.0466992 0.998909 0
vn -0.0466992 0.998909 0
vn -0.0541505 0.998533 0
vn -0.0541505 0.998533 0
vn -0.0613674 0.998115 0
vn -0.0613674 0.998115 0
vn -0.0683731 0.99766 0
vn -0.0683731 0.99766 0
vn -0.07519 0.997169 0
vn -0.07519 0.997169 0
vn -0.08184 0.996645 0
vn -0.08184 0.996645 0
vn -0.0890707 0.996025 0
vn -0.0890707 0.996025 0
vn -0.0963978 0.995343 0
vn -0.0963978 0.995343 0
vn -0.103763 0.994602 0
vn -0.103763 0.994602 0
vn -0.111108 0.993808 0
vn -0.111108 0.993808 0
vn -0.11837 0.99297 0
vn -0.11837 0.99297 0
vn -0.12549 0.992095 0
vn -0.12549 0.992095 0
vn -0.132411 0.991195 0
vn -0.132411 0.991195 0
vn -0.139081 0.990281 0
vn -0.139081 0.990281 0
vn -0.145452 0.989365 0
vn -0.145452 0.989365 0
vn -0.151485 0.98846 0
vn -0.151485 0.98846 0
vn -0.157145 0.987576 0
vn -0.157145 0.987576 0
vn -0.162407 0.986724 0
vn -0.162407 0.986724 0
vn -0.167253 0.985914 0
vn -0.167253 0.985914 0
vn -0.171673 0.985154 0
vn -0.171673 0.985154 0
vn -0.175662 0.984451 0
vn -0.175662 0.984451 0
vn -0.179224 0.983808 0
vn -0.179224 0.983808 0
vn -0.181197 0.983447 0
vn -0.181197 0.983447 0
vn -0.184137 0.982901 0
vn -0.184137 0.982901 0
vn -0.188028 0.982164 0
vn -0.188028 0.982164 0
vn -0.192867 0.981225 0
vn -0.192867 0.981225 0
vn -0.198656 0.980069 0
vn -0.198656 0.980069 0
vn -0.205408 0.978677 0
vn -0.205408 0.978677 0
vn -0.21314 0.977022 0
vn -0.21314 0.977022 0
vn -0.22188 0.975074 0
vn -0.22188 0.975074 0
vn -0.231659 0.972797 0
vn -0.231659 0.972797 0
vn -0.24252 0.970146 0
vn -0.24252 0.970146 0
vn -0.254508 0.967071 0
vn -0.254508 0.967071 0
vn -0.26768 0.963508 0
vn -0.26768 0.963508 0
vn -0.282094 0.959387 0
vn -0.282094 0.959387 0
vn -0.297821 0.954622 0
vn -0.297821 0.954622 0
vn -0.314933 0.949114 0
vn -0.314933 0.949114 0
vn -0.33351 0.942747 0
vn -0.33351 0.942747 0
vn -0.353634 0.935384 0
vn -0.353634 0.935384 0
vn -0.375392 0.926866 0
vn -0.375392 0.926866 0
vn -0.398867 0.917009 0
vn -0.398867 0.917009 0
vn -0.42414 0.905597 0
vn -0.42414 0.905597 0
vn -0.45128 0.892382 0
vn -0.45128 0.892382 0
vn -0.48034 0.877083 0
vn -0.48034 0.877083 0
vn -0.511343 0.859377 0
vn -0.511343 0.859377 0
vn -0.544274 0.838908 0
vn -0.544274 0.838908 0
vn -0.579062 0.815284 0
vn -0.579062 0.815284 0
vn -0.615563 0.788088 0
vn -0.615563 0.788088 0
vn -0.653538 0.756894 0
vn -0.653538 0.756894 0
vn -0.692636 0.721287 0
vn -0.692636 0.721287 0
vn -0.732377 0.6809 0
vn -0.732377 0.6809 0
vn -0.772138 0.635454 0
vn -0.772138 0.635454 0
vn -0.811168 0.584814 0
vn -0.811168 0.584814 0
vn -0.8486 0.529035 0
vn -0.8486 0.529035 0
vn -0.899293 0.437347 0
vn -0.899293 0.437347 0
vn -0.937382 0.348303 0
vn -0.937382 0.348303 0
vn -0.964273 0.264909 0
vn -0.964273 0.264909 0
vn -0.981971 0.18903 0
vn -0.981971 0.18903 0
vn -0.99259 0.121513 0
vn -0.99259 0.121513 0
vn -0.998048 0.0624592 0
vn -0.998048 0.0624592 0
vn -0.999934 0.0115076 0
vn -0.999934 0.0115076 0
vn -0.99949 -0.0319393 0
vn -0.99949 -0.0319393 0
vn -0.997647 -0.0685612 0
vn -0.997647 -0.0685612 0
vn -0.995085 -0.0990263 0
vn -0.995085 -0.0990263 0
vn -0.99229 -0.123941 0
vn -0.99229 -0.123941 0
vn -0.989603 -0.143824 0
vn -0.989603 -0.143824 0
vn -0.987262 -0.159102 0
vn -0.987262 -0.159102 0
vn -0.985426 -0.170106 0
vn -0.985426 -0.170106 0
vn -0.984197 -0.177075 0
vn -0.984197 -0.177075 0
vn -0.983637 -0.180162 0
vn -0.983637 -0.180162 0
vn -0.98377 -0.179433 0
vn -0.98377 -0.179433 0
vn -0.984591 -0.174873 0
vn -0.984591 -0.174873 0
vn -0.986061 -0.166383 0
vn -0.986061 -0.166383 0
vn -0.988106 -0.153777 0
vn -0.988106 -0.153777 0
vn -0.990601 -0.136781 0
vn -0.990601 -0.136781 0
vn -0.993362 -0.115028 0
vn -0.993362 -0.115028 0
vn -0.996115 -0.0880563 0
vn -0.996115 -0.0880563 0
vn -0.998469 -0.0553111 0
vn -0.998469 -0.0553111 0
vn -0.999869 -0.0161588 0
vn -0.999869 -0.0161588 0
vn -0.999547 0.0300812 0
vn -0.999547 0.0300812 0
vn -0.99646 0.0840711 0
vn -0.99646 0.0840711 0
vn -0.989234 0.14634 0
vn -0.989234 0.14634 0
vn -0.976149 0.217102 0
vn -0.976149 0.217102 0
vn -0.955186 0.296007 0
vn -0.955186 0.296007 0
vn -0.924226 0.381845 0
vn -0.924226 0.381845 0
g Cabin_glass
usemtl glass
f 203//203 405//405 403//403
f 204//204 405//405 203//203
f 205//205 405//405 204//204
f 206//206 405//405 205//205
f 409//409 405//405 206//206
f 409//409 2//2 405//405
f 2//2 409//409 408//408
f 405//405 202//202 403//403
f 405//405 201//201 202//202
f 405//405 200//200 201//201
f 196//196 500//500 404//404
f 197//197 500//500 196//196
f 198//198 500//500 197//197
f 199//199 500//500 198//198
f 199//199 499//499 500//500
f 200//200 499//499 199//199
f 405//405 499//499 200//200
f 405//405 401//401 499//499
f 401//401 405//405 3//3
f 500//500 195//195 404//404
f 500//500 194//194 195//195
f 500//500 193//193 194//194
f 500//500 407//407 193//193
f 407//407 500//500 501//501
f 407//407 501//501 208//208
f 501//501 192//192 208//208
f 501//501 191//191 192//192
f 501//501 411//411 191//191
f 501//501 412//412 411//411
f 501//501 185//185 412//412
f 501//501 184//184 185//185
f 501//501 183//183 184//184
f 183//183 501//501 410//410
f 412//412 190//190 411//411
f 412//412 189//189 190//190
f 412//412 188//188 189//189
f 412//412 187//187 188//188
f 187//187 412//412 186//186
f 501//501 182//182 410//410
f 501//501 181//181 182//182
f 501//501 180//180 181//181
f 501//501 406//406 180//180
f 406//406 501//501 500//500
f 500//500 179//179 406//406
f 500//500 402//402 179//179
f 402//402 500//500 499//499
f 499//499 178//178 402//402
f 499//499 177//177 178//178
f 499//499 400//400 177//177
f 400//400 499//499 498//498
f 498//498 176//176 400//400
f 498//498 175//175 176//176
f 498//498 398//398 175//175
f 398//398 498//498 497//497
f 497//497 174//174 398//398
f 497//497 396//396 174//174
f 396//396 497//497 496//496
f 496//496 173//173 396//396
f 496//496 172//172 173//173
f 496//496 394//394 172//172
f 394//394 496//496 495//495
f 495//495 171//171 394//394
f 495//495 392//392 171//171
f 392//392 495//495 494//494
f 494//494 170//170 392//392
f 494//494 390//390 170//170
f 390//390 494//494 493//493
f 493//493 169//169 390//390
f 493//493 388//388 169//169
f 388//388 493//493 492//492
f 492//492 386//386 388//388
f 386//386 492//492 491//491
f 491//491 168//168 386//386
f 491//491 384//384 168//168
f 384//384 491//491 490//490
f 490//490 167//167 384//384
f 490//490 382//382 167//167
f 382//382 490//490 489//489
f 489//489 380//380 382//382
f 380//380 489//489 488//488
f 488//488 166//166 380//380
f 488//488 378//378 166//166
f 378//378 488//488 487//487
f 487//487 165//165 378//378
f 487//487 376//376 165//165
f 376//376 487//487 486//486
f 486//486 374//374 376//376
f 374//374 486//486 485//485
f 485//485 372//372 374//374
f 372//372 485//485 484//484
f 484//484 164//164 372//372
f 484//484 370//370 164//164
f 370//370 484//484 483//483
f 483//483 368//368 370//370
f 368//368 483//483 482//482
f 482//482 163//163 368//368
f 482//482 366//366 163//163
f 366//366 482//482 481//481
f 481//481 364//364 366//366
f 364//364 481//481 480//480
f 480//480 162//162 364//364
f 480//480 362//362 162//162
f 362//362 480//480 479//479
f 479//479 360//360 362//362
f 360//360 479//479 478//478
f 478//478 161//161 360//360
f 478//478 358//358 161//161
f 358//358 478//478 477//477
f 477//477 356//356 358//358
f 356//356 477//477 476//476
f 476//476 160//160 356//356
f 476//476 159//159 160//160
f 476//476 354//354 159//159
f 354//354 476//476 475//475
f 475//475 158//158 354//354
f 475//475 352//352 158//158
f 352//352 475//475 474//474
f 474//474 350//350 352//352
f 350//350 474//474 473//473
f 473//473 157//157 350//350
f 473//473 348//348 157//157
f 348//348 473//473 472//472
f 472//472 156//156 348//348
f 472//472 346//346 156//156
f 346//346 472//472 471//471
f 471//471 155//155 346//346
f 471//471 344//344 155//155
f 344//344 471//471 470//470
f 470//470 154//154 344//344
f 470//470 342//342 154//154
f 342//342 470//470 469//469
f 469//469 153//153 342//342
f 469//469 340//340 153//153
f 340//340 469//469 468//468
f 468//468 152//152 340//340
f 468//468 338//338 152//152
f 338//338 468//468 467//467
f 467//467 151//151 338//338
f 467//467 336//336 151//151
f 336//336 467//467 466//466
f 466//466 150//150 336//336
f 466//466 334//334 150//150
f 334//334 466//466 465//465
f 465//465 149//149 334//334
f 465//465 332//332 149//149
f 332//332 465//465 464//464
f 464//464 148//148 332//332
f 464//464 330//330 148//148
f 330//330 464//464 463//463
f 463//463 147//147 330//330
f 463//463 328//328 147//147
f 328//328 463//463 462//462
f 462//462 146//146 328//328
f 462//462 326//326 146//146
f 326//326 462//462 461//461
f 461//461 145//145 326//326
f 461//461 324//324 145//145
f 324//324 461//461 460//460
f 460//460 144//144 324//324
f 460//460 322//322 144//144
f 322//322 460//460 459//459
f 459//459 143//143 322//322
f 459//459 320//320 143//143
f 320//320 459//459 458//458
f 458//458 318//318 320//320
f 318//318 458//458 457//457
f 457//457 142//142 318//318
f 457//457 316//316 142//142
f 316//316 457//457 456//456
f 456//456 314//314 316//316
f 314//314 456//456 455//455
f 455//455 141//141 314//314
f 455//455 312//312 141//141
f 312//312 455//455 454//454
f 454//454 310//310 312//312
f 310//310 454//454 453//453
f 453//453 308//308 310//310
f 308//308 453//453 452//452
f 452//452 306//306 308//308
f 306//306 452//452 451//451
f 451//451 140//140 306//306
f 451//451 304//304 140//140
f 304//304 451//451 450//450
f 450//450 139//139 304//304
f 450//450 302//302 139//139
f 302//302 450//450 449//449
f 449//449 300//300 302//302
f 300//300 449//449 448//448
f 448//448 138//138 300//300
f 448//448 298//298 138//138
f 298//298 448//448 447//447
f 447//447 137//137 298//298
f 447//447 296//296 137//137
f 296//296 447//447 446//446
f 446//446 136//136 296//296
f 446//446 294//294 136//136
f 294//294 446//446 445//445
f 445//445 135//135 294//294
f 445//445 292//292 135//135
f 292//292 445//445 444//444
f 444//444 134//134 292//292
f 444//444 290//290 134//134
f 290//290 444//444 443//443
f 443//443 133//133 290//290
f 443//443 288//288 133//133
f 288//288 443//443 442//442
f 442//442 132//132 288//288
f 442//442 286//286 132//132
f 286//286 442//442 441//441
f 441//441 131//131 286//286
f 441//441 284//284 131//131
f 284//284 441//441 440//440
f 440//440 282//282 284//284
f 282//282 440//440 439//439
f 439//439 130//130 282//282
f 439//439 280//280 130//130
f 280//280 439//439 438//438
f 438//438 129//129 280//280
f 438//438 278//278 129//129
f 278//278 438//438 437//437
f 437//437 276//276 278//278
f 276//276 437//437 436//436
f 436//436 128//128 276//276
f 436//436 274//274 128//128
f 274//274 436//436 435//435
f 435//435 272//272 274//274
f 272//272 435//435 434//434
f 434//434 127//127 272//272
f 434//434 270//270 127//127
f 270//270 434//434 433//433
f 433//433 268//268 270//270
f 268//268 433//433 432//432
f 432//432 126//126 268//268
f 432//432 266//266 126//126
f 266//266 432//432 431//431
f 431//431 125//125 266//266
f 431//431 264//264 125//125
f 264//264 431//431 430//430
f 430//430 124//124 264//264
f 430//430 262//262 124//124
f 262//262 430//430 429//429
f 429//429 123//123 262//262
f 429//429 260//260 123//123
f 260//260 429//429 428//428
f 428//428 258//258 260//260
f 258//258 428//428 427//427
f 427//427 122//122 258//258
f 427//427 256//256 122//122
f 256//256 427//427 426//426
f 426//426 121//121 256//256
f 426//426 254//254 121//121
f 254//254 426//426 425//425
f 425//425 120//120 254//254
f 425//425 252//252 120//120
f 252//252 425//425 424//424
f 424//424 119//119 252//252
f 424//424 250//250 119//119
f 250//250 424//424 423//423
f 423//423 118//118 250//250
f 423//423 248//248 118//118
f 248//248 423//423 422//422
f 422//422 246//246 248//248
f 246//246 422//422 421//421
f 421//421 117//117 246//246
f 421//421 244//244 117//117
f 244//244 421//421 420//420
f 420//420 116//116 244//244
f 420//420 242//242 116//116
f 242//242 420//420 419//419
f 419//419 240//240 242//242
f 240//240 419//419 418//418
f 418//418 115//115 240//240
f 418//418 238//238 115//115
f 238//238 418//418 417//417
f 417//417 114//114 238//238
f 417//417 236//236 114//114
f 236//236 417//417 416//416
f 416//416 113//113 236//236
f 416//416 234//234 113//113
f 234//234 416//416 415//415
f 415//415 232//232 234//234
f 232//232 415//415 414//414
f 414//414 112//112 232//232
f 414//414 111//111 112//112
f 414//414 230//230 111//111
f 230//230 414//414 413//413
f 413//413 110//110 230//230
f 413//413 109//109 110//110
f 413//413 108//108 109//109
f 413//413 227//227 108//108
f 413//413 228//228 227//227
f 413//413 91//91 228//228
f 413//413 90//90 91//91
f 413//413 89//89 90//90
f 413//413 88//88 89//89
f 88//88 413//413 207//207
f 228//228 107//107 227//227
f 228//228 106//106 107//107
f 228//228 223//223 106//106
f 223//223 92//92 224//224
f 223//223 228//228 92//92
f 224//224 219//219 223//223
f 219//219 93//93 220//220
f 219//219 224//224 93//93
f 220//220 105//105 219//219
f 220//220 215//215 105//105
f 220//220 216//216 215//215
f 216//216 220//220 94//94
f 216//216 104//104 215//215
f 216//216 103//103 104//104
f 216//216 211//211 103//103
f 216//216 212//212 211//211
f 212//212 216//216 95//95
f 212//212 102//102 211//211
f 212//212 101//101 102//102
f 212//212 100//100 101//101
f 212//212 99//99 100//100
f 212//212 98//98 99//99
f 212//212 97//97 98//98
f 97//97 212//212 96//96
f 413//413 87//87 207//207
f 413//413 86//86 87//87
f 413//413 85//85 86//86
f 413//413 84//84 85//85
f 413//413 83//83 84//84
f 413//413 82//82 83//83
f 413//413 225//225 82//82
f 413//413 226//226 225//225
f 413//413 70//70 226//226
f 413//413 69//69 70//70
f 69//69 413//413 229//229
f 226//226 81//81 225//225
f 226//226 221//221 81//81
f 226//226 222//222 221//221
f 222//222 226//226 71//71
f 222//222 80//80 221//221
f 222//222 217//217 80//80
f 222//222 218//218 217//217
f 218//218 222//222 72//72
f 218//218 79//79 217//217
f 218//218 213//213 79//79
f 213//213 218//218 214//214
f 214//214 78//78 213//213
f 214//214 209//209 78//78
f 214//214 210//210 209//209
f 210//210 214//214 73//73
f 210//210 77//77 209//209
f 210//210 76//76 77//77
f 210//210 75//75 76//76
f 75//75 210//210 74//74
f 413//413 68//68 229//229
f 413//413 231//231 68//68
f 231//231 413//413 414//414
f 414//414 67//67 231//231
f 414//414 66//66 67//67
f 414//414 233//233 66//66
f 233//233 414//414 415//415
f 415//415 65//65 233//233
f 415//415 64//64 65//65
f 415//415 235//235 64//64
f 235//235 415//415 416//416
f 416//416 63//63 235//235
f 416//416 237//237 63//63
f 237//237 416//416 417//417
f 417//417 62//62 237//237
f 417//417 61//61 62//62
f 417//417 239//239 61//61
f 239//239 417//417 418//418
f 418//418 241//241 239//239
f 241//241 418//418 419//419
f 419//419 60//60 241//241
f 419//419 243//243 60//60
f 243//243 419//419 420//420
f 420//420 59//59 243//243
f 420//420 245//245 59//59
f 245//245 420//420 421//421
f 421//421 58//58 245//245
f 421//421 247//247 58//58
f 247//247 421//421 422//422
f 422//422 57//57 247//247
f 422//422 249//249 57//57
f 249//249 422//422 423//423
f 423//423 56//56 249//249
f 423//423 251//251 56//56
f 251//251 423//423 424//424
f 424//424 55//55 251//251
f 424//424 253//253 55//55
f 253//253 424//424 425//425
f 425//425 54//54 253//253
f 425//425 255//255 54//54
f 255//255 425//425 426//426
f 426//426 53//53 255//255
f 426//426 257//257 53//53
f 257//257 426//426 427//427
f 427//427 52//52 257//257
f 427//427 259//259 52//52
f 259//259 427//427 428//428
f 428//428 51//51 259//259
f 428//428 50//50 51//51
f 428//428 261//261 50//50
f 261//261 428//428 429//429
f 429//429 49//49 261//261
f 429//429 263//263 49//49
f 263//263 429//429 430//430
f 430//430 48//48 263//263
f 430//430 265//265 48//48
f 265//265 430//430 431//431
f 431//431 267//267 265//265
f 267//267 431//431 432//432
f 432//432 47//47 267//267
f 432//432 269//269 47//47
f 269//269 432//432 433//433
f 433//433 271//271 269//269
f 271//271 433//433 434//434
f 434//434 273//273 271//271
f 273//273 434//434 435//435
f 435//435 46//46 273//273
f 435//435 275//275 46//46
f 275//275 435//435 436//436
f 436//436 45//45 275//275
f 436//436 277//277 45//45
f 277//277 436//436 437//437
f 437//437 279//279 277//277
f 279//279 437//437 438//438
f 438//438 44//44 279//279
f 438//438 281//281 44//44
f 281//281 438//438 439//439
f 439//439 283//283 281//281
f 283//283 439//439 440//440
f 440//440 43//43 283//283
f 440//440 285//285 43//43
f 285//285 440//440 441//441
f 441//441 42//42 285//285
f 441//441 287//287 42//42
f 287//287 441//441 442//442
f 442//442 41//41 287//287
f 442//442 289//289 41//41
f 289//289 442//442 443//443
f 443//443 40//40 289//289
f 443//443 291//291 40//40
f 291//291 443//443 444//444
f 444//444 39//39 291//291
f 444//444 38//38 39//39
f 444//444 293//293 38//38
f 293//293 444//444 445//445
f 445//445 295//295 293//293
f 295//295 445//445 446//446
f 446//446 37//37 295//295
f 446//446 297//297 37//37
f 297//297 446//446 447//447
f 447//447 36//36 297//297
f 447//447 299//299 36//36
f 299//299 447//447 448//448
f 448//448 35//35 299//299
f 448//448 301//301 35//35
f 301//301 448//448 449//449
f 449//449 34//34 301//301
f 449//449 303//303 34//34
f 303//303 449//449 450//450
f 450//450 305//305 303//303
f 305//305 450//450 451//451
f 451//451 33//33 305//305
f 451//451 307//307 33//33
f 307//307 451//451 452//452
f 452//452 309//309 307//307
f 309//309 452//452 453//453
f 453//453 311//311 309//309
f 311//311 453//453 454//454
f 454//454 32//32 311//311
f 454//454 313//313 32//32
f 313//313 454//454 455//455
f 455//455 315//315 313//313
f 315//315 455//455 456//456
f 456//456 31//31 315//315
f 456//456 317//317 31//31
f 317//317 456//456 457//457
f 457//457 319//319 317//317
f 319//319 457//457 458//458
f 458//458 30//30 319//319
f 458//458 321//321 30//30
f 321//321 458//458 459//459
f 459//459 323//323 321//321
f 323//323 459//459 460//460
f 460//460 29//29 323//323
f 460//460 325//325 29//29
f 325//325 460//460 461//461
f 461//461 28//28 325//325
f 461//461 327//327 28//28
f 327//327 461//461 462//462
f 462//462 27//27 327//327
f 462//462 329//329 27//27
f 329//329 462//462 463//463
f 463//463 26//26 329//329
f 463//463 331//331 26//26
f 331//331 463//463 464//464
f 464//464 333//333 331//331
f 333//333 464//464 465//465
f 465//465 25//25 333//333
f 465//465 335//335 25//25
f 335//335 465//465 466//466
f 466//466 24//24 335//335
f 466//466 337//337 24//24
f 337//337 466//466 467//467
f 467//467 23//23 337//337
f 467//467 339//339 23//23
f 339//339 467//467 468//468
f 468//468 22//22 339//339
f 468//468 341//341 22//22
f 341//341 468//468 469//469
f 469//469 21//21 341//341
f 469//469 343//343 21//21
f 343//343 469//469 470//470
f 470//470 20//20 343//343
f 470//470 345//345 20//20
f 345//345 470//470 471//471
f 471//471 347//347 345//345
f 347//347 471//471 472//472
f 472//472 19//19 347//347
f 472//472 349//349 19//19
f 349//349 472//472 473//473
f 473//473 18//18 349//349
f 473//473 351//351 18//18
f 351//351 473//473 474//474
f 474//474 353//353 351//351
f 353//353 474//474 475//475
f 475//475 17//17 353//353
f 475//475 355//355 17//17
f 355//355 475//475 476//476
f 476//476 16//16 355//355
f 476//476 357//357 16//16
f 357//357 476//476 477//477
f 477//477 15//15 357//357
f 477//477 359//359 15//15
f 359//359 477//477 478//478
f 478//478 361//361 359//359
f 361//361 478//478 479//479
f 479//479 363//363 361//361
f 363//363 479//479 480//480
f 480//480 14//14 363//363
f 480//480 365//365 14//14
f 365//365 480//480 481//481
f 481//481 367//367 365//365
f 367//367 481//481 482//482
f 482//482 369//369 367//367
f 369//369 482//482 483//483
f 483//483 13//13 369//369
f 483//483 371//371 13//13
f 371//371 483//483 484//484
f 484//484 373//373 371//371
f 373//373 484//484 485//485
f 485//485 12//12 373//373
f 485//485 375//375 12//12
f 375//375 485//485 486//486
f 486//486 377//377 375//375
f 377//377 486//486 487//487
f 487//487 379//379 377//377
f 379//379 487//487 488//488
f 488//488 11//11 379//379
f 488//488 381//381 11//11
f 381//381 488//488 489//489
f 489//489 383//383 381//381
f 383//383 489//489 490//490
f 490//490 10//10 383//383
f 490//490 385//385 10//10
f 385//385 490//490 491//491
f 491//491 9//9 385//385
f 491//491 387//387 9//9
f 387//387 491//491 492//492
f 492//492 8//8 387//387
f 492//492 7//7 8//8
f 492//492 389//389 7//7
f 389//389 492//492 493//493
f 493//493 391//391 389//389
f 391//391 493//493 494//494
f 494//494 6//6 391//391
f 494//494 393//393 6//6
f 393//393 494//494 495//495
f 495//495 5//5 393//393
f 495//495 395//395 5//5
f 395//395 495//495 496//496
f 496//496 4//4 395//395
f 496//496 397//397 4//4
f 397//397 496//496 497//497
f 497//497 399//399 397//397
f 399//399 497//497 498//498
f 498//498 401//401 399//399
f 401//401 498//498 499//499
f 408//408 409//409 1//1
f 502//502 662//662 663//663
f 502//502 661//661 662//662
f 502//502 660//660 661//661
f 502//502 659//659 660//660
f 502//502 658//658 659//659
f 502//502 657//657 658//658
f 502//502 656//656 657//657
f 502//502 655//655 656//656
f 502//502 654//654 655//655
f 502//502 653//653 654//654
f 502//502 652//652 653//653
f 502//502 666//666 652//652
f 502//502 668//668 666//666
f 668//668 512//512 664//664
f 668//668 511//511 512//512
f 668//668 510//510 511//511
f 668//668 509//509 510//510
f 668//668 508//508 509//509
f 668//668 507//507 508//508
f 668//668 506//506 507//507
f 668//668 505//505 506//506
f 668//668 504//504 505//505
f 668//668 503//503 504//504
f 668//668 502//502 503//503
f 668//668 651//651 666//666
f 668//668 650//650 651//651
f 668//668 649//649 650//650
f 668//668 648//648 649//649
f 668//668 647//647 648//648
f 668//668 646//646 647//647
f 668//668 645//645 646//646
f 668//668 644//644 645//645
f 668//668 643//643 644//644
f 668//668 642//642 643//643
f 668//668 641//641 642//642
f 668//668 640//640 641//641
f 668//668 639//639 640//640
f 668//668 638//638 639//639
f 668//668 637//637 638//638
f 668//668 636//636 637//637
f 668//668 635//635 636//636
f 668//668 634//634 635//635
f 668//668 633//633 634//634
f 668//668 632//632 633//633
f 668//668 631//631 632//632
f 668//668 630//630 631//631
f 668//668 629//629 630//630
f 668//668 628//628 629//629
f 668//668 627//627 628//628
f 668//668 626//626 627//627
f 668//668 625//625 626//626
f 668//668 624//624 625//625
f 668//668 623//623 624//624
f 668//668 622//622 623//623
f 668//668 621//621 622//622
f 668//668 620//620 621//621
f 668//668 619//619 620//620
f 668//668 618//618 619//619
f 668//668 617//617 618//618
f 668//668 616//616 617//617
f 668//668 615//615 616//616
f 668//668 614//614 615//615
f 668//668 613//613 614//614
f 668//668 612//612 613//613
f 668//668 611//611 612//612
f 668//668 610//610 611//611
f 668//668 609//609 610//610
f 668//668 608//608 609//609
f 668//668 607//607 608//608
f 668//668 606//606 607//607
f 668//668 605//605 606//606
f 668//668 604//604 605//605
f 668//668 603//603 604//604
f 668//668 602//602 603//603
f 668//668 601//601 602//602
f 601//601 668//668 665//665
f 668//668 600//600 665//665
f 668//668 599//599 600//600
f 668//668 598//598 599//599
f 668//668 597//597 598//598
f 668//668 596//596 597//597
f 668//668 595//595 596//596
f 668//668 594//594 595//595
f 668//668 593//593 594//594
f 668//668 592//592 593//593
f 668//668 591//591 592//592
f 668//668 590//590 591//591
f 668//668 589//589 590//590
f 668//668 588//588 589//589
f 668//668 587//587 588//588
f 668//668 586//586 587//587
f 668//668 585//585 586//586
f 668//668 584//584 585//585
f 668//668 583//583 584//584
f 668//668 582//582 583//583
f 668//668 581//581 582//582
f 668//668 580//580 581//581
f 668//668 579//579 580//580
f 668//668 578//578 579//579
f 668//668 577//577 578//578
f 668//668 576//576 577//577
f 668//668 575//575 576//576
f 668//668 574//574 575//575
f 668//668 573//573 574//574
f 668//668 572//572 573//573
f 668//668 571//571 572//572
f 668//668 570//570 571//571
f 668//668 569//569 570//570
f 668//668 568//568 569//569
f 668//668 567//567 568//568
f 668//668 566//566 567//567
f 668//668 565//565 566//566
f 668//668 564//564 565//565
f 668//668 563//563 564//564
f 668//668 562//562 563//563
f 668//668 561//561 562//562
f 668//668 560//560 561//561
f 668//668 559//559 560//560
f 668//668 558//558 559//559
f 668//668 557//557 558//558
f 668//668 556//556 557//557
f 668//668 555//555 556//556
f 668//668 554//554 555//555
f 668//668 553//553 554//554
f 668//668 552//552 553//553
f 668//668 551//551 552//552
f 668//668 550//550 551//551
f 668//668 549//549 550//550
f 668//668 548//548 549//549
f 668//668 547//547 548//548
f 668//668 546//546 547//547
f 546//546 668//668 667//667
f 668//668 545//545 667//667
f 668//668 544//544 545//545
f 668//668 543//543 544//544
f 668//668 542//542 543//543
f 668//668 541//541 542//542
f 668//668 540//540 541//541
f 668//668 539//539 540//540
f 668//668 538//538 539//539
f 668//668 537//537 538//538
f 668//668 536//536 537//537
f 668//668 535//535 536//536
f 668//668 534//534 535//535
f 668//668 533//533 534//534
f 668//668 532//532 533//533
f 668//668 531//531 532//532
f 668//668 530//530 531//531
f 668//668 529//529 530//530
f 668//668 528//528 529//529
f 668//668 527//527 528//528
f 668//668 526//526 527//527
f 668//668 525//525 526//526
f 668//668 524//524 525//525
f 668//668 523//523 524//524
f 668//668 522//522 523//523
f 668//668 521//521 522//522
f 668//668 520//520 521//521
f 668//668 519//519 520//520
f 668//668 518//518 519//519
f 668//668 517//517 518//518
f 668//668 516//516 517//517
f 668//668 515//515 516//516
f 668//668 514//514 515//515
f 668//668 513//513 514//514
f 513//513 668//668 664//664
f 503//503 502//502 1//1
f 503//503 1//1 206//206
f 503//503 206//206 1241//1241
f 1241//1241 1242//1242 503//503
f 1242//1242 1241//1241 205//205
f 1242//1242 205//205 1239//1239
f 1239//1239 1240//1240 504//504
f 1239//1239 504//504 1242//1242
f 1240//1240 1239//1239 204//204
f 1240//1240 204//204 1237//1237
f 1240//1240 1237//1237 1238//1238
f 1238//1238 505//505 1240//1240
f 1238//1238 1237//1237 203//203
f 1238//1238 203//203 1235//1235
f 1235//1235 1236//1236 506//506
f 1235//1235 506//506 1238//1238
f 1236//1236 1235//1235 202//202
f 1236//1236 202//202 1233//1233
f 1233//1233 1234//1234 1236//1236
f 1234//1234 1233//1233 201//201
f 1234//1234 201//201 1231//1231
f 1231//1231 1232//1232 507//507
f 1231//1231 507//507 1234//1234
f 1232//1232 1231//1231 200//200
f 1232//1232 200//200 199//199
f 1232//1232 199//199 1229//1229
f 1232//1232 1229//1229 1230//1230
f 1230//1230 508//508 1232//1232
f 1230//1230 1229//1229 198//198
f 1230//1230 198//198 1227//1227
f 1227//1227 1228//1228 1230//1230
f 1228//1228 1227//1227 197//197
f 1228//1228 197//197 1225//1225
f 1225//1225 1226//1226 509//509
f 1225//1225 509//509 1228//1228
f 1226//1226 1225//1225 196//196
f 1226//1226 196//196 1223//1223
f 1223//1223 1224//1224 1226//1226
f 1224//1224 1223//1223 195//195
f 1224//1224 195//195 1221//1221
f 1221//1221 1222//1222 1224//1224
f 1222//1222 1221//1221 1219//1219
f 1219//1219 1220//1220 510//510
f 1219//1219 510//510 1222//1222
f 1220//1220 1219//1219 194//194
f 1220//1220 194//194 1217//1217
f 1217//1217 1218//1218 511//511
f 1217//1217 511//511 1220//1220
f 1218//1218 1217//1217 1215//1215
f 1215//1215 1216//1216 512//512
f 1215//1215 512//512 1218//1218
f 1216//1216 1215//1215 193//193
f 1216//1216 193//193 1213//1213
f 1213//1213 1214//1214 1216//1216
f 1214//1214 1213//1213 1211//1211
f 1211//1211 1212//1212 1214//1214
f 1212//1212 1211//1211 1209//1209
f 1209//1209 1210//1210 1212//1212
f 1210//1210 1209//1209 1207//1207
f 1207//1207 1208//1208 513//513
f 1207//1207 513//513 1210//1210
f 1208//1208 1207//1207 192//192
f 1208//1208 192//192 1205//1205
f 1205//1205 1206//1206 1208//1208
f 1206//1206 1205//1205 191//191
f 1206//1206 191//191 1203//1203
f 1203//1203 1204//1204 514//514
f 1203//1203 514//514 1206//1206
f 1204//1204 1203//1203 190//190
f 1204//1204 190//190 1201//1201
f 1201//1201 1202//1202 1204//1204
f 1202//1202 1201//1201 1199//1199
f 1202//1202 1199//1199 1200//1200
f 1200//1200 515//515 1202//1202
f 1200//1200 1199//1199 1197//1197
f 1197//1197 1198//1198 516//516
f 1197//1197 516//516 1200//1200
f 1198//1198 1197//1197 189//189
f 1198//1198 189//189 1195//1195
f 1195//1195 1196//1196 517//517
f 1195//1195 517//517 1198//1198
f 1196//1196 1195//1195 1193//1193
f 1196//1196 1193//1193 1194//1194
f 1194//1194 518//518 1196//1196
f 1194//1194 1193//1193 188//188
f 1194//1194 188//188 1191//1191
f 1191//1191 1192//1192 519//519
f 1191//1191 519//519 1194//1194
f 1192//1192 1191//1191 187//187
f 1192//1192 187//187 1189//1189
f 1189//1189 1190//1190 521//521
f 1189//1189 521//521 520//520
f 1189//1189 520//520 1192//1192
f 1190//1190 1189//1189 1187//1187
f 1187//1187 1188//1188 522//522
f 1187//1187 522//522 1190//1190
f 1188//1188 1187//1187 186//186
f 1188//1188 186//186 1185//1185
f 1188//1188 1185//1185 1186//1186
f 1186//1186 523//523 1188//1188
f 1186//1186 1185//1185 185//185
f 1186//1186 185//185 1183//1183
f 1186//1186 1183//1183 1184//1184
f 1184//1184 524//524 1186//1186
f 1184//1184 1183//1183 184//184
f 1184//1184 184//184 183//183
f 1184//1184 183//183 1181//1181
f 1181//1181 1182//1182 525//525
f 1181//1181 525//525 1184//1184
f 1182//1182 1181//1181 182//182
f 1182//1182 182//182 1179//1179
f 1179//1179 1180//1180 526//526
f 1179//1179 526//526 1182//1182
f 1180//1180 1179//1179 181//181
f 1180//1180 181//181 1177//1177
f 1177//1177 1178//1178 527//527
f 1177//1177 527//527 1180//1180
f 1178//1178 1177//1177 1175//1175
f 1178//1178 1175//1175 1176//1176
f 1176//1176 528//528 1178//1178
f 1176//1176 1175//1175 180//180
f 1176//1176 180//180 1173//1173
f 1173//1173 1174//1174 1176//1176
f 1174//1174 1173//1173 179//179
f 1174//1174 179//179 1171//1171
f 1171//1171 1172//1172 529//529
f 1171//1171 529//529 1174//1174
f 1172//1172 1171//1171 178//178
f 1172//1172 178//178 1169//1169
f 1169//1169 1170//1170 530//530
f 1169//1169 530//530 1172//1172
f 1170//1170 1169//1169 177//177
f 1170//1170 177//177 1167//1167
f 1167//1167 1168//1168 1170//1170
f 1168//1168 1167//1167 1165//1165
f 1165//1165 1166//1166 1168//1168
f 1166//1166 1165//1165 176//176
f 1166//1166 176//176 1163//1163
f 1166//1166 1163//1163 1164//1164
f 1164//1164 531//531 1166//1166
f 1164//1164 1163//1163 175//175
f 1164//1164 175//175 1161//1161
f 1161//1161 1162//1162 1164//1164
f 1162//1162 1161//1161 174//174
f 1162//1162 174//174 1159//1159
f 1159//1159 1160//1160 532//532
f 1159//1159 532//532 1162//1162
f 1160//1160 1159//1159 173//173
f 1160//1160 173//173 1157//1157
f 1157//1157 1158//1158 1160//1160
f 1158//1158 1157//1157 1155//1155
f 1155//1155 1156//1156 1158//1158
f 1156//1156 1155//1155 172//172
f 1156//1156 172//172 1153//1153
f 1153//1153 1154//1154 533//533
f 1153//1153 533//533 1156//1156
f 1154//1154 1153//1153 171//171
f 1154//1154 171//171 1151//1151
f 1151//1151 1152//1152 1154//1154
f 1152//1152 1151//1151 1149//1149
f 1149//1149 1150//1150 534//534
f 1149//1149 534//534 1152//1152
f 1150//1150 1149//1149 170//170
f 1150//1150 170//170 1147//1147
f 1147//1147 1148//1148 1150//1150
f 1148//1148 1147//1147 169//169
f 1148//1148 169//169 1145//1145
f 1145//1145 1146//1146 1148//1148
f 1146//1146 1145//1145 1143//1143
f 1143//1143 1144//1144 535//535
f 1143//1143 535//535 1146//1146
f 1144//1144 1143//1143 168//168
f 1144//1144 168//168 1141//1141
f 1141//1141 1142//1142 1144//1144
f 1142//1142 1141//1141 1139//1139
f 1139//1139 1140//1140 1142//1142
f 1140//1140 1139//1139 1137//1137
f 1137//1137 1138//1138 1140//1140
f 1138//1138 1137//1137 167//167
f 1138//1138 167//167 1135//1135
f 1135//1135 1136//1136 536//536
f 1135//1135 536//536 1138//1138
f 1136//1136 1135//1135 1133//1133
f 1133//1133 1134//1134 1136//1136
f 1134//1134 1133//1133 166//166
f 1134//1134 166//166 1131//1131
f 1131//1131 1132//1132 537//537
f 1131//1131 537//537 1134//1134
f 1132//1132 1131//1131 1129//1129
f 1129//1129 1130//1130 1132//1132
f 1130//1130 1129//1129 165//165
f 1130//1130 165//165 1127//1127
f 1127//1127 1128//1128 538//538
f 1127//1127 538//538 1130//1130
f 1128//1128 1127//1127 1125//1125
f 1125//1125 1126//1126 1128//1128
f 1126//1126 1125//1125 1123//1123
f 1123//1123 1124//1124 1126//1126
f 1124//1124 1123//1123 164//164
f 1124//1124 164//164 1121//1121
f 1121//1121 1122//1122 539//539
f 1121//1121 539//539 1124//1124
f 1122//1122 1121//1121 1119//1119
f 1119//1119 1120//1120 1122//1122
f 1120//1120 1119//1119 1117//1117
f 1117//1117 1118//1118 540//540
f 1117//1117 540//540 1120//1120
f 1118//1118 1117//1117 1115//1115
f 1115//1115 1116//1116 1118//1118
f 1116//1116 1115//1115 163//163
f 1116//1116 163//163 1113//1113
f 1116//1116 1113//1113 1114//1114
f 1114//1114 541//541 1116//1116
f 1114//1114 1113//1113 162//162
f 1114//1114 162//162 1111//1111
f 1111//1111 1112//1112 542//542
f 1111//1111 542//542 1114//1114
f 1112//1112 1111//1111 1109//1109
f 1112//1112 1109//1109 1110//1110
f 1110//1110 543//543 1112//1112
f 1110//1110 1109//1109 161//161
f 1110//1110 161//161 1107//1107
f 1107//1107 1108//1108 544//544
f 1107//1107 544//544 1110//1110
f 1108//1108 1107//1107 160//160
f 1108//1108 160//160 1105//1105
f 1105//1105 1106//1106 1108//1108
f 1106//1106 1105//1105 159//159
f 1106//1106 159//159 1103//1103
f 1103//1103 1104//1104 545//545
f 1103//1103 545//545 1106//1106
f 1104//1104 1103//1103 1101//1101
f 1101//1101 1102//1102 1104//1104
f 1102//1102 1101//1101 158//158
f 1102//1102 158//158 1099//1099
f 1099//1099 1100//1100 546//546
f 1099//1099 546//546 1102//1102
f 1100//1100 1099//1099 1097//1097
f 1097//1097 1098//1098 1100//1100
f 1098//1098 1097//1097 157//157
f 1098//1098 157//157 1095//1095
f 1095//1095 1096//1096 1098//1098
f 1096//1096 1095//1095 1093//1093
f 1093//1093 1094//1094 547//547
f 1093//1093 547//547 1096//1096
f 1094//1094 1093//1093 156//156
f 1094//1094 156//156 1091//1091
f 1091//1091 1092//1092 1094//1094
f 1092//1092 1091//1091 155//155
f 1092//1092 155//155 1089//1089
f 1089//1089 1090//1090 548//548
f 1089//1089 548//548 1092//1092
f 1090//1090 1089//1089 154//154
f 1090//1090 154//154 1087//1087
f 1087//1087 1088//1088 1090//1090
f 1088//1088 1087//1087 153//153
f 1088//1088 153//153 1085//1085
f 1085//1085 1086//1086 549//549
f 1085//1085 549//549 1088//1088
f 1086//1086 1085//1085 152//152
f 1086//1086 152//152 1083//1083
f 1083//1083 1084//1084 1086//1086
f 1084//1084 1083//1083 151//151
f 1084//1084 151//151 1081//1081
f 1081//1081 1082//1082 1084//1084
f 1082//1082 1081//1081 1079//1079
f 1079//1079 1080//1080 550//550
f 1079//1079 550//550 1082//1082
f 1080//1080 1079//1079 150//150
f 1080//1080 150//150 1077//1077
f 1077//1077 1078//1078 1080//1080
f 1078//1078 1077//1077 149//149
f 1078//1078 149//149 1075//1075
f 1075//1075 1076//1076 551//551
f 1075//1075 551//551 1078//1078
f 1076//1076 1075//1075 148//148
f 1076//1076 148//148 1073//1073
f 1073//1073 1074//1074 1076//1076
f 1074//1074 1073//1073 147//147
f 1074//1074 147//147 1071//1071
f 1071//1071 1072//1072 1074//1074
f 1072//1072 1071//1071 146//146
f 1072//1072 146//146 1069//1069
f 1069//1069 1070//1070 552//552
f 1069//1069 552//552 1072//1072
f 1070//1070 1069//1069 1067//1067
f 1067//1067 1068//1068 1070//1070
f 1068//1068 1067//1067 145//145
f 1068//1068 145//145 1065//1065
f 1065//1065 1066//1066 553//553
f 1065//1065 553//553 1068//1068
f 1066//1066 1065//1065 144//144
f 1066//1066 144//144 1063//1063
f 1063//1063 1064//1064 1066//1066
f 1064//1064 1063//1063 143//143
f 1064//1064 143//143 1061//1061
f 1061//1061 1062//1062 554//554
f 1061//1061 554//554 1064//1064
f 1062//1062 1061//1061 142//142
f 1062//1062 142//142 1059//1059
f 1059//1059 1060//1060 1062//1062
f 1060//1060 1059//1059 141//141
f 1060//1060 141//141 1057//1057
f 1057//1057 1058//1058 1060//1060
f 1058//1058 1057//1057 1055//1055
f 1055//1055 1056//1056 555//555
f 1055//1055 555//555 1058//1058
f 1056//1056 1055//1055 1053//1053
f 1056//1056 1053//1053 1054//1054
f 1054//1054 556//556 1056//1056
f 1054//1054 1053//1053 140//140
f 1054//1054 140//140 1051//1051
f 1051//1051 1052//1052 557//557
f 1051//1051 557//557 1054//1054
f 1052//1052 1051//1051 139//139
f 1052//1052 139//139 1049//1049
f 1049//1049 1050//1050 1052//1052
f 1050//1050 1049//1049 138//138
f 1050//1050 138//138 1047//1047
f 1047//1047 1048//1048 558//558
f 1047//1047 558//558 1050//1050
f 1048//1048 1047//1047 137//137
f 1048//1048 137//137 1045//1045
f 1045//1045 1046//1046 559//559
f 1045//1045 559//559 1048//1048
f 1046//1046 1045//1045 136//136
f 1046//1046 136//136 135//135
f 1046//1046 135//135 1043//1043
f 1043//1043 1044//1044 1046//1046
f 1044//1044 1043//1043 134//134
f 1044//1044 134//134 1041//1041
f 1041//1041 1042//1042 1044//1044
f 1042//1042 1041//1041 133//133
f 1042//1042 133//133 132//132
f 1042//1042 132//132 1039//1039
f 1039//1039 1040//1040 560//560
f 1039//1039 560//560 1042//1042
f 1040//1040 1039//1039 131//131
f 1040//1040 131//131 1037//1037
f 1037//1037 1038//1038 1040//1040
f 1038//1038 1037//1037 130//130
f 1038//1038 130//130 1035//1035
f 1035//1035 1036//1036 1038//1038
f 1036//1036 1035//1035 129//129
f 1036//1036 129//129 1033//1033
f 1033//1033 1034//1034 561//561
f 1033//1033 561//561 1036//1036
f 1034//1034 1033//1033 1031//1031
f 1031//1031 1032//1032 1034//1034
f 1032//1032 1031//1031 128//128
f 1032//1032 128//128 1029//1029
f 1029//1029 1030//1030 1032//1032
f 1030//1030 1029//1029 127//127
f 1030//1030 127//127 1027//1027
f 1027//1027 1028//1028 562//562
f 1027//1027 562//562 1030//1030
f 1028//1028 1027//1027 126//126
f 1028//1028 126//126 1025//1025
f 1025//1025 1026//1026 1028//1028
f 1026//1026 1025//1025 125//125
f 1026//1026 125//125 1023//1023
f 1023//1023 1024//1024 563//563
f 1023//1023 563//563 1026//1026
f 1024//1024 1023//1023 124//124
f 1024//1024 124//124 1021//1021
f 1024//1024 1021//1021 1022//1022
f 1022//1022 564//564 1024//1024
f 1022//1022 1021//1021 123//123
f 1022//1022 123//123 1019//1019
f 1019//1019 1020//1020 565//565
f 1019//1019 565//565 1022//1022
f 1020//1020 1019//1019 122//122
f 1020//1020 122//122 1017//1017
f 1020//1020 1017//1017 1018//1018
f 1018//1018 566//566 1020//1020
f 1018//1018 1017//1017 1015//1015
f 1015//1015 1016//1016 567//567
f 1015//1015 567//567 1018//1018
f 1016//1016 1015//1015 121//121
f 1016//1016 121//121 1013//1013
f 1013//1013 1014//1014 1016//1016
f 1014//1014 1013//1013 120//120
f 1014//1014 120//120 1011//1011
f 1011//1011 1012//1012 568//568
f 1011//1011 568//568 1014//1014
f 1012//1012 1011//1011 1009//1009
f 1009//1009 1010//1010 1012//1012
f 1010//1010 1009//1009 1007//1007
f 1007//1007 1008//1008 1010//1010
f 1008//1008 1007//1007 119//119
f 1008//1008 119//119 1005//1005
f 1005//1005 1006//1006 569//569
f 1005//1005 569//569 1008//1008
f 1006//1006 1005//1005 1003//1003
f 1003//1003 1004//1004 1006//1006
f 1004//1004 1003//1003 118//118
f 1004//1004 118//118 1001//1001
f 1001//1001 1002//1002 1004//1004
f 1002//1002 1001//1001 999//999
f 999//999 1000//1000 570//570
f 999//999 570//570 1002//1002
f 1000//1000 999//999 117//117
f 1000//1000 117//117 997//997
f 997//997 998//998 1000//1000
f 998//998 997//997 995//995
f 995//995 996//996 998//998
f 996//996 995//995 116//116
f 996//996 116//116 993//993
f 993//993 994//994 571//571
f 993//993 571//571 996//996
f 994//994 993//993 991//991
f 991//991 992//992 994//994
f 992//992 991//991 989//989
f 989//989 990//990 572//572
f 989//989 572//572 992//992
f 990//990 989//989 987//987
f 987//987 988//988 990//990
f 988//988 987//987 985//985
f 988//988 985//985 986//986
f 986//986 573//573 988//988
f 986//986 985//985 115//115
f 986//986 115//115 983//983
f 983//983 984//984 574//574
f 983//983 574//574 986//986
f 984//984 983//983 981//981
f 981//981 982//982 984//984
f 982//982 981//981 114//114
f 982//982 114//114 979//979
f 979//979 980//980 575//575
f 979//979 575//575 982//982
f 980//980 979//979 977//977
f 977//977 978//978 576//576
f 977//977 576//576 980//980
f 978//978 977//977 975//975
f 975//975 976//976 978//978
f 976//976 975//975 113//113
f 976//976 113//113 973//973
f 973//973 974//974 577//577
f 973//973 577//577 976//976
f 974//974 973//973 971//971
f 971//971 972//972 578//578
f 971//971 578//578 974//974
f 972//972 971//971 112//112
f 972//972 112//112 969//969
f 969//969 970//970 972//972
f 970//970 969//969 967//967
f 967//967 968//968 579//579
f 967//967 579//579 970//970
f 968//968 967//967 111//111
f 968//968 111//111 965//965
f 965//965 966//966 968//968
f 966//966 965//965 110//110
f 966//966 110//110 963//963
f 966//966 963//963 964//964
f 964//964 580//580 966//966
f 964//964 963//963 961//961
f 961//961 962//962 581//581
f 961//961 581//581 964//964
f 962//962 961//961 109//109
f 962//962 109//109 959//959
f 959//959 960//960 962//962
f 960//960 959//959 957//957
f 960//960 957//957 958//958
f 958//958 582//582 960//960
f 958//958 957//957 108//108
f 958//958 108//108 107//107
f 958//958 107//107 955//955
f 955//955 956//956 583//583
f 955//955 583//583 958//958
f 956//956 955//955 106//106
f 956//956 106//106 953//953
f 953//953 954//954 584//584
f 953//953 584//584 956//956
f 954//954 953//953 951//951
f 951//951 952//952 954//954
f 952//952 951//951 105//105
f 952//952 105//105 949//949
f 952//952 949//949 950//950
f 950//950 585//585 952//952
f 950//950 949//949 104//104
f 950//950 104//104 947//947
f 947//947 948//948 586//586
f 947//947 586//586 950//950
f 948//948 947//947 103//103
f 948//948 103//103 945//945
f 945//945 946//946 948//948
f 946//946 945//945 943//943
f 943//943 944//944 587//587
f 943//943 587//587 946//946
f 944//944 943//943 102//102
f 944//944 102//102 941//941
f 941//941 942//942 588//588
f 941//941 588//588 944//944
f 942//942 941//941 101//101
f 942//942 101//101 939//939
f 939//939 940//940 589//589
f 939//939 589//589 942//942
f 940//940 939//939 100//100
f 940//940 100//100 937//937
f 937//937 938//938 940//940
f 938//938 937//937 99//99
f 938//938 99//99 935//935
f 935//935 936//936 590//590
f 935//935 590//590 938//938
f 936//936 935//935 98//98
f 936//936 98//98 933//933
f 933//933 934//934 936//936
f 934//934 933//933 931//931
f 931//931 932//932 591//591
f 931//931 591//591 934//934
f 932//932 931//931 97//97
f 932//932 97//97 929//929
f 929//929 930//930 932//932
f 930//930 929//929 96//96
f 930//930 96//96 927//927
f 927//927 928//928 930//930
f 928//928 927//927 925//925
f 925//925 926//926 592//592
f 925//925 592//592 928//928
f 926//926 925//925 923//923
f 923//923 924//924 926//926
f 924//924 923//923 95//95
f 924//924 95//95 921//921
f 921//921 922//922 593//593
f 921//921 593//593 924//924
f 922//922 921//921 919//919
f 919//919 920//920 922//922
f 920//920 919//919 917//917
f 917//917 918//918 594//594
f 917//917 594//594 920//920
f 918//918 917//917 94//94
f 918//918 94//94 915//915
f 915//915 916//916 918//918
f 916//916 915//915 913//913
f 913//913 914//914 916//916
f 914//914 913//913 93//93
f 914//914 93//93 911//911
f 914//914 911//911 912//912
f 912//912 595//595 914//914
f 912//912 911//911 909//909
f 909//909 910//910 912//912
f 910//910 909//909 907//907
f 907//907 908//908 910//910
f 908//908 907//907 92//92
f 908//908 92//92 905//905
f 905//905 906//906 596//596
f 905//905 596//596 908//908
f 906//906 905//905 903//903
f 903//903 904//904 906//906
f 904//904 903//903 91//91
f 904//904 91//91 901//901
f 901//901 902//902 904//904
f 902//902 901//901 90//90
f 902//902 90//90 899//899
f 899//899 900//900 597//597
f 899//899 597//597 902//902
f 900//900 899//899 897//897
f 897//897 898//898 598//598
f 897//897 598//598 900//900
f 898//898 897//897 89//89
f 898//898 89//89 895//895
f 895//895 896//896 898//898
f 896//896 895//895 893//893
f 893//893 894//894 599//599
f 893//893 599//599 896//896
f 894//894 893//893 88//88
f 894//894 88//88 891//891
f 891//891 892//892 600//600
f 891//891 600//600 894//894
f 892//892 891//891 87//87
f 892//892 87//87 889//889
f 889//889 890//890 892//892
f 890//890 889//889 86//86
f 890//890 86//86 85//85
f 890//890 85//85 887//887
f 890//890 887//887 888//888
f 888//888 601//601 890//890
f 888//888 887//887 84//84
f 888//888 84//84 885//885
f 885//885 886//886 602//602
f 885//885 602//602 888//888
f 886//886 885//885 883//883
f 886//886 883//883 884//884
f 884//884 603//603 886//886
f 884//884 883//883 83//83
f 884//884 83//83 881//881
f 881//881 882//882 884//884
f 882//882 881//881 879//879
f 879//879 880//880 882//882
f 880//880 879//879 82//82
f 880//880 82//82 877//877
f 877//877 878//878 604//604
f 877//877 604//604 880//880
f 878//878 877//877 875//875
f 875//875 876//876 878//878
f 876//876 875//875 81//81
f 876//876 81//81 873//873
f 873//873 874//874 876//876
f 874//874 873//873 80//80
f 874//874 80//80 871//871
f 871//871 872//872 605//605
f 871//871 605//605 874//874
f 872//872 871//871 869//869
f 869//869 870//870 872//872
f 870//870 869//869 867//867
f 867//867 868//868 606//606
f 867//867 606//606 870//870
f 868//868 867//867 79//79
f 868//868 79//79 865//865
f 865//865 866//866 868//868
f 866//866 865//865 863//863
f 863//863 864//864 607//607
f 863//863 607//607 866//866
f 864//864 863//863 861//861
f 861//861 862//862 864//864
f 862//862 861//861 78//78
f 862//862 78//78 859//859
f 859//859 860//860 862//862
f 860//860 859//859 857//857
f 857//857 858//858 608//608
f 857//857 608//608 860//860
f 858//858 857//857 77//77
f 858//858 77//77 855//855
f 855//855 856//856 609//609
f 855//855 609//609 858//858
f 856//856 855//855 853//853
f 853//853 854//854 856//856
f 854//854 853//853 851//851
f 851//851 852//852 610//610
f 851//851 610//610 854//854
f 852//852 851//851 76//76
f 852//852 76//76 849//849
f 849//849 850//850 852//852
f 850//850 849//849 75//75
f 850//850 75//75 847//847
f 847//847 848//848 611//611
f 847//847 611//611 850//850
f 848//848 847//847 74//74
f 848//848 74//74 845//845
f 848//848 845//845 846//846
f 846//846 612//612 848//848
f 846//846 845//845 843//843
f 843//843 844//844 846//846
f 844//844 843//843 841//841
f 844//844 841//841 842//842
f 842//842 613//613 844//844
f 842//842 841//841 839//839
f 839//839 840//840 614//614
f 839//839 614//614 842//842
f 840//840 839//839 837//837
f 837//837 838//838 840//840
f 838//838 837//837 835//835
f 835//835 836//836 615//615
f 835//835 615//615 838//838
f 836//836 835//835 73//73
f 836//836 73//73 833//833
f 833//833 834//834 616//616
f 833//833 616//616 836//836
f 834//834 833//833 831//831
f 831//831 832//832 834//834
f 832//832 831//831 72//72
f 832//832 72//72 829//829
f 829//829 830//830 617//617
f 829//829 617//617 832//832
f 830//830 829//829 71//71
f 830//830 71//71 827//827
f 827//827 828//828 618//618
f 827//827 618//618 830//830
f 828//828 827//827 825//825
f 825//825 826//826 828//828
f 826//826 825//825 70//70
f 826//826 70//70 823//823
f 826//826 823//823 824//824
f 824//824 619//619 826//826
f 824//824 823//823 821//821
f 821//821 822//822 824//824
f 822//822 821//821 69//69
f 822//822 69//69 819//819
f 819//819 820//820 620//620
f 819//819 620//620 822//822
f 820//820 819//819 817//817
f 817//817 818//818 820//820
f 818//818 817//817 68//68
f 818//818 68//68 815//815
f 815//815 816//816 621//621
f 815//815 621//621 818//818
f 816//816 815//815 813//813
f 813//813 814//814 816//816
f 814//814 813//813 67//67
f 814//814 67//67 811//811
f 811//811 812//812 622//622
f 811//811 622//622 814//814
f 812//812 811//811 66//66
f 812//812 66//66 809//809
f 809//809 810//810 812//812
f 810//810 809//809 807//807
f 807//807 808//808 623//623
f 807//807 623//623 810//810
f 808//808 807//807 65//65
f 808//808 65//65 805//805
f 805//805 806//806 808//808
f 806//806 805//805 803//803
f 803//803 804//804 806//806
f 804//804 803//803 64//64
f 804//804 64//64 801//801
f 801//801 802//802 624//624
f 801//801 624//624 804//804
f 802//802 801//801 63//63
f 802//802 63//63 799//799
f 799//799 800//800 625//625
f 799//799 625//625 802//802
f 800//800 799//799 62//62
f 800//800 62//62 797//797
f 797//797 798//798 800//800
f 798//798 797//797 795//795
f 795//795 796//796 626//626
f 795//795 626//626 798//798
f 796//796 795//795 61//61
f 796//796 61//61 793//793
f 793//793 794//794 796//796
f 794//794 793//793 791//791
f 791//791 792//792 794//794
f 792//792 791//791 60//60
f 792//792 60//60 789//789
f 789//789 790//790 627//627
f 789//789 627//627 792//792
f 790//790 789//789 787//787
f 787//787 788//788 790//790
f 788//788 787//787 59//59
f 788//788 59//59 785//785
f 785//785 786//786 788//788
f 786//786 785//785 783//783
f 783//783 784//784 628//628
f 783//783 628//628 786//786
f 784//784 783//783 58//58
f 784//784 58//58 781//781
f 781//781 782//782 784//784
f 782//782 781//781 779//779
f 779//779 780//780 782//782
f 780//780 779//779 57//57
f 780//780 57//57 777//777
f 777//777 778//778 780//780
f 778//778 777//777 775//775
f 775//775 776//776 778//778
f 776//776 775//775 56//56
f 776//776 56//56 773//773
f 773//773 774//774 629//629
f 773//773 629//629 776//776
f 774//774 773//773 55//55
f 774//774 55//55 771//771
f 771//771 772//772 774//774
f 772//772 771//771 769//769
f 769//769 770//770 772//772
f 770//770 769//769 54//54
f 770//770 54//54 767//767
f 767//767 768//768 630//630
f 767//767 630//630 770//770
f 768//768 767//767 765//765
f 765//765 766//766 768//768
f 766//766 765//765 53//53
f 766//766 53//53 763//763
f 763//763 764//764 766//766
f 764//764 763//763 52//52
f 764//764 52//52 51//51
f 764//764 51//51 761//761
f 764//764 761//761 762//762
f 762//762 631//631 764//764
f 762//762 761//761 50//50
f 762//762 50//50 759//759
f 759//759 760//760 632//632
f 759//759 632//632 762//762
f 760//760 759//759 49//49
f 760//760 49//49 48//48
f 760//760 48//48 757//757
f 760//760 757//757 758//758
f 758//758 633//633 760//760
f 758//758 757//757 47//47
f 758//758 47//47 755//755
f 755//755 756//756 758//758
f 756//756 755//755 753//753
f 753//753 754//754 756//756
f 754//754 753//753 46//46
f 754//754 46//46 751//751
f 751//751 752//752 634//634
f 751//751 634//634 754//754
f 752//752 751//751 45//45
f 752//752 45//45 749//749
f 749//749 750//750 752//752
f 750//750 749//749 747//747
f 747//747 748//748 750//750
f 748//748 747//747 44//44
f 748//748 44//44 745//745
f 745//745 746//746 635//635
f 745//745 635//635 748//748
f 746//746 745//745 43//43
f 746//746 43//43 743//743
f 743//743 744//744 746//746
f 744//744 743//743 42//42
f 744//744 42//42 41//41
f 744//744 41//41 741//741
f 741//741 742//742 744//744
f 742//742 741//741 40//40
f 742//742 40//40 739//739
f 739//739 740//740 636//636
f 739//739 636//636 742//742
f 740//740 739//739 39//39
f 740//740 39//39 38//38
f 740//740 38//38 737//737
f 737//737 738//738 740//740
f 738//738 737//737 37//37
f 738//738 37//37 735//735
f 735//735 736//736 738//738
f 736//736 735//735 36//36
f 736//736 36//36 733//733
f 733//733 734//734 637//637
f 733//733 637//637 736//736
f 734//734 733//733 35//35
f 734//734 35//35 34//34
f 734//734 34//34 731//731
f 731//731 732//732 734//734
f 732//732 731//731 729//729
f 732//732 729//729 730//730
f 730//730 638//638 732//732
f 730//730 729//729 33//33
f 730//730 33//33 727//727
f 727//727 728//728 639//639
f 727//727 639//639 730//730
f 728//728 727//727 32//32
f 728//728 32//32 725//725
f 725//725 726//726 640//640
f 725//725 640//640 728//728
f 726//726 725//725 723//723
f 723//723 724//724 641//641
f 723//723 641//641 726//726
f 724//724 723//723 31//31
f 724//724 31//31 721//721
f 721//721 722//722 724//724
f 722//722 721//721 719//719
f 719//719 720//720 722//722
f 720//720 719//719 30//30
f 720//720 30//30 717//717
f 720//720 717//717 718//718
f 718//718 642//642 720//720
f 718//718 717//717 29//29
f 718//718 29//29 715//715
f 715//715 716//716 718//718
f 716//716 715//715 28//28
f 716//716 28//28 713//713
f 713//713 714//714 643//643
f 713//713 643//643 716//716
f 714//714 713//713 27//27
f 714//714 27//27 711//711
f 711//711 712//712 714//714
f 712//712 711//711 709//709
f 712//712 709//709 710//710
f 710//710 644//644 712//712
f 710//710 709//709 26//26
f 710//710 26//26 707//707
f 707//707 708//708 710//710
f 708//708 707//707 705//705
f 705//705 706//706 708//708
f 706//706 705//705 25//25
f 706//706 25//25 703//703
f 703//703 704//704 645//645
f 703//703 645//645 706//706
f 704//704 703//703 701//701
f 701//701 702//702 646//646
f 701//701 646//646 704//704
f 702//702 701//701 24//24
f 702//702 24//24 699//699
f 699//699 700//700 647//647
f 699//699 647//647 702//702
f 700//700 699//699 23//23
f 700//700 23//23 22//22
f 700//700 22//22 697//697
f 697//697 698//698 649//649
f 697//697 649//649 648//648
f 697//697 648//648 700//700
f 698//698 697//697 21//21
f 698//698 21//21 20//20
f 698//698 20//20 695//695
f 695//695 696//696 698//698
f 696//696 695//695 19//19
f 696//696 19//19 693//693
f 693//693 694//694 650//650
f 693//693 650//650 696//696
f 694//694 693//693 691//691
f 691//691 692//692 694//694
f 692//692 691//691 18//18
f 692//692 18//18 689//689
f 689//689 690//690 651//651
f 689//689 651//651 692//692
f 690//690 689//689 17//17
f 690//690 17//17 16//16
f 690//690 16//16 687//687
f 690//690 687//687 688//688
f 688//688 652//652 690//690
f 688//688 687//687 15//15
f 688//688 15//15 685//685
f 685//685 686//686 653//653
f 685//685 653//653 688//688
f 686//686 685//685 14//14
f 686//686 14//14 683//683
f 683//683 684//684 654//654
f 683//683 654//654 686//686
f 684//684 683//683 13//13
f 684//684 13//13 681//681
f 684//684 681//681 682//682
f 682//682 655//655 684//684
f 682//682 681//681 12//12
f 682//682 12//12 679//679
f 682//682 679//679 680//680
f 680//680 656//656 682//682
f 680//680 679//679 11//11
f 680//680 11//11 677//677
f 677//677 678//678 657//657
f 677//677 657//657 680//680
f 678//678 677//677 10//10
f 678//678 10//10 675//675
f 678//678 675//675 676//676
f 676//676 658//658 678//678
f 676//676 675//675 9//9
f 676//676 9//9 8//8
f 676//676 8//8 7//7
f 676//676 7//7 673//673
f 673//673 674//674 659//659
f 673//673 659//659 676//676
f 674//674 673//673 6//6
f 674//674 6//6 5//5
f 674//674 5//5 671//671
f 674//674 671//671 672//672
f 672//672 660//660 674//674
f 672//672 671//671 4//4
f 672//672 4//4 669//669
f 669//669 670//670 662//662
f 669//669 662//662 661//661
f 669//669 661//661 672//672
f 670//670 669//669 3//3
f 670//670 3//3 2//2
f 670//670 2//2 1//1
f 1//1 502//502 663//663
f 1//1 663//663 670//670
o TyreFL
v 3.525 0.68 0.335
v 3.52636 0.68 0.365101
v 3.53059 0.68 0.395958
v 3.53793 0.68 0.427178
v 3.54852 0.68 0.458312
v 3.56242 0.68 0.488864
v 3.57961 0.68 0.518315
v 3.59992 0.68 0.54615
v 3.62312 0.68 0.571881
v 3.64885 0.68 0.595078
v 3.67668 0.68 0.615393
v 3.70614 0.68 0.632575
v 3.73669 0.68 0.646479
v 3.76782 0.68 0.657069
v 3.79904 0.68 0.664407
v 3.8299 0.68 0.668645
v 3.86 0.68 0.67
v 3.8901 0.68 0.668645
v 3.92096 0.68 0.664407
v 3.95218 0.68 0.657069
v 3.98331 0.68 0.646479
v 4.01386 0.68 0.632575
v 4.04332 0.68 0.615393
v 4.07115 0.68 0.595078
v 4.09688 0.68 0.571881
v 4.12008 0.68 0.54615
v 4.14039 0.68 0.518315
v 4.15758 0.68 0.488864
v 4.17148 0.68 0.458312
v 4.18207 0.68 0.427178
v 4.18941 0.68 0.395958
v 4.19364 0.68 0.365101
v 4.195 0.68 0.335
v 4.19364 0.68 0.304899
v 4.18941 0.68 0.274042
v 4.18207 0.68 0.242822
v 4.17148 0.68 0.211688
v 4.15758 0.68 0.181136
v 4.14039 0.68 0.151685
v 4.12008 0.68 0.12385
v 4.09688 0.68 0.0981192
v 4.07115 0.68 0.0749217
v 4.04332 0.68 0.0546065
v 4.01386 0.68 0.0374249
v 3.98331 0.68 0.0235209
v 3.95218 0.68 0.0129313
v 3.92096 0.68 0.0055927
v 3.8901 0.68 0.00135511
v 3.86 0.68 5.55112e-17
v 3.8299 0.68 0.00135511
v 3.79904 0.68 0.0055927
v 3.76782 0.68 0.0129313
v 3.73669 0.68 0.0235209
v 3.70614 0.68 0.0374249
v 3.67668 0.68 0.0546065
v 3.64885 0.68 0.0749217
v 3.62312 0.68 0.0981192
v 3.59992 0.68 0.12385
v 3.57961 0.68 0.151685
v 3.56242 0.68 0.181136
v 3.54852 0.68 0.211688
v 3.53793 0.68 0.242822
v 3.53059 0.68 0.274042
v 3.52636 0.68 0.304899
v 3.525 0.8075 0.335
v 3.52636 0.8075 0.365101
v 3.53059 0.8075 0.395958
v 3.53793 0.8075 0.427178
v 3.54852 0.8075 0.458312
v 3.56242 0.8075 0.488864
v 3.57961 0.8075 0.518315
v 3.59992 0.8075 0.54615
v 3.62312 0.8075 0.571881
v 3.64885 0.8075 0.595078
v 3.67668 0.8075 0.615393
v 3.70614 0.8075 0.632575
v 3.73669 0.8075 0.646479
v 3.76782 0.8075 0.657069
v 3.79904 0.8075 0.664407
v 3.8299 0.8075 0.668645
v 3.86 0.8075 0.67
v 3.8901 0.8075 0.668645
v 3.92096 0.8075 0.664407
v 3.95218 0.8075 0.657069
v 3.98331 0.8075 0.646479
v 4.01386 0.8075 0.632575
v 4.04332 0.8075 0.615393
v 4.07115 0.8075 0.595078
v 4.09688 0.8075 0.571881
v 4.12008 0.8075 0.54615
v 4.14039 0.8075 0.518315
v 4.15758 0.8075 0.488864
v 4.17148 0.8075 0.458312
v 4.18207 0.8075 0.427178
v 4.18941 0.8075 0.395958
v 4.19364 0.8075 0.365101
v 4.195 0.8075 0.335
v 4.19364 0.8075 0.304899
v 4.18941 0.8075 0.274042
v 4.18207 0.8075 0.242822
v 4.17148 0.8075 0.211688
v 4.15758 0.8075 0.181136
v 4.14039 0.8075 0.151685
v 4.12008 0.8075 0.12385
v 4.09688 0.8075 0.0981192
v 4.07115 0.8075 0.0749217
v 4.04332 0.8075 0.0546065
v 4.01386 0.8075 0.0374249
v 3.98331 0.8075 0.0235209
v 3.95218 0.8075 0.0129313
v 3.92096 0.8075 0.0055927
v 3.8901 0.8075 0.00135511
v 3.86 0.8075 5.55112e-17
v 3.8299 0.8075 0.00135511
v 3.79904 0.8075 0.0055927
v 3.76782 0.8075 0.0129313
v 3.73669 0.8075 0.0235209
v 3.70614 0.8075 0.0374249
v 3.67668 0.8075 0.0546065
v 3.64885 0.8075 0.0749217
v 3.62312 0.8075 0.0981192
v 3.59992 0.8075 0.12385
v 3.57961 0.8075 0.151685
v 3.56242 0.8075 0.181136
v 3.54852 0.8075 0.211688
v 3.53793 0.8075 0.242822
v 3.53059 0.8075 0.274042
v 3.52636 0.8075 0.304899
v 3.525 0.935 0.335
v 3.52636 0.935 0.365101
v 3.53059 0.935 0.395958
v 3.53793 0.935 0.427178
v 3.54852 0.935 0.458312
v 3.56242 0.935 0.488864
v 3.57961 0.935 0.518315
v 3.59992 0.935 0.54615
v 3.62312 0.935 0.571881
v 3.64885 0.935 0.595078
v 3.67668 0.935 0.615393
v 3.70614 0.935 0.632575
v 3.73669 0.935 0.646479
v 3.76782 0.935 0.657069
v 3.79904 0.935 0.664407
v 3.8299 0.935 0.668645
v 3.86 0.935 0.67
v 3.8901 0.935 0.668645
v 3.92096 0.935 0.664407
v 3.95218 0.935 0.657069
v 3.98331 0.935 0.646479
v 4.01386 0.935 0.632575
v 4.04332 0.935 0.615393
v 4.07115 0.935 0.595078
v 4.09688 0.935 0.571881
v 4.12008 0.935 0.54615
v 4.14039 0.935 0.518315
v 4.15758 0.935 0.488864
v 4.17148 0.935 0.458312
v 4.18207 0.935 0.427178
v 4.18941 0.935 0.395958
v 4.19364 0.935 0.365101
v 4.195 0.935 0.335
v 4.19364 0.935 0.304899
v 4.18941 0.935 0.274042
v 4.18207 0.935 0.242822
v 4.17148 0.935 0.211688
v 4.15758 0.935 0.181136
v 4.14039 0.935 0.151685
v 4.12008 0.935 0.12385
v 4.09688 0.935 0.0981192
v 4.07115 0.935 0.0749217
v 4.04332 0.935 0.0546065
v 4.01386 0.935 0.0374249
v 3.98331 0.935 0.0235209
v 3.95218 0.935 0.0129313
v 3.92096 0.935 0.0055927
v 3.8901 0.935 0.00135511
v 3.86 0.935 5.55112e-17
v 3.8299 0.935 0.00135511
v 3.79904 0.935 0.0055927
v 3.76782 0.935 0.0129313
v 3.73669 0.935 0.0235209
v 3.70614 0.935 0.0374249
v 3.67668 0.935 0.0546065
v 3.64885 0.935 0.0749217
v 3.62312 0.935 0.0981192
v 3.59992 0.935 0.12385
v 3.57961 0.935 0.151685
v 3.56242 0.935 0.181136
v 3.54852 0.935 0.211688
v 3.53793 0.935 0.242822
v 3.53059 0.935 0.274042
v 3.52636 0.935 0.304899
v 3.54281 0.935 0.442786
v 3.55506 0.935 0.473693
v 3.57061 0.935 0.50376
v 3.58939 0.935 0.532466
v 3.61118 0.935 0.559307
v 3.63569 0.935 0.58382
v 3.66253 0.935 0.605614
v 3.69124 0.935 0.624388
v 3.72131 0.935 0.639942
v 3.75221 0.935 0.652186
v 3.96779 0.935 0.652186
v 3.99869 0.935 0.639942
v 4.02876 0.935 0.624388
v 4.05747 0.935 0.605614
v 4.08431 0.935 0.58382
v 4.10882 0.935 0.559307
v 4.13061 0.935 0.532466
v 4.14939 0.935 0.50376
v 4.16494 0.935 0.473693
v 4.17719 0.935 0.442786
v 4.17719 0.935 0.227214
v 4.16494 0.935 0.196307
v 4.14939 0.935 0.16624
v 4.13061 0.935 0.137534
v 4.10882 0.935 0.110693
v 4.08431 0.935 0.0861798
v 4.05747 0.935 0.0643857
v 4.02876 0.935 0.0456124
v 3.99869 0.935 0.0300584
v 3.96779 0.935 0.0178136
v 3.75221 0.935 0.0178136
v 3.72131 0.935 0.0300584
v 3.69124 0.935 0.0456124
v 3.66253 0.935 0.0643857
v 3.63569 0.935 0.0861798
v 3.61118 0.935 0.110693
v 3.58939 0.935 0.137534
v 3.57061 0.935 0.16624
v 3.55506 0.935 0.196307
v 3.54281 0.935 0.227214
v 3.54281 0.68 0.227214
v 3.55506 0.68 0.196307
v 3.57061 0.68 0.16624
v 3.58939 0.68 0.137534
v 3.61118 0.68 0.110693
v 3.63569 0.68 0.0861798
v 3.66253 0.68 0.0643857
v 3.69124 0.68 0.0456124
v 3.72131 0.68 0.0300584
v 3.75221 0.68 0.0178136
v 3.96779 0.68 0.0178136
v 3.99869 0.68 0.0300584
v 4.02876 0.68 0.0456124
v 4.05747 0.68 0.0643857
v 4.08431 0.68 0.0861798
v 4.10882 0.68 0.110693
v 4.13061 0.68 0.137534
v 4.14939 0.68 0.16624
v 4.16494 0.68 0.196307
v 4.17719 0.68 0.227214
v 4.17719 0.68 0.442786
v 4.16494 0.68 0.473693
v 4.14939 0.68 0.50376
v 4.13061 0.68 0.532466
v 4.10882 0.68 0.559307
v 4.08431 0.68 0.58382
v 4.05747 0.68 0.605614
v 4.02876 0.68 0.624388
v 3.99869 0.68 0.639942
v 3.96779 0.68 0.652186
v 3.75221 0.68 0.652186
v 3.72131 0.68 0.639942
v 3.69124 0.68 0.624388
v 3.66253 0.68 0.605614
v 3.63569 0.68 0.58382
v 3.61118 0.68 0.559307
v 3.58939 0.68 0.532466
v 3.57061 0.68 0.50376
v 3.55506 0.68 0.473693
v 3.54281 0.68 0.442786
vn -0.894427 -0.447214 -1.02405e-16
vn -0.704246 -0.707107 0.0635367
vn -0.695302 -0.707107 0.128667
vn -0.679812 -0.707107 0.194566
vn -0.65746 -0.707107 0.260282
vn -0.628112 -0.707107 0.32477
vn -0.591845 -0.707107 0.386936
vn -0.548965 -0.707107 0.445688
vn -0.5 -0.707107 0.5
vn -0.445688 -0.707107 0.548965
vn -0.386936 -0.707107 0.591845
vn -0.32477 -0.707107 0.628112
vn -0.260282 -0.707107 0.65746
vn -0.194566 -0.707107 0.679812
vn -0.128667 -0.707107 0.695302
vn -0.0635367 -0.707107 0.704246
vn 0 -0.707107 0.707107
vn 0.0635367 -0.707107 0.704246
vn 0.128667 -0.707107 0.695302
vn 0.194566 -0.707107 0.679812
vn 0.260282 -0.707107 0.65746
vn 0.32477 -0.707107 0.628112
vn 0.386936 -0.707107 0.591845
vn 0.445688 -0.707107 0.548965
vn 0.5 -0.707107 0.5
vn 0.548965 -0.707107 0.445688
vn 0.591845 -0.707107 0.386936
vn 0.628112 -0.707107 0.32477
vn 0.65746 -0.707107 0.260282
vn 0.679812 -0.707107 0.194566
vn 0.695302 -0.707107 0.128667
vn 0.704246 -0.707107 0.0635367
vn 0.707107 -0.707107 -7.85046e-17
vn 0.704246 -0.707107 -0.0635367
vn 0.695302 -0.707107 -0.128667
vn 0.679812 -0.707107 -0.194566
vn 0.65746 -0.707107 -0.260282
vn 0.628112 -0.707107 -0.32477
vn 0.591845 -0.707107 -0.386936
vn 0.548965 -0.707107 -0.445688
vn 0.5 -0.707107 -0.5
vn 0.445688 -0.707107 -0.548965
vn 0.386936 -0.707107 -0.591845
vn 0.32477 -0.707107 -0.628112
vn 0.260282 -0.707107 -0.65746
vn 0.194566 -0.707107 -0.679812
vn 0.128667 -0.707107 -0.695302
vn 0.0635367 -0.707107 -0.704246
vn 6.79094e-17 -0.707107 -0.707107
vn -0.0635367 -0.707107 -0.704246
vn -0.128667 -0.707107 -0.695302
vn -0.194566 -0.707107 -0.679812
vn -0.260282 -0.707107 -0.65746
vn -0.32477 -0.707107 -0.628112
vn -0.386936 -0.707107 -0.591845
vn -0.445688 -0.707107 -0.548965
vn -0.5 -0.707107 -0.5
vn -0.548965 -0.707107 -0.445688
vn -0.591845 -0.707107 -0.386936
vn -0.628112 -0.707107 -0.32477
vn -0.65746 -0.707107 -0.260282
vn -0.679812 -0.707107 -0.194566
vn -0.695302 -0.707107 -0.128667
vn -0.704246 -0.707107 -0.0635367
vn -1 0 9.37369e-16
vn -0.995955 0 0.0898544
vn -0.983305 0 0.181963
vn -0.961399 0 0.275158
vn -0.929788 0 0.368095
vn -0.888284 0 0.459295
vn -0.836996 0 0.54721
vn -0.776353 0 0.630298
vn -0.707107 0 0.707107
vn -0.630298 0 0.776353
vn -0.54721 0 0.836996
vn -0.459295 0 0.888284
vn -0.368095 0 0.929788
vn -0.275158 0 0.961399
vn -0.181963 0 0.983305
vn -0.0898544 0 0.995955
vn -3.51513e-16 0 1
vn 0.0898544 -0 0.995955
vn 0.181963 -0 0.983305
vn 0.275158 -0 0.961399
vn 0.368095 -0 0.929788
vn 0.459295 -0 0.888284
vn 0.54721 -0 0.836996
vn 0.630298 -0 0.776353
vn 0.707107 -0 0.707107
vn 0.776353 -0 0.630298
vn 0.836996 -0 0.54721
vn 0.888284 -0 0.459295
vn 0.929788 -0 0.368095
vn 0.961399 -0 0.275158
vn 0.983305 -0 0.181963
vn 0.995955 -0 0.0898544
vn 1 -0 0
vn 0.995955 0 -0.0898544
vn 0.983305 0 -0.181963
vn 0.961399 0 -0.275158
vn 0.929788 0 -0.368095
vn 0.888284 0 -0.459295
vn 0.836996 0 -0.54721
vn 0.776353 0 -0.630298
vn 0.707107 0 -0.707107
vn 0.630298 0 -0.776353
vn 0.54721 0 -0.836996
vn 0.459295 0 -0.888284
vn 0.368095 0 -0.929788
vn 0.275158 0 -0.961399
vn 0.181963 0 -0.983305
vn 0.0898544 0 -0.995955
vn 1.65705e-16 0 -1
vn -0.0898544 0 -0.995955
vn -0.181963 0 -0.983305
vn -0.275158 0 -0.961399
vn -0.368095 0 -0.929788
vn -0.459295 0 -0.888284
vn -0.54721 0 -0.836996
vn -0.630298 0 -0.776353
vn -0.707107 0 -0.707107
vn -0.776353 0 -0.630298
vn -0.836996 0 -0.54721
vn -0.888284 0 -0.459295
vn -0.929788 0 -0.368095
vn -0.961399 0 -0.275158
vn -0.983305 0 -0.181963
vn -0.995955 0 -0.0898544
vn -0.894427 0.447214 9.93014e-17
vn -0.704246 0.707107 0.0635367
vn -0.695302 0.707107 0.128667
vn -0.679812 0.707107 0.194566
vn -0.65746 0.707107 0.260282
vn -0.628112 0.707107 0.32477
vn -0.591845 0.707107 0.386936
vn -0.548965 0.707107 0.445688
vn -0.5 0.707107 0.5
vn -0.445688 0.707107 0.548965
vn -0.386936 0.707107 0.591845
vn -0.32477 0.707107 0.628112
vn -0.260282 0.707107 0.65746
vn -0.194566 0.707107 0.679812
vn -0.128667 0.707107 0.695302
vn -0.0635367 0.707107 0.704246
vn 0 0.707107 0.707107
vn 0.0635367 0.707107 0.704246
vn 0.128667 0.707107 0.695302
vn 0.194566 0.707107 0.679812
vn 0.260282 0.707107 0.65746
vn 0.32477 0.707107 0.628112
vn 0.386936 0.707107 0.591845
vn 0.445688 0.707107 0.548965
vn 0.5 0.707107 0.5
vn 0.548965 0.707107 0.445688
vn 0.591845 0.707107 0.386936
vn 0.628112 0.707107 0.32477
vn 0.65746 0.707107 0.260282
vn 0.679812 0.707107 0.194566
vn 0.695302 0.707107 0.128667
vn 0.704246 0.707107 0.0635367
vn 0.707107 0.707107 1.61916e-16
vn 0.704246 0.707107 -0.0635367
vn 0.695302 0.707107 -0.128667
vn 0.679812 0.707107 -0.194566
vn 0.65746 0.707107 -0.260282
vn 0.628112 0.707107 -0.32477
vn 0.591845 0.707107 -0.386936
vn 0.548965 0.707107 -0.445688
vn 0.5 0.707107 -0.5
vn 0.445688 0.707107 -0.548965
vn 0.386936 0.707107 -0.591845
vn 0.32477 0.707107 -0.628112
vn 0.260282 0.707107 -0.65746
vn 0.194566 0.707107 -0.679812
vn 0.128667 0.707107 -0.695302
vn 0.0635367 0.707107 -0.704246
vn 8.37821e-17 0.707107 -0.707107
vn -0.0635367 0.707107 -0.704246
vn -0.128667 0.707107 -0.695302
vn -0.194566 0.707107 -0.679812
vn -0.260282 0.707107 -0.65746
vn -0.32477 0.707107 -0.628112
vn -0.386936 0.707107 -0.591845
vn -0.445688 0.707107 -0.548965
vn -0.5 0.707107 -0.5
vn -0.548965 0.707107 -0.445688
vn -0.591845 0.707107 -0.386936
vn -0.628112 0.707107 -0.32477
vn -0.65746 0.707107 -0.260282
vn -0.679812 0.707107 -0.194566
vn -0.695302 0.707107 -0.128667
vn -0.704246 0.707107 -0.0635367
vn 1.11022e-16 1 2.22045e-16
vn 1.03806e-16 1 -0
vn 0 1 2.22045e-16
vn 1.11022e-16 1 -0
vn 0 1 2.22045e-16
vn 0 1 -0
vn 0 1 1.11022e-16
vn 0 1 2.22045e-16
vn 0 1 1.11022e-16
vn 0 1 1.11022e-16
vn 0 1 1.66533e-16
vn 0 1 1.11022e-16
vn 0 1 1.66533e-16
vn 0 1 1.11022e-16
vn 0 1 2.498e-16
vn 0 1 2.77556e-17
vn 1.11022e-16 1 2.22045e-16
vn 1.03806e-16 1 2.22045e-16
vn 1.03806e-16 1 2.35922e-16
vn 1.11022e-16 1 2.22045e-16
vn 1.59317e-16 1 2.35922e-16
vn 1.07414e-16 1 2.35922e-16
vn -5.19029e-17 1 2.77556e-17
vn 1.62925e-16 1 2.77556e-17
vn 2.05391e-17 1 2.498e-16
vn -4.82947e-17 1 2.498e-16
vn 2.23432e-17 1 1.11022e-16
vn -1.87073e-16 1 1.66533e-16
vn 1.87975e-16 1 1.11022e-16
vn -9.62425e-17 1 1.66533e-16
vn 1.21292e-16 1 2.22045e-16
vn -1.02696e-17 1 2.22045e-16
vn 5.3707e-17 1 2.22045e-16
vn 2.59515e-17 1 1.11022e-16
vn 1.62925e-16 1 -0
vn 2.05391e-17 1 2.22045e-16
vn 1.62925e-16 1 2.22045e-16
vn 1.62925e-16 1 -0
vn 1.07414e-16 1 -0
vn 5.19029e-17 1 2.22045e-16
vn 5.55112e-17 -1 -2.35922e-16
vn -9.32587e-17 -1 -2.35922e-16
vn 9.32587e-17 -1 -2.35922e-16
vn 3.77476e-17 -1 -1.249e-16
vn -9.99201e-18 -1 -2.498e-16
vn 5.66214e-17 -1 -1.38778e-16
vn -4.996e-18 -1 -1.38778e-16
vn -2.77556e-17 -1 -1.11022e-16
vn -2.33147e-17 -1 -1.66533e-16
vn 5.16254e-17 -1 -1.66533e-16
vn 5.10703e-17 -1 -1.11022e-16
vn 1.21569e-16 -1 -1.11022e-16
vn -3.38618e-17 -1 -2.22045e-16
vn 2.88658e-17 -1 -1.11022e-16
vn -4.77396e-17 -1 -1.11022e-16
vn 1.77636e-17 -1 -1.11022e-16
vn 7.54952e-17 -1 -1.11022e-16
vn 1.77636e-17 -1 -1.11022e-16
vn -3.77476e-17 -1 -1.11022e-16
vn 7.54952e-17 -1 -1.11022e-16
vn 0 -1 -2.22045e-16
vn 7.54952e-17 -1 -1.11022e-16
vn -7.54952e-17 -1 -2.22045e-16
vn 0 -1 -1.11022e-16
vn 0 -1 -1.11022e-16
vn 0 -1 -1.11022e-16
vn 0 -1 -1.11022e-16
vn 0 -1 -2.22045e-16
vn 1.2326e-32 -1 -1.11022e-16
vn 0 -1 -1.11022e-16
vn 0 -1 -5.55112e-17
vn 0 -1 -1.66533e-16
vn 0 -1 -1.66533e-16
vn 0 -1 -1.38778e-16
vn 0 -1 -1.66533e-16
vn 0 -1 -1.11022e-16
vn -1.11022e-16 -1 -1.249e-16
vn 0 -1 -1.249e-16
vn 7.54952e-17 -1 -1.249e-16
vn 1.11022e-16 -1 -1.11022e-16
g TyreFL_rubber
usemtl rubber
f 1243//1243 1244//1244 1308//1308
f 1243//1243 1308//1308 1307//1307
f 1244//1244 1245//1245 1309//1309
f 1244//1244 1309//1309 1308//1308
f 1245//1245 1246//1246 1310//1310
f 1245//1245 1310//1310 1309//1309
f 1246//1246 1247//1247 1311//1311
f 1246//1246 1311//1311 1310//1310
f 1247//1247 1248//1248 1312//1312
f 1247//1247 1312//1312 1311//1311
f 1248//1248 1249//1249 1313//1313
f 1248//1248 1313//1313 1312//1312
f 1249//1249 1250//1250 1314//1314
f 1249//1249 1314//1314 1313//1313
f 1250//1250 1251//1251 1315//1315
f 1250//1250 1315//1315 1314//1314
f 1251//1251 1252//1252 1316//1316
f 1251//1251 1316//1316 1315//1315
f 1252//1252 1253//1253 1317//1317
f 1252//1252 1317//1317 1316//1316
f 1253//1253 1254//1254 1318//1318
f 1253//1253 1318//1318 1317//1317
f 1254//1254 1255//1255 1319//1319
f 1254//1254 1319//1319 1318//1318
f 1255//1255 1256//1256 1320//1320
f 1255//1255 1320//1320 1319//1319
f 1256//1256 1257//1257 1321//1321
f 1256//1256 1321//1321 1320//1320
f 1257//1257 1258//1258 1322//1322
f 1257//1257 1322//1322 1321//1321
f 1258//1258 1259//1259 1323//1323
f 1258//1258 1323//1323 1322//1322
f 1259//1259 1260//1260 1324//1324
f 1259//1259 1324//1324 1323//1323
f 1260//1260 1261//1261 1325//1325
f 1260//1260 1325//1325 1324//1324
f 1261//1261 1262//1262 1326//1326
f 1261//1261 1326//1326 1325//1325
f 1262//1262 1263//1263 1327//1327
f 1262//1262 1327//1327 1326//1326
f 1263//1263 1264//1264 1328//1328
f 1263//1263 1328//1328 1327//1327
f 1264//1264 1265//1265 1329//1329
f 1264//1264 1329//1329 1328//1328
f 1265//1265 1266//1266 1330//1330
f 1265//1265 1330//1330 1329//1329
f 1266//1266 1267//1267 1331//1331
f 1266//1266 1331//1331 1330//1330
f 1267//1267 1268//1268 1332//1332
f 1267//1267 1332//1332 1331//1331
f 1268//1268 1269//1269 1333//1333
f 1268//1268 1333//1333 1332//1332
f 1269//1269 1270//1270 1334//1334
f 1269//1269 1334//1334 1333//1333
f 1270//1270 1271//1271 1335//1335
f 1270//1270 1335//1335 1334//1334
f 1271//1271 1272//1272 1336//1336
f 1271//1271 1336//1336 1335//1335
f 1272//1272 1273//1273 1337//1337
f 1272//1272 1337//1337 1336//1336
f 1273//1273 1274//1274 1338//1338
f 1273//1273 1338//1338 1337//1337
f 1274//1274 1275//1275 1339//1339
f 1274//1274 1339//1339 1338//1338
f 1275//1275 1276//1276 1340//1340
f 1275//1275 1340//1340 1339//1339
f 1276//1276 1277//1277 1341//1341
f 1276//1276 1341//1341 1340//1340
f 1277//1277 1278//1278 1342//1342
f 1277//1277 1342//1342 1341//1341
f 1278//1278 1279//1279 1343//1343
f 1278//1278 1343//1343 1342//1342
f 1279//1279 1280//1280 1344//1344
f 1279//1279 1344//1344 1343//1343
f 1280//1280 1281//1281 1345//1345
f 1280//1280 1345//1345 1344//1344
f 1281//1281 1282//1282 1346//1346
f 1281//1281 1346//1346 1345//1345
f 1282//1282 1283//1283 1347//1347
f 1282//1282 1347//1347 1346//1346
f 1283//1283 1284//1284 1348//1348
f 1283//1283 1348//1348 1347//1347
f 1284//1284 1285//1285 1349//1349
f 1284//1284 1349//1349 1348//1348
f 1285//1285 1286//1286 1350//1350
f 1285//1285 1350//1350 1349//1349
f 1286//1286 1287//1287 1351//1351
f 1286//1286 1351//1351 1350//1350
f 1287//1287 1288//1288 1352//1352
f 1287//1287 1352//1352 1351//1351
f 1288//1288 1289//1289 1353//1353
f 1288//1288 1353//1353 1352//1352
f 1289//1289 1290//1290 1354//1354
f 1289//1289 1354//1354 1353//1353
f 1290//1290 1291//1291 1355//1355
f 1290//1290 1355//1355 1354//1354
f 1291//1291 1292//1292 1356//1356
f 1291//1291 1356//1356 1355//1355
f 1292//1292 1293//1293 1357//1357
f 1292//1292 1357//1357 1356//1356
f 1293//1293 1294//1294 1358//1358
f 1293//1293 1358//1358 1357//1357
f 1294//1294 1295//1295 1359//1359
f 1294//1294 1359//1359 1358//1358
f 1295//1295 1296//1296 1360//1360
f 1295//1295 1360//1360 1359//1359
f 1296//1296 1297//1297 1361//1361
f 1296//1296 1361//1361 1360//1360
f 1297//1297 1298//1298 1362//1362
f 1297//1297 1362//1362 1361//1361
f 1298//1298 1299//1299 1363//1363
f 1298//1298 1363//1363 1362//1362
f 1299//1299 1300//1300 1364//1364
f 1299//1299 1364//1364 1363//1363
f 1300//1300 1301//1301 1365//1365
f 1300//1300 1365//1365 1364//1364
f 1301//1301 1302//1302 1366//1366
f 1301//1301 1366//1366 1365//1365
f 1302//1302 1303//1303 1367//1367
f 1302//1302 1367//1367 1366//1366
f 1303//1303 1304//1304 1368//1368
f 1303//1303 1368//1368 1367//1367
f 1304//1304 1305//1305 1369//1369
f 1304//1304 1369//1369 1368//1368
f 1305//1305 1306//1306 1370//1370
f 1305//1305 1370//1370 1369//1369
f 1306//1306 1243//1243 1307//1307
f 1306//1306 1307//1307 1370//1370
f 1307//1307 1308//1308 1372//1372
f 1307//1307 1372//1372 1371//1371
f 1308//1308 1309//1309 1373//1373
f 1308//1308 1373//1373 1372//1372
f 1309//1309 1310//1310 1374//1374
f 1309//1309 1374//1374 1373//1373
f 1310//1310 1311//1311 1375//1375
f 1310//1310 1375//1375 1374//1374
f 1311//1311 1312//1312 1376//1376
f 1311//1311 1376//1376 1375//1375
f 1312//1312 1313//1313 1377//1377
f 1312//1312 1377//1377 1376//1376
f 1313//1313 1314//1314 1378//1378
f 1313//1313 1378//1378 1377//1377
f 1314//1314 1315//1315 1379//1379
f 1314//1314 1379//1379 1378//1378
f 1315//1315 1316//1316 1380//1380
f 1315//1315 1380//1380 1379//1379
f 1316//1316 1317//1317 1381//1381
f 1316//1316 1381//1381 1380//1380
f 1317//1317 1318//1318 1382//1382
f 1317//1317 1382//1382 1381//1381
f 1318//1318 1319//1319 1383//1383
f 1318//1318 1383//1383 1382//1382
f 1319//1319 1320//1320 1384//1384
f 1319//1319 1384//1384 1383//1383
f 1320//1320 1321//1321 1385//1385
f 1320//1320 1385//1385 1384//1384
f 1321//1321 1322//1322 1386//1386
f 1321//1321 1386//1386 1385//1385
f 1322//1322 1323//1323 1387//1387
f 1322//1322 1387//1387 1386//1386
f 1323//1323 1324//1324 1388//1388
f 1323//1323 1388//1388 1387//1387
f 1324//1324 1325//1325 1389//1389
f 1324//1324 1389//1389 1388//1388
f 1325//1325 1326//1326 1390//1390
f 1325//1325 1390//1390 1389//1389
f 1326//1326 1327//1327 1391//1391
f 1326//1326 1391//1391 1390//1390
f 1327//1327 1328//1328 1392//1392
f 1327//1327 1392//1392 1391//1391
f 1328//1328 1329//1329 1393//1393
f 1328//1328 1393//1393 1392//1392
f 1329//1329 1330//1330 1394//1394
f 1329//1329 1394//1394 1393//1393
f 1330//1330 1331//1331 1395//1395
f 1330//1330 1395//1395 1394//1394
f 1331//1331 1332//1332 1396//1396
f 1331//1331 1396//1396 1395//1395
f 1332//1332 1333//1333 1397//1397
f 1332//1332 1397//1397 1396//1396
f 1333//1333 1334//1334 1398//1398
f 1333//1333 1398//1398 1397//1397
f 1334//1334 1335//1335 1399//1399
f 1334//1334 1399//1399 1398//1398
f 1335//1335 1336//1336 1400//1400
f 1335//1335 1400//1400 1399//1399
f 1336//1336 1337//1337 1401//1401
f 1336//1336 1401//1401 1400//1400
f 1337//1337 1338//1338 1402//1402
f 1337//1337 1402//1402 1401//1401
f 1338//1338 1339//1339 1403//1403
f 1338//1338 1403//1403 1402//1402
f 1339//1339 1340//1340 1404//1404
f 1339//1339 1404//1404 1403//1403
f 1340//1340 1341//1341 1405//1405
f 1340//1340 1405//1405 1404//1404
f 1341//1341 1342//1342 1406//1406
f 1341//1341 1406//1406 1405//1405
f 1342//1342 1343//1343 1407//1407
f 1342//1342 1407//1407 1406//1406
f 1343//1343 1344//1344 1408//1408
f 1343//1343 1408//1408 1407//1407
f 1344//1344 1345//1345 1409//1409
f 1344//1344 1409//1409 1408//1408
f 1345//1345 1346//1346 1410//1410
f 1345//1345 1410//1410 1409//1409
f 1346//1346 1347//1347 1411//1411
f 1346//1346 1411//1411 1410//1410
f 1347//1347 1348//1348 1412//1412
f 1347//1347 1412//1412 1411//1411
f 1348//1348 1349//1349 1413//1413
f 1348//1348 1413//1413 1412//1412
f 1349//1349 1350//1350 1414//1414
f 1349//1349 1414//1414 1413//1413
f 1350//1350 1351//1351 1415//1415
f 1350//1350 1415//1415 1414//1414
f 1351//1351 1352//1352 1416//1416
f 1351//1351 1416//1416 1415//1415
f 1352//1352 1353//1353 1417//1417
f 1352//1352 1417//1417 1416//1416
f 1353//1353 1354//1354 1418//1418
f 1353//1353 1418//1418 1417//1417
f 1354//1354 1355//1355 1419//1419
f 1354//1354 1419//1419 1418//1418
f 1355//1355 1356//1356 1420//1420
f 1355//1355 1420//1420 1419//1419
f 1356//1356 1357//1357 1421//1421
f 1356//1356 1421//1421 1420//1420
f 1357//1357 1358//1358 1422//1422
f 1357//1357 1422//1422 1421//1421
f 1358//1358 1359//1359 1423//1423
f 1358//1358 1423//1423 1422//1422
f 1359//1359 1360//1360 1424//1424
f 1359//1359 1424//1424 1423//1423
f 1360//1360 1361//1361 1425//1425
f 1360//1360 1425//1425 1424//1424
f 1361//1361 1362//1362 1426//1426
f 1361//1361 1426//1426 1425//1425
f 1362//1362 1363//1363 1427//1427
f 1362//1362 1427//1427 1426//1426
f 1363//1363 1364//1364 1428//1428
f 1363//1363 1428//1428 1427//1427
f 1364//1364 1365//1365 1429//1429
f 1364//1364 1429//1429 1428//1428
f 1365//1365 1366//1366 1430//1430
f 1365//1365 1430//1430 1429//1429
f 1366//1366 1367//1367 1431//1431
f 1366//1366 1431//1431 1430//1430
f 1367//1367 1368//1368 1432//1432
f 1367//1367 1432//1432 1431//1431
f 1368//1368 1369//1369 1433//1433
f 1368//1368 1433//1433 1432//1432
f 1369//1369 1370//1370 1434//1434
f 1369//1369 1434//1434 1433//1433
f 1370//1370 1307//1307 1371//1371
f 1370//1370 1371//1371 1434//1434
f 1434//1434 1371//1371 1372//1372
f 1434//1434 1372//1372 1373//1373
f 1434//1434 1373//1373 1374//1374
f 1434//1434 1374//1374 1435//1435
f 1434//1434 1435//1435 1375//1375
f 1434//1434 1375//1375 1436//1436
f 1434//1434 1436//1436 1376//1376
f 1434//1434 1376//1376 1437//1437
f 1434//1434 1437//1437 1377//1377
f 1434//1434 1377//1377 1438//1438
f 1434//1434 1438//1438 1378//1378
f 1434//1434 1378//1378 1439//1439
f 1434//1434 1439//1439 1379//1379
f 1434//1434 1379//1379 1440//1440
f 1434//1434 1440//1440 1380//1380
f 1434//1434 1380//1380 1441//1441
f 1434//1434 1441//1441 1381//1381
f 1434//1434 1381//1381 1442//1442
f 1434//1434 1442//1442 1382//1382
f 1434//1434 1382//1382 1443//1443
f 1434//1434 1443//1443 1383//1383
f 1434//1434 1383//1383 1444//1444
f 1434//1434 1444//1444 1384//1384
f 1434//1434 1384//1384 1385//1385
f 1434//1434 1385//1385 1386//1386
f 1434//1434 1386//1386 1387//1387
f 1434//1434 1387//1387 1388//1388
f 1434//1434 1388//1388 1389//1389
f 1434//1434 1389//1389 1390//1390
f 1434//1434 1390//1390 1445//1445
f 1434//1434 1445//1445 1391//1391
f 1434//1434 1391//1391 1446//1446
f 1434//1434 1446//1446 1392//1392
f 1434//1434 1392//1392 1447//1447
f 1434//1434 1447//1447 1393//1393
f 1434//1434 1393//1393 1448//1448
f 1434//1434 1448//1448 1394//1394
f 1434//1434 1394//1394 1449//1449
f 1434//1434 1449//1449 1395//1395
f 1434//1434 1395//1395 1450//1450
f 1434//1434 1450//1450 1396//1396
f 1434//1434 1396//1396 1451//1451
f 1434//1434 1451//1451 1397//1397
f 1434//1434 1397//1397 1452//1452
f 1434//1434 1452//1452 1398//1398
f 1434//1434 1398//1398 1453//1453
f 1434//1434 1453//1453 1399//1399
f 1434//1434 1399//1399 1454//1454
f 1434//1434 1454//1454 1400//1400
f 1434//1434 1400//1400 1401//1401
f 1434//1434 1401//1401 1402//1402
f 1434//1434 1402//1402 1403//1403
f 1434//1434 1403//1403 1404//1404
f 1434//1434 1404//1404 1405//1405
f 1434//1434 1405//1405 1406//1406
f 1434//1434 1406//1406 1455//1455
f 1434//1434 1455//1455 1407//1407
f 1434//1434 1407//1407 1456//1456
f 1434//1434 1456//1456 1408//1408
f 1434//1434 1408//1408 1457//1457
f 1434//1434 1457//1457 1409//1409
f 1434//1434 1409//1409 1458//1458
f 1434//1434 1458//1458 1410//1410
f 1434//1434 1410//1410 1459//1459
f 1434//1434 1459//1459 1411//1411
f 1434//1434 1411//1411 1460//1460
f 1434//1434 1460//1460 1412//1412
f 1434//1434 1412//1412 1461//1461
f 1434//1434 1461//1461 1413//1413
f 1434//1434 1413//1413 1462//1462
f 1434//1434 1462//1462 1414//1414
f 1434//1434 1414//1414 1463//1463
f 1434//1434 1463//1463 1415//1415
f 1434//1434 1415//1415 1464//1464
f 1434//1434 1464//1464 1416//1416
f 1434//1434 1416//1416 1417//1417
f 1434//1434 1417//1417 1418//1418
f 1434//1434 1418//1418 1419//1419
f 1434//1434 1419//1419 1420//1420
f 1434//1434 1420//1420 1421//1421
f 1434//1434 1421//1421 1422//1422
f 1434//1434 1422//1422 1465//1465
f 1434//1434 1465//1465 1423//1423
f 1434//1434 1423//1423 1466//1466
f 1434//1434 1466//1466 1424//1424
f 1434//1434 1424//1424 1467//1467
f 1434//1434 1467//1467 1425//1425
f 1434//1434 1425//1425 1468//1468
f 1434//1434 1468//1468 1426//1426
f 1434//1434 1426//1426 1469//1469
f 1434//1434 1469//1469 1427//1427
f 1434//1434 1427//1427 1470//1470
f 1434//1434 1470//1470 1428//1428
f 1434//1434 1428//1428 1471//1471
f 1434//1434 1471//1471 1429//1429
f 1434//1434 1429//1429 1472//1472
f 1434//1434 1472//1472 1430//1430
f 1434//1434 1430//1430 1473//1473
f 1434//1434 1473//1473 1431//1431
f 1434//1434 1431//1431 1474//1474
f 1434//1434 1474//1474 1432//1432
f 1432//1432 1433//1433 1434//1434
f 1244//1244 1243//1243 1306//1306
f 1244//1244 1306//1306 1305//1305
f 1244//1244 1305//1305 1304//1304
f 1244//1244 1304//1304 1475//1475
f 1244//1244 1475//1475 1303//1303
f 1244//1244 1303//1303 1476//1476
f 1244//1244 1476//1476 1302//1302
f 1244//1244 1302//1302 1477//1477
f 1244//1244 1477//1477 1301//1301
f 1244//1244 1301//1301 1478//1478
f 1244//1244 1478//1478 1300//1300
f 1244//1244 1300//1300 1479//1479
f 1244//1244 1479//1479 1299//1299
f 1244//1244 1299//1299 1480//1480
f 1244//1244 1480//1480 1298//1298
f 1244//1244 1298//1298 1481//1481
f 1244//1244 1481//1481 1297//1297
f 1244//1244 1297//1297 1482//1482
f 1244//1244 1482//1482 1296//1296
f 1244//1244 1296//1296 1483//1483
f 1244//1244 1483//1483 1295//1295
f 1244//1244 1295//1295 1484//1484
f 1244//1244 1484//1484 1294//1294
f 1244//1244 1294//1294 1293//1293
f 1244//1244 1293//1293 1292//1292
f 1244//1244 1292//1292 1291//1291
f 1244//1244 1291//1291 1290//1290
f 1244//1244 1290//1290 1289//1289
f 1244//1244 1289//1289 1288//1288
f 1244//1244 1288//1288 1485//1485
f 1244//1244 1485//1485 1287//1287
f 1244//1244 1287//1287 1486//1486
f 1244//1244 1486//1486 1286//1286
f 1244//1244 1286//1286 1487//1487
f 1244//1244 1487//1487 1285//1285
f 1244//1244 1285//1285 1488//1488
f 1244//1244 1488//1488 1284//1284
f 1244//1244 1284//1284 1489//1489
f 1244//1244 1489//1489 1283//1283
f 1244//1244 1283//1283 1490//1490
f 1244//1244 1490//1490 1282//1282
f 1244//1244 1282//1282 1491//1491
f 1244//1244 1491//1491 1281//1281
f 1244//1244 1281//1281 1492//1492
f 1244//1244 1492//1492 1280//1280
f 1244//1244 1280//1280 1493//1493
f 1244//1244 1493//1493 1279//1279
f 1244//1244 1279//1279 1494//1494
f 1244//1244 1494//1494 1278//1278
f 1244//1244 1278//1278 1277//1277
f 1244//1244 1277//1277 1276//1276
f 1244//1244 1276//1276 1275//1275
f 1244//1244 1275//1275 1274//1274
f 1244//1244 1274//1274 1273//1273
f 1244//1244 1273//1273 1272//1272
f 1244//1244 1272//1272 1495//1495
f 1244//1244 1495//1495 1271//1271
f 1244//1244 1271//1271 1496//1496
f 1244//1244 1496//1496 1270//1270
f 1244//1244 1270//1270 1497//1497
f 1244//1244 1497//1497 1269//1269
f 1244//1244 1269//1269 1498//1498
f 1244//1244 1498//1498 1268//1268
f 1244//1244 1268//1268 1499//1499
f 1244//1244 1499//1499 1267//1267
f 1244//1244 1267//1267 1500//1500
f 1244//1244 1500//1500 1266//1266
f 1244//1244 1266//1266 1501//1501
f 1244//1244 1501//1501 1265//1265
f 1244//1244 1265//1265 1502//1502
f 1244//1244 1502//1502 1264//1264
f 1244//1244 1264//1264 1503//1503
f 1244//1244 1503//1503 1263//1263
f 1244//1244 1263//1263 1504//1504
f 1244//1244 1504//1504 1262//1262
f 1244//1244 1262//1262 1261//1261
f 1244//1244 1261//1261 1260//1260
f 1244//1244 1260//1260 1259//1259
f 1244//1244 1259//1259 1258//1258
f 1244//1244 1258//1258 1257//1257
f 1244//1244 1257//1257 1256//1256
f 1244//1244 1256//1256 1505//1505
f 1244//1244 1505//1505 1255//1255
f 1244//1244 1255//1255 1506//1506
f 1244//1244 1506//1506 1254//1254
f 1244//1244 1254//1254 1507//1507
f 1244//1244 1507//1507 1253//1253
f 1244//1244 1253//1253 1508//1508
f 1244//1244 1508//1508 1252//1252
f 1244//1244 1252//1252 1509//1509
f 1244//1244 1509//1509 1251//1251
f 1244//1244 1251//1251 1510//1510
f 1244//1244 1510//1510 1250//1250
f 1244//1244 1250//1250 1511//1511
f 1244//1244 1511//1511 1249//1249
f 1244//1244 1249//1249 1512//1512
f 1244//1244 1512//1512 1248//1248
f 1244//1244 1248//1248 1513//1513
f 1244//1244 1513//1513 1247//1247
f 1244//1244 1247//1247 1514//1514
f 1244//1244 1514//1514 1246//1246
f 1246//1246 1245//1245 1244//1244
o TyreFR
v 3.525 -0.935 0.335
v 3.52636 -0.935 0.365101
v 3.53059 -0.935 0.395958
v 3.53793 -0.935 0.427178
v 3.54852 -0.935 0.458312
v 3.56242 -0.935 0.488864
v 3.57961 -0.935 0.518315
v 3.59992 -0.935 0.54615
v 3.62312 -0.935 0.571881
v 3.64885 -0.935 0.595078
v 3.67668 -0.935 0.615393
v 3.70614 -0.935 0.632575
v 3.73669 -0.935 0.646479
v 3.76782 -0.935 0.657069
v 3.79904 -0.935 0.664407
v 3.8299 -0.935 0.668645
v 3.86 -0.935 0.67
v 3.8901 -0.935 0.668645
v 3.92096 -0.935 0.664407
v 3.95218 -0.935 0.657069
v 3.98331 -0.935 0.646479
v 4.01386 -0.935 0.632575
v 4.04332 -0.935 0.615393
v 4.07115 -0.935 0.595078
v 4.09688 -0.935 0.571881
v 4.12008 -0.935 0.54615
v 4.14039 -0.935 0.518315
v 4.15758 -0.935 0.488864
v 4.17148 -0.935 0.458312
v 4.18207 -0.935 0.427178
v 4.18941 -0.935 0.395958
v 4.19364 -0.935 0.365101
v 4.195 -0.935 0.335
v 4.19364 -0.935 0.304899
v 4.18941 -0.935 0.274042
v 4.18207 -0.935 0.242822
v 4.17148 -0.935 0.211688
v 4.15758 -0.935 0.181136
v 4.14039 -0.935 0.151685
v 4.12008 -0.935 0.12385
v 4.09688 -0.935 0.0981192
v 4.07115 -0.935 0.0749217
v 4.04332 -0.935 0.0546065
v 4.01386 -0.935 0.0374249
v 3.98331 -0.935 0.0235209
v 3.95218 -0.935 0.0129313
v 3.92096 -0.935 0.0055927
v 3.8901 -0.935 0.00135511
v 3.86 -0.935 5.55112e-17
v 3.8299 -0.935 0.00135511
v 3.79904 -0.935 0.0055927
v 3.76782 -0.935 0.0129313
v 3.73669 -0.935 0.0235209
v 3.70614 -0.935 0.0374249
v 3.67668 -0.935 0.0546065
v 3.64885 -0.935 0.0749217
v 3.62312 -0.935 0.0981192
v 3.59992 -0.935 0.12385
v 3.57961 -0.935 0.151685
v 3.56242 -0.935 0.181136
v 3.54852 -0.935 0.211688
v 3.53793 -0.935 0.242822
v 3.53059 -0.935 0.274042
v 3.52636 -0.935 0.304899
v 3.525 -0.8075 0.335
v 3.52636 -0.8075 0.365101
v 3.53059 -0.8075 0.395958
v 3.53793 -0.8075 0.427178
v 3.54852 -0.8075 0.458312
v 3.56242 -0.8075 0.488864
v 3.57961 -0.8075 0.518315
v 3.59992 -0.8075 0.54615
v 3.62312 -0.8075 0.571881
v 3.64885 -0.8075 0.595078
v 3.67668 -0.8075 0.615393
v 3.70614 -0.8075 0.632575
v 3.73669 -0.8075 0.646479
v 3.76782 -0.8075 0.657069
v 3.79904 -0.8075 0.664407
v 3.8299 -0.8075 0.668645
v 3.86 -0.8075 0.67
v 3.8901 -0.8075 0.668645
v 3.92096 -0.8075 0.664407
v 3.95218 -0.8075 0.657069
v 3.98331 -0.8075 0.646479
v 4.01386 -0.8075 0.632575
v 4.04332 -0.8075 0.615393
v 4.07115 -0.8075 0.595078
v 4.09688 -0.8075 0.571881
v 4.12008 -0.8075 0.54615
v 4.14039 -0.8075 0.518315
v 4.15758 -0.8075 0.488864
v 4.17148 -0.8075 0.458312
v 4.18207 -0.8075 0.427178
v 4.18941 -0.8075 0.395958
v 4.19364 -0.8075 0.365101
v 4.195 -0.8075 0.335
v 4.19364 -0.8075 0.304899
v 4.18941 -0.8075 0.274042
v 4.18207 -0.8075 0.242822
v 4.17148 -0.8075 0.211688
v 4.15758 -0.8075 0.181136
v 4.14039 -0.8075 0.151685
v 4.12008 -0.8075 0.12385
v 4.09688 -0.8075 0.0981192
v 4.07115 -0.8075 0.0749217
v 4.04332 -0.8075 0.0546065
v 4.01386 -0.8075 0.0374249
v 3.98331 -0.8075 0.0235209
v 3.95218 -0.8075 0.0129313
v 3.92096 -0.8075 0.0055927
v 3.8901 -0.8075 0.00135511
v 3.86 -0.8075 5.55112e-17
v 3.8299 -0.8075 0.00135511
v 3.79904 -0.8075 0.0055927
v 3.76782 -0.8075 0.0129313
v 3.73669 -0.8075 0.0235209
v 3.70614 -0.8075 0.0374249
v 3.67668 -0.8075 0.0546065
v 3.64885 -0.8075 0.0749217
v 3.62312 -0.8075 0.0981192
v 3.59992 -0.8075 0.12385
v 3.57961 -0.8075 0.151685
v 3.56242 -0.8075 0.181136
v 3.54852 -0.8075 0.211688
v 3.53793 -0.8075 0.242822
v 3.53059 -0.8075 0.274042
v 3.52636 -0.8075 0.304899
v 3.525 -0.68 0.335
v 3.52636 -0.68 0.365101
v 3.53059 -0.68 0.395958
v 3.53793 -0.68 0.427178
v 3.54852 -0.68 0.458312
v 3.56242 -0.68 0.488864
v 3.57961 -0.68 0.518315
v 3.59992 -0.68 0.54615
v 3.62312 -0.68 0.571881
v 3.64885 -0.68 0.595078
v 3.67668 -0.68 0.615393
v 3.70614 -0.68 0.632575
v 3.73669 -0.68 0.646479
v 3.76782 -0.68 0.657069
v 3.79904 -0.68 0.664407
v 3.8299 -0.68 0.668645
v 3.86 -0.68 0.67
v 3.8901 -0.68 0.668645
v 3.92096 -0.68 0.664407
v 3.95218 -0.68 0.657069
v 3.98331 -0.68 0.646479
v 4.01386 -0.68 0.632575
v 4.04332 -0.68 0.615393
v 4.07115 -0.68 0.595078
v 4.09688 -0.68 0.571881
v 4.12008 -0.68 0.54615
v 4.14039 -0.68 0.518315
v 4.15758 -0.68 0.488864
v 4.17148 -0.68 0.458312
v 4.18207 -0.68 0.427178
v 4.18941 -0.68 0.395958
v 4.19364 -0.68 0.365101
v 4.195 -0.68 0.335
v 4.19364 -0.68 0.304899
v 4.18941 -0.68 0.274042
v 4.18207 -0.68 0.242822
v 4.17148 -0.68 0.211688
v 4.15758 -0.68 0.181136
v 4.14039 -0.68 0.151685
v 4.12008 -0.68 0.12385
v 4.09688 -0.68 0.0981192
v 4.07115 -0.68 0.0749217
v 4.04332 -0.68 0.0546065
v 4.01386 -0.68 0.0374249
v 3.98331 -0.68 0.0235209
v 3.95218 -0.68 0.0129313
v 3.92096 -0.68 0.0055927
v 3.8901 -0.68 0.00135511
v 3.86 -0.68 5.55112e-17
v 3.8299 -0.68 0.00135511
v 3.79904 -0.68 0.0055927
v 3.76782 -0.68 0.0129313
v 3.73669 -0.68 0.0235209
v 3.70614 -0.68 0.0374249
v 3.67668 -0.68 0.0546065
v 3.64885 -0.68 0.0749217
v 3.62312 -0.68 0.0981192
v 3.59992 -0.68 0.12385
v 3.57961 -0.68 0.151685
v 3.56242 -0.68 0.181136
v 3.54852 -0.68 0.211688
v 3.53793 -0.68 0.242822
v 3.53059 -0.68 0.274042
v 3.52636 -0.68 0.304899
v 3.54281 -0.68 0.442786
v 3.55506 -0.68 0.473693
v 3.57061 -0.68 0.50376
v 3.58939 -0.68 0.532466
v 3.61118 -0.68 0.559307
v 3.63569 -0.68 0.58382
v 3.66253 -0.68 0.605614
v 3.69124 -0.68 0.624388
v 3.72131 -0.68 0.639942
v 3.75221 -0.68 0.652186
v 3.96779 -0.68 0.652186
v 3.99869 -0.68 0.639942
v 4.02876 -0.68 0.624388
v 4.05747 -0.68 0.605614
v 4.08431 -0.68 0.58382
v 4.10882 -0.68 0.559307
v 4.13061 -0.68 0.532466
v 4.14939 -0.68 0.50376
v 4.16494 -0.68 0.473693
v 4.17719 -0.68 0.442786
v 4.17719 -0.68 0.227214
v 4.16494 -0.68 0.196307
v 4.14939 -0.68 0.16624
v 4.13061 -0.68 0.137534
v 4.10882 -0.68 0.110693
v 4.08431 -0.68 0.0861798
v 4.05747 -0.68 0.0643857
v 4.02876 -0.68 0.0456124
v 3.99869 -0.68 0.0300584
v 3.96779 -0.68 0.0178136
v 3.75221 -0.68 0.0178136
v 3.72131 -0.68 0.0300584
v 3.69124 -0.68 0.0456124
v 3.66253 -0.68 0.0643857
v 3.63569 -0.68 0.0861798
v 3.61118 -0.68 0.110693
v 3.58939 -0.68 0.137534
v 3.57061 -0.68 0.16624
v 3.55506 -0.68 0.196307
v 3.54281 -0.68 0.227214
v 3.54281 -0.935 0.227214
v 3.55506 -0.935 0.196307
v 3.57061 -0.935 0.16624
v 3.58939 -0.935 0.137534
v 3.61118 -0.935 0.110693
v 3.63569 -0.935 0.0861798
v 3.66253 -0.935 0.0643857
v 3.69124 -0.935 0.0456124
v 3.72131 -0.935 0.0300584
v 3.75221 -0.935 0.0178136
v 3.96779 -0.935 0.0178136
v 3.99869 -0.935 0.0300584
v 4.02876 -0.935 0.0456124
v 4.05747 -0.935 0.0643857
v 4.08431 -0.935 0.0861798
v 4.10882 -0.935 0.110693
v 4.13061 -0.935 0.137534
v 4.14939 -0.935 0.16624
v 4.16494 -0.935 0.196307
v 4.17719 -0.935 0.227214
v 4.17719 -0.935 0.442786
v 4.16494 -0.935 0.473693
v 4.14939 -0.935 0.50376
v 4.13061 -0.935 0.532466
v 4.10882 -0.935 0.559307
v 4.08431 -0.935 0.58382
v 4.05747 -0.935 0.605614
v 4.02876 -0.935 0.624388
v 3.99869 -0.935 0.639942
v 3.96779 -0.935 0.652186
v 3.75221 -0.935 0.652186
v 3.72131 -0.935 0.639942
v 3.69124 -0.935 0.624388
v 3.66253 -0.935 0.605614
v 3.63569 -0.935 0.58382
v 3.61118 -0.935 0.559307
v 3.58939 -0.935 0.532466
v 3.57061 -0.935 0.50376
v 3.55506 -0.935 0.473693
v 3.54281 -0.935 0.442786
vn -0.894427 -0.447214 1.02405e-16
vn -0.704246 -0.707107 0.0635367
vn -0.695302 -0.707107 0.128667
vn -0.679812 -0.707107 0.194566
vn -0.65746 -0.707107 0.260282
vn -0.628112 -0.707107 0.32477
vn -0.591845 -0.707107 0.386936
vn -0.548965 -0.707107 0.445688
vn -0.5 -0.707107 0.5
vn -0.445688 -0.707107 0.548965
vn -0.386936 -0.707107 0.591845
vn -0.32477 -0.707107 0.628112
vn -0.260282 -0.707107 0.65746
vn -0.194566 -0.707107 0.679812
vn -0.128667 -0.707107 0.695302
vn -0.0635367 -0.707107 0.704246
vn 0 -0.707107 0.707107
vn 0.0635367 -0.707107 0.704246
vn 0.128667 -0.707107 0.695302
vn 0.194566 -0.707107 0.679812
vn 0.260282 -0.707107 0.65746
vn 0.32477 -0.707107 0.628112
vn 0.386936 -0.707107 0.591845
vn 0.445688 -0.707107 0.548965
vn 0.5 -0.707107 0.5
vn 0.548965 -0.707107 0.445688
vn 0.591845 -0.707107 0.386936
vn 0.628112 -0.707107 0.32477
vn 0.65746 -0.707107 0.260282
vn 0.679812 -0.707107 0.194566
vn 0.695302 -0.707107 0.128667
vn 0.704246 -0.707107 0.0635367
vn 0.707107 -0.707107 1.57009e-16
vn 0.704246 -0.707107 -0.0635367
vn 0.695302 -0.707107 -0.128667
vn 0.679812 -0.707107 -0.194566
vn 0.65746 -0.707107 -0.260282
vn 0.628112 -0.707107 -0.32477
vn 0.591845 -0.707107 -0.386936
vn 0.548965 -0.707107 -0.445688
vn 0.5 -0.707107 -0.5
vn 0.445688 -0.707107 -0.548965
vn 0.386936 -0.707107 -0.591845
vn 0.32477 -0.707107 -0.628112
vn 0.260282 -0.707107 -0.65746
vn 0.194566 -0.707107 -0.679812
vn 0.128667 -0.707107 -0.695302
vn 0.0635367 -0.707107 -0.704246
vn 1.5056e-16 -0.707107 -0.707107
vn -0.0635367 -0.707107 -0.704246
vn -0.128667 -0.707107 -0.695302
vn -0.194566 -0.707107 -0.679812
vn -0.260282 -0.707107 -0.65746
vn -0.32477 -0.707107 -0.628112
vn -0.386936 -0.707107 -0.591845
vn -0.445688 -0.707107 -0.548965
vn -0.5 -0.707107 -0.5
vn -0.548965 -0.707107 -0.445688
vn -0.591845 -0.707107 -0.386936
vn -0.628112 -0.707107 -0.32477
vn -0.65746 -0.707107 -0.260282
vn -0.679812 -0.707107 -0.194566
vn -0.695302 -0.707107 -0.128667
vn -0.704246 -0.707107 -0.0635367
vn -1 0 9.37369e-16
vn -0.995955 0 0.0898544
vn -0.983305 0 0.181963
vn -0.961399 0 0.275158
vn -0.929788 0 0.368095
vn -0.888284 0 0.459295
vn -0.836996 0 0.54721
vn -0.776353 0 0.630298
vn -0.707107 0 0.707107
vn -0.630298 0 0.776353
vn -0.54721 0 0.836996
vn -0.459295 0 0.888284
vn -0.368095 0 0.929788
vn -0.275158 0 0.961399
vn -0.181963 0 0.983305
vn -0.0898544 0 0.995955
vn -3.51513e-16 0 1
vn 0.0898544 -0 0.995955
vn 0.181963 -0 0.983305
vn 0.275158 -0 0.961399
vn 0.368095 -0 0.929788
vn 0.459295 -0 0.888284
vn 0.54721 -0 0.836996
vn 0.630298 -0 0.776353
vn 0.707107 -0 0.707107
vn 0.776353 -0 0.630298
vn 0.836996 -0 0.54721
vn 0.888284 -0 0.459295
vn 0.929788 -0 0.368095
vn 0.961399 -0 0.275158
vn 0.983305 -0 0.181963
vn 0.995955 -0 0.0898544
vn 1 -0 0
vn 0.995955 0 -0.0898544
vn 0.983305 0 -0.181963
vn 0.961399 0 -0.275158
vn 0.929788 0 -0.368095
vn 0.888284 0 -0.459295
vn 0.836996 0 -0.54721
vn 0.776353 0 -0.630298
vn 0.707107 0 -0.707107
vn 0.630298 0 -0.776353
vn 0.54721 0 -0.836996
vn 0.459295 0 -0.888284
vn 0.368095 0 -0.929788
vn 0.275158 0 -0.961399
vn 0.181963 0 -0.983305
vn 0.0898544 0 -0.995955
vn 1.65705e-16 0 -1
vn -0.0898544 0 -0.995955
vn -0.181963 0 -0.983305
vn -0.275158 0 -0.961399
vn -0.368095 0 -0.929788
vn -0.459295 0 -0.888284
vn -0.54721 0 -0.836996
vn -0.630298 0 -0.776353
vn -0.707107 0 -0.707107
vn -0.776353 0 -0.630298
vn -0.836996 0 -0.54721
vn -0.888284 0 -0.459295
vn -0.929788 0 -0.368095
vn -0.961399 0 -0.275158
vn -0.983305 0 -0.181963
vn -0.995955 0 -0.0898544
vn -0.894427 0.447214 9.93014e-17
vn -0.704246 0.707107 0.0635367
vn -0.695302 0.707107 0.128667
vn -0.679812 0.707107 0.194566
vn -0.65746 0.707107 0.260282
vn -0.628112 0.707107 0.32477
vn -0.591845 0.707107 0.386936
vn -0.548965 0.707107 0.445688
vn -0.5 0.707107 0.5
vn -0.445688 0.707107 0.548965
vn -0.386936 0.707107 0.591845
vn -0.32477 0.707107 0.628112
vn -0.260282 0.707107 0.65746
vn -0.194566 0.707107 0.679812
vn -0.128667 0.707107 0.695302
vn -0.0635367 0.707107 0.704246
vn 0 0.707107 0.707107
vn 0.0635367 0.707107 0.704246
vn 0.128667 0.707107 0.695302
vn 0.194566 0.707107 0.679812
vn 0.260282 0.707107 0.65746
vn 0.32477 0.707107 0.628112
vn 0.386936 0.707107 0.591845
vn 0.445688 0.707107 0.548965
vn 0.5 0.707107 0.5
vn 0.548965 0.707107 0.445688
vn 0.591845 0.707107 0.386936
vn 0.628112 0.707107 0.32477
vn 0.65746 0.707107 0.260282
vn 0.679812 0.707107 0.194566
vn 0.695302 0.707107 0.128667
vn 0.704246 0.707107 0.0635367
vn 0.707107 0.707107 1.61916e-16
vn 0.704246 0.707107 -0.0635367
vn 0.695302 0.707107 -0.128667
vn 0.679812 0.707107 -0.194566
vn 0.65746 0.707107 -0.260282
vn 0.628112 0.707107 -0.32477
vn 0.591845 0.707107 -0.386936
vn 0.548965 0.707107 -0.445688
vn 0.5 0.707107 -0.5
vn 0.445688 0.707107 -0.548965
vn 0.386936 0.707107 -0.591845
vn 0.32477 0.707107 -0.628112
vn 0.260282 0.707107 -0.65746
vn 0.194566 0.707107 -0.679812
vn 0.128667 0.707107 -0.695302
vn 0.0635367 0.707107 -0.704246
vn 1.5662e-16 0.707107 -0.707107
vn -0.0635367 0.707107 -0.704246
vn -0.128667 0.707107 -0.695302
vn -0.194566 0.707107 -0.679812
vn -0.260282 0.707107 -0.65746
vn -0.32477 0.707107 -0.628112
vn -0.386936 0.707107 -0.591845
vn -0.445688 0.707107 -0.548965
vn -0.5 0.707107 -0.5
vn -0.548965 0.707107 -0.445688
vn -0.591845 0.707107 -0.386936
vn -0.628112 0.707107 -0.32477
vn -0.65746 0.707107 -0.260282
vn -0.679812 0.707107 -0.194566
vn -0.695302 0.707107 -0.128667
vn -0.704246 0.707107 -0.0635367
vn 0 1 1.11022e-16
vn -7.54952e-17 1 1.11022e-16
vn 0 1 1.11022e-16
vn 1.11022e-16 1 2.22045e-16
vn 0 1 1.11022e-16
vn 0 1 1.11022e-16
vn 0 1 1.11022e-16
vn 0 1 2.22045e-16
vn 0 1 2.22045e-16
vn 0 1 -0
vn 0 1 1.11022e-16
vn 0 1 1.66533e-16
vn 0 1 1.66533e-16
vn 0 1 1.38778e-16
vn 0 1 1.38778e-16
vn 0 1 1.38778e-16
vn 1.11022e-16 1 2.498e-16
vn 3.55271e-17 1 1.249e-16
vn -7.54952e-17 1 1.249e-16
vn 0 1 1.249e-16
vn -7.54952e-17 1 1.249e-16
vn -3.77476e-17 1 1.249e-16
vn 9.32587e-17 1 1.38778e-16
vn -3.77476e-17 1 2.35922e-16
vn -1.31006e-16 1 1.38778e-16
vn 1.03251e-16 1 1.38778e-16
vn -7.04992e-17 1 1.38778e-16
vn 1.03251e-16 1 5.55112e-17
vn -3.83027e-17 1 1.66533e-16
vn 3.71925e-17 1 1.66533e-16
vn -7.93809e-17 1 1.11022e-16
vn 9.99201e-18 1 2.22045e-16
vn -4.996e-18 1 1.11022e-16
vn -3.27516e-17 1 1.11022e-16
vn -9.99201e-18 1 1.11022e-16
vn -7.54952e-17 1 1.11022e-16
vn -9.32587e-17 1 1.11022e-16
vn -3.77476e-17 1 2.22045e-16
vn -3.77476e-17 1 1.11022e-16
vn -3.77476e-17 1 2.22045e-16
vn -5.55112e-17 -1 2.22045e-16
vn 1.07414e-16 -1 2.35922e-16
vn -1.62925e-16 -1 2.498e-16
vn -1.62925e-16 -1 0
vn -3.13638e-17 -1 2.498e-16
vn -1.61121e-16 -1 2.77556e-17
vn -2.95597e-17 -1 1.11022e-16
vn -5.55112e-17 -1 1.66533e-16
vn 1.29757e-17 -1 1.11022e-16
vn -1.21292e-16 -1 1.66533e-16
vn -1.23998e-16 -1 1.11022e-16
vn -1.87975e-16 -1 2.22045e-16
vn 1.87073e-16 -1 1.11022e-16
vn -2.23432e-17 -1 1.11022e-16
vn 4.82947e-17 -1 2.22045e-16
vn -3.13638e-17 -1 0
vn -1.59317e-16 -1 0
vn 5.19029e-17 -1 0
vn -5.91194e-17 -1 2.22045e-16
vn -1.59317e-16 -1 2.22045e-16
vn -1.11022e-16 -1 2.22045e-16
vn -1.03806e-16 -1 0
vn -7.21645e-18 -1 2.22045e-16
vn 0 -1 2.22045e-16
vn 0 -1 2.22045e-16
vn 0 -1 0
vn 0 -1 1.11022e-16
vn -2.22045e-16 -1 1.11022e-16
vn -1.2326e-32 -1 1.11022e-16
vn 0 -1 1.11022e-16
vn 0 -1 1.66533e-16
vn 0 -1 1.66533e-16
vn 0 -1 1.11022e-16
vn 0 -1 1.66533e-16
vn 0 -1 2.498e-16
vn 0 -1 2.77556e-17
vn -1.11022e-16 -1 2.22045e-16
vn 0 -1 2.22045e-16
vn -1.03806e-16 -1 2.35922e-16
vn -1.11022e-16 -1 2.35922e-16
g TyreFR_rubber
usemtl rubber
f 1515//1515 1516//1516 1580//1580
f 1515//1515 1580//1580 1579//1579
f 1516//1516 1517//1517 1581//1581
f 1516//1516 1581//1581 1580//1580
f 1517//1517 1518//1518 1582//1582
f 1517//1517 1582//1582 1581//1581
f 1518//1518 1519//1519 1583//1583
f 1518//1518 1583//1583 1582//1582
f 1519//1519 1520//1520 1584//1584
f 1519//1519 1584//1584 1583//1583
f 1520//1520 1521//1521 1585//1585
f 1520//1520 1585//1585 1584//1584
f 1521//1521 1522//1522 1586//1586
f 1521//1521 1586//1586 1585//1585
f 1522//1522 1523//1523 1587//1587
f 1522//1522 1587//1587 1586//1586
f 1523//1523 1524//1524 1588//1588
f 1523//1523 1588//1588 1587//1587
f 1524//1524 1525//1525 1589//1589
f 1524//1524 1589//1589 1588//1588
f 1525//1525 1526//1526 1590//1590
f 1525//1525 1590//1590 1589//1589
f 1526//1526 1527//1527 1591//1591
f 1526//1526 1591//1591 1590//1590
f 1527//1527 1528//1528 1592//1592
f 1527//1527 1592//1592 1591//1591
f 1528//1528 1529//1529 1593//1593
f 1528//1528 1593//1593 1592//1592
f 1529//1529 1530//1530 1594//1594
f 1529//1529 1594//1594 1593//1593
f 1530//1530 1531//1531 1595//1595
f 1530//1530 1595//1595 1594//1594
f 1531//1531 1532//1532 1596//1596
f 1531//1531 1596//1596 1595//1595
f 1532//1532 1533//1533 1597//1597
f 1532//1532 1597//1597 1596//1596
f 1533//1533 1534//1534 1598//1598
f 1533//1533 1598//1598 1597//1597
f 1534//1534 1535//1535 1599//1599
f 1534//1534 1599//1599 1598//1598
f 1535//1535 1536//1536 1600//1600
f 1535//1535 1600//1600 1599//1599
f 1536//1536 1537//1537 1601//1601
f 1536//1536 1601//1601 1600//1600
f 1537//1537 1538//1538 1602//1602
f 1537//1537 1602//1602 1601//1601
f 1538//1538 1539//1539 1603//1603
f 1538//1538 1603//1603 1602//1602
f 1539//1539 1540//1540 1604//1604
f 1539//1539 1604//1604 1603//1603
f 1540//1540 1541//1541 1605//1605
f 1540//1540 1605//1605 1604//1604
f 1541//1541 1542//1542 1606//1606
f 1541//1541 1606//1606 1605//1605
f 1542//1542 1543//1543 1607//1607
f 1542//1542 1607//1607 1606//1606
f 1543//1543 1544//1544 1608//1608
f 1543//1543 1608//1608 1607//1607
f 1544//1544 1545//1545 1609//1609
f 1544//1544 1609//1609 1608//1608
f 1545//1545 1546//1546 1610//1610
f 1545//1545 1610//1610 1609//1609
f 1546//1546 1547//1547 1611//1611
f 1546//1546 1611//1611 1610//1610
f 1547//1547 1548//1548 1612//1612
f 1547//1547 1612//1612 1611//1611
f 1548//1548 1549//1549 1613//1613
f 1548//1548 1613//1613 1612//1612
f 1549//1549 1550//1550 1614//1614
f 1549//1549 1614//1614 1613//1613
f 1550//1550 1551//1551 1615//1615
f 1550//1550 1615//1615 1614//1614
f 1551//1551 1552//1552 1616//1616
f 1551//1551 1616//1616 1615//1615
f 1552//1552 1553//1553 1617//1617
f 1552//1552 1617//1617 1616//1616
f 1553//1553 1554//1554 1618//1618
f 1553//1553 1618//1618 1617//1617
f 1554//1554 1555//1555 1619//1619
f 1554//1554 1619//1619 1618//1618
f 1555//1555 1556//1556 1620//1620
f 1555//1555 1620//1620 1619//1619
f 1556//1556 1557//1557 1621//1621
f 1556//1556 1621//1621 1620//1620
f 1557//1557 1558//1558 1622//1622
f 1557//1557 1622//1622 1621//1621
f 1558//1558 1559//1559 1623//1623
f 1558//1558 1623//1623 1622//1622
f 1559//1559 1560//1560 1624//1624
f 1559//1559 1624//1624 1623//1623
f 1560//1560 1561//1561 1625//1625
f 1560//1560 1625//1625 1624//1624
f 1561//1561 1562//1562 1626//1626
f 1561//1561 1626//1626 1625//1625
f 1562//1562 1563//1563 1627//1627
f 1562//1562 1627//1627 1626//1626
f 1563//1563 1564//1564 1628//1628
f 1563//1563 1628//1628 1627//1627
f 1564//1564 1565//1565 1629//1629
f 1564//1564 1629//1629 1628//1628
f 1565//1565 1566//1566 1630//1630
f 1565//1565 1630//1630 1629//1629
f 1566//1566 1567//1567 1631//1631
f 1566//1566 1631//1631 1630//1630
f 1567//1567 1568//1568 1632//1632
f 1567//1567 1632//1632 1631//1631
f 1568//1568 1569//1569 1633//1633
f 1568//1568 1633//1633 1632//1632
f 1569//1569 1570//1570 1634//1634
f 1569//1569 1634//1634 1633//1633
f 1570//1570 1571//1571 1635//1635
f 1570//1570 1635//1635 1634//1634
f 1571//1571 1572//1572 1636//1636
f 1571//1571 1636//1636 1635//1635
f 1572//1572 1573//1573 1637//1637
f 1572//1572 1637//1637 1636//1636
f 1573//1573 1574//1574 1638//1638
f 1573//1573 1638//1638 1637//1637
f 1574//1574 1575//1575 1639//1639
f 1574//1574 1639//1639 1638//1638
f 1575//1575 1576//1576 1640//1640
f 1575//1575 1640//1640 1639//1639
f 1576//1576 1577//1577 1641//1641
f 1576//1576 1641//1641 1640//1640
f 1577//1577 1578//1578 1642//1642
f 1577//1577 1642//1642 1641//1641
f 1578//1578 1515//1515 1579//1579
f 1578//1578 1579//1579 1642//1642
f 1579//1579 1580//1580 1644//1644
f 1579//1579 1644//1644 1643//1643
f 1580//1580 1581//1581 1645//1645
f 1580//1580 1645//1645 1644//1644
f 1581//1581 1582//1582 1646//1646
f 1581//1581 1646//1646 1645//1645
f 1582//1582 1583//1583 1647//1647
f 1582//1582 1647//1647 1646//1646
f 1583//1583 1584//1584 1648//1648
f 1583//1583 1648//1648 1647//1647
f 1584//1584 1585//1585 1649//1649
f 1584//1584 1649//1649 1648//1648
f 1585//1585 1586//1586 1650//1650
f 1585//1585 1650//1650 1649//1649
f 1586//1586 1587//1587 1651//1651
f 1586//1586 1651//1651 1650//1650
f 1587//1587 1588//1588 1652//1652
f 1587//1587 1652//1652 1651//1651
f 1588//1588 1589//1589 1653//1653
f 1588//1588 1653//1653 1652//1652
f 1589//1589 1590//1590 1654//1654
f 1589//1589 1654//1654 1653//1653
f 1590//1590 1591//1591 1655//1655
f 1590//1590 1655//1655 1654//1654
f 1591//1591 1592//1592 1656//1656
f 1591//1591 1656//1656 1655//1655
f 1592//1592 1593//1593 1657//1657
f 1592//1592 1657//1657 1656//1656
f 1593//1593 1594//1594 1658//1658
f 1593//1593 1658//1658 1657//1657
f 1594//1594 1595//1595 1659//1659
f 1594//1594 1659//1659 1658//1658
f 1595//1595 1596//1596 1660//1660
f 1595//1595 1660//1660 1659//1659
f 1596//1596 1597//1597 1661//1661
f 1596//1596 1661//1661 1660//1660
f 1597//1597 1598//1598 1662//1662
f 1597//1597 1662//1662 1661//1661
f 1598//1598 1599//1599 1663//1663
f 1598//1598 1663//1663 1662//1662
f 1599//1599 1600//1600 1664//1664
f 1599//1599 1664//1664 1663//1663
f 1600//1600 1601//1601 1665//1665
f 1600//1600 1665//1665 1664//1664
f 1601//1601 1602//1602 1666//1666
f 1601//1601 1666//1666 1665//1665
f 1602//1602 1603//1603 1667//1667
f 1602//1602 1667//1667 1666//1666
f 1603//1603 1604//1604 1668//1668
f 1603//1603 1668//1668 1667//1667
f 1604//1604 1605//1605 1669//1669
f 1604//1604 1669//1669 1668//1668
f 1605//1605 1606//1606 1670//1670
f 1605//1605 1670//1670 1669//1669
f 1606//1606 1607//1607 1671//1671
f 1606//1606 1671//1671 1670//1670
f 1607//1607 1608//1608 1672//1672
f 1607//1607 1672//1672 1671//1671
f 1608//1608 1609//1609 1673//1673
f 1608//1608 1673//1673 1672//1672
f 1609//1609 1610//1610 1674//1674
f 1609//1609 1674//1674 1673//1673
f 1610//1610 1611//1611 1675//1675
f 1610//1610 1675//1675 1674//1674
f 1611//1611 1612//1612 1676//1676
f 1611//1611 1676//1676 1675//1675
f 1612//1612 1613//1613 1677//1677
f 1612//1612 1677//1677 1676//1676
f 1613//1613 1614//1614 1678//1678
f 1613//1613 1678//1678 1677//1677
f 1614//1614 1615//1615 1679//1679
f 1614//1614 1679//1679 1678//1678
f 1615//1615 1616//1616 1680//1680
f 1615//1615 1680//1680 1679//1679
f 1616//1616 1617//1617 1681//1681
f 1616//1616 1681//1681 1680//1680
f 1617//1617 1618//1618 1682//1682
f 1617//1617 1682//1682 1681//1681
f 1618//1618 1619//1619 1683//1683
f 1618//1618 1683//1683 1682//1682
f 1619//1619 1620//1620 1684//1684
f 1619//1619 1684//1684 1683//1683
f 1620//1620 1621//1621 1685//1685
f 1620//1620 1685//1685 1684//1684
f 1621//1621 1622//1622 1686//1686
f 1621//1621 1686//1686 1685//1685
f 1622//1622 1623//1623 1687//1687
f 1622//1622 1687//1687 1686//1686
f 1623//1623 1624//1624 1688//1688
f 1623//1623 1688//1688 1687//1687
f 1624//1624 1625//1625 1689//1689
f 1624//1624 1689//1689 1688//1688
f 1625//1625 1626//1626 1690//1690
f 1625//1625 1690//1690 1689//1689
f 1626//1626 1627//1627 1691//1691
f 1626//1626 1691//1691 1690//1690
f 1627//1627 1628//1628 1692//1692
f 1627//1627 1692//1692 1691//1691
f 1628//1628 1629//1629 1693//1693
f 1628//1628 1693//1693 1692//1692
f 1629//1629 1630//1630 1694//1694
f 1629//1629 1694//1694 1693//1693
f 1630//1630 1631//1631 1695//1695
f 1630//1630 1695//1695 1694//1694
f 1631//1631 1632//1632 1696//1696
f 1631//1631 1696//1696 1695//1695
f 1632//1632 1633//1633 1697//1697
f 1632//1632 1697//1697 1696//1696
f 1633//1633 1634//1634 1698//1698
f 1633//1633 1698//1698 1697//1697
f 1634//1634 1635//1635 1699//1699
f 1634//1634 1699//1699 1698//1698
f 1635//1635 1636//1636 1700//1700
f 1635//1635 1700//1700 1699//1699
f 1636//1636 1637//1637 1701//1701
f 1636//1636 1701//1701 1700//1700
f 1637//1637 1638//1638 1702//1702
f 1637//1637 1702//1702 1701//1701
f 1638//1638 1639//1639 1703//1703
f 1638//1638 1703//1703 1702//1702
f 1639//1639 1640//1640 1704//1704
f 1639//1639 1704//1704 1703//1703
f 1640//1640 1641//1641 1705//1705
f 1640//1640 1705//1705 1704//1704
f 1641//1641 1642//1642 1706//1706
f 1641//1641 1706//1706 1705//1705
f 1642//1642 1579//1579 1643//1643
f 1642//1642 1643//1643 1706//1706
f 1706//1706 1643//1643 1644//1644
f 1706//1706 1644//1644 1645//1645
f 1706//1706 1645//1645 1646//1646
f 1706//1706 1646//1646 1707//1707
f 1706//1706 1707//1707 1647//1647
f 1706//1706 1647//1647 1708//1708
f 1706//1706 1708//1708 1648//1648
f 1706//1706 1648//1648 1709//1709
f 1706//1706 1709//1709 1649//1649
f 1706//1706 1649//1649 1710//1710
f 1706//1706 1710//1710 1650//1650
f 1706//1706 1650//1650 1711//1711
f 1706//1706 1711//1711 1651//1651
f 1706//1706 1651//1651 1712//1712
f 1706//1706 1712//1712 1652//1652
f 1706//1706 1652//1652 1713//1713
f 1706//1706 1713//1713 1653//1653
f 1706//1706 1653//1653 1714//1714
f 1706//1706 1714//1714 1654//1654
f 1706//1706 1654//1654 1715//1715
f 1706//1706 1715//1715 1655//1655
f 1706//1706 1655//1655 1716//1716
f 1706//1706 1716//1716 1656//1656
f 1706//1706 1656//1656 1657//1657
f 1706//1706 1657//1657 1658//1658
f 1706//1706 1658//1658 1659//1659
f 1706//1706 1659//1659 1660//1660
f 1706//1706 1660//1660 1661//1661
f 1706//1706 1661//1661 1662//1662
f 1706//1706 1662//1662 1717//1717
f 1706//1706 1717//1717 1663//1663
f 1706//1706 1663//1663 1718//1718
f 1706//1706 1718//1718 1664//1664
f 1706//1706 1664//1664 1719//1719
f 1706//1706 1719//1719 1665//1665
f 1706//1706 1665//1665 1720//1720
f 1706//1706 1720//1720 1666//1666
f 1706//1706 1666//1666 1721//1721
f 1706//1706 1721//1721 1667//1667
f 1706//1706 1667//1667 1722//1722
f 1706//1706 1722//1722 1668//1668
f 1706//1706 1668//1668 1723//1723
f 1706//1706 1723//1723 1669//1669
f 1706//1706 1669//1669 1724//1724
f 1706//1706 1724//1724 1670//1670
f 1706//1706 1670//1670 1725//1725
f 1706//1706 1725//1725 1671//1671
f 1706//1706 1671//1671 1726//1726
f 1706//1706 1726//1726 1672//1672
f 1706//1706 1672//1672 1673//1673
f 1706//1706 1673//1673 1674//1674
f 1706//1706 1674//1674 1675//1675
f 1706//1706 1675//1675 1676//1676
f 1706//1706 1676//1676 1677//1677
f 1706//1706 1677//1677 1678//1678
f 1706//1706 1678//1678 1727//1727
f 1706//1706 1727//1727 1679//1679
f 1706//1706 1679//1679 1728//1728
f 1706//1706 1728//1728 1680//1680
f 1706//1706 1680//1680 1729//1729
f 1706//1706 1729//1729 1681//1681
f 1706//1706 1681//1681 1730//1730
f 1706//1706 1730//1730 1682//1682
f 1706//1706 1682//1682 1731//1731
f 1706//1706 1731//1731 1683//1683
f 1706//1706 1683//1683 1732//1732
f 1706//1706 1732//1732 1684//1684
f 1706//1706 1684//1684 1733//1733
f 1706//1706 1733//1733 1685//1685
f 1706//1706 1685//1685 1734//1734
f 1706//1706 1734//1734 1686//1686
f 1706//1706 1686//1686 1735//1735
f 1706//1706 1735//1735 1687//1687
f 1706//1706 1687//1687 1736//1736
f 1706//1706 1736//1736 1688//1688
f 1706//1706 1688//1688 1689//1689
f 1706//1706 1689//1689 1690//1690
f 1706//1706 1690//1690 1691//1691
f 1706//1706 1691//1691 1692//1692
f 1706//1706 1692//1692 1693//1693
f 1706//1706 1693//1693 1694//1694
f 1706//1706 1694//1694 1737//1737
f 1706//1706 1737//1737 1695//1695
f 1706//1706 1695//1695 1738//1738
f 1706//1706 1738//1738 1696//1696
f 1706//1706 1696//1696 1739//1739
f 1706//1706 1739//1739 1697//1697
f 1706//1706 1697//1697 1740//1740
f 1706//1706 1740//1740 1698//1698
f 1706//1706 1698//1698 1741//1741
f 1706//1706 1741//1741 1699//1699
f 1706//1706 1699//1699 1742//1742
f 1706//1706 1742//1742 1700//1700
f 1706//1706 1700//1700 1743//1743
f 1706//1706 1743//1743 1701//1701
f 1706//1706 1701//1701 1744//1744
f 1706//1706 1744//1744 1702//1702
f 1706//1706 1702//1702 1745//1745
f 1706//1706 1745//1745 1703//1703
f 1706//1706 1703//1703 1746//1746
f 1706//1706 1746//1746 1704//1704
f 1704//1704 1705//1705 1706//1706
f 1516//1516 1515//1515 1578//1578
f 1516//1516 1578//1578 1577//1577
f 1516//1516 1577//1577 1576//1576
f 1516//1516 1576//1576 1747//1747
f 1516//1516 1747//1747 1575//1575
f 1516//1516 1575//1575 1748//1748
f 1516//1516 1748//1748 1574//1574
f 1516//1516 1574//1574 1749//1749
f 1516//1516 1749//1749 1573//1573
f 1516//1516 1573//1573 1750//1750
f 1516//1516 1750//1750 1572//1572
f 1516//1516 1572//1572 1751//1751
f 1516//1516 1751//1751 1571//1571
f 1516//1516 1571//1571 1752//1752
f 1516//1516 1752//1752 1570//1570
f 1516//1516 1570//1570 1753//1753
f 1516//1516 1753//1753 1569//1569
f 1516//1516 1569//1569 1754//1754
f 1516//1516 1754//1754 1568//1568
f 1516//1516 1568//1568 1755//1755
f 1516//1516 1755//1755 1567//1567
f 1516//1516 1567//1567 1756//1756
f 1516//1516 1756//1756 1566//1566
f 1516//1516 1566//1566 1565//1565
f 1516//1516 1565//1565 1564//1564
f 1516//1516 1564//1564 1563//1563
f 1516//1516 1563//1563 1562//1562
f 1516//1516 1562//1562 1561//1561
f 1516//1516 1561//1561 1560//1560
f 1516//1516 1560//1560 1757//1757
f 1516//1516 1757//1757 1559//1559
f 1516//1516 1559//1559 1758//1758
f 1516//1516 1758//1758 1558//1558
f 1516//1516 1558//1558 1759//1759
f 1516//1516 1759//1759 1557//1557
f 1516//1516 1557//1557 1760//1760
f 1516//1516 1760//1760 1556//1556
f 1516//1516 1556//1556 1761//1761
f 1516//1516 1761//1761 1555//1555
f 1516//1516 1555//1555 1762//1762
f 1516//1516 1762//1762 1554//1554
f 1516//1516 1554//1554 1763//1763
f 1516//1516 1763//1763 1553//1553
f 1516//1516 1553//1553 1764//1764
f 1516//1516 1764//1764 1552//1552
f 1516//1516 1552//1552 1765//1765
f 1516//1516 1765//1765 1551//1551
f 1516//1516 1551//1551 1766//1766
f 1516//1516 1766//1766 1550//1550
f 1516//1516 1550//1550 1549//1549
f 1516//1516 1549//1549 1548//1548
f 1516//1516 1548//1548 1547//1547
f 1516//1516 1547//1547 1546//1546
f 1516//1516 1546//1546 1545//1545
f 1516//1516 1545//1545 1544//1544
f 1516//1516 1544//1544 1767//1767
f 1516//1516 1767//1767 1543//1543
f 1516//1516 1543//1543 1768//1768
f 1516//1516 1768//1768 1542//1542
f 1516//1516 1542//1542 1769//1769
f 1516//1516 1769//1769 1541//1541
f 1516//1516 1541//1541 1770//1770
f 1516//1516 1770//1770 1540//1540
f 1516//1516 1540//1540 1771//1771
f 1516//1516 1771//1771 1539//1539
f 1516//1516 1539//1539 1772//1772
f 1516//1516 1772//1772 1538//1538
f 1516//1516 1538//1538 1773//1773
f 1516//1516 1773//1773 1537//1537
f 1516//1516 1537//1537 1774//1774
f 1516//1516 1774//1774 1536//1536
f 1516//1516 1536//1536 1775//1775
f 1516//1516 1775//1775 1535//1535
f 1516//1516 1535//1535 1776//1776
f 1516//1516 1776//1776 1534//1534
f 1516//1516 1534//1534 1533//1533
f 1516//1516 1533//1533 1532//1532
f 1516//1516 1532//1532 1531//1531
f 1516//1516 1531//1531 1530//1530
f 1516//1516 1530//1530 1529//1529
f 1516//1516 1529//1529 1528//1528
f 1516//1516 1528//1528 1777//1777
f 1516//1516 1777//1777 1527//1527
f 1516//1516 1527//1527 1778//1778
f 1516//1516 1778//1778 1526//1526
f 1516//1516 1526//1526 1779//1779
f 1516//1516 1779//1779 1525//1525
f 1516//1516 1525//1525 1780//1780
f 1516//1516 1780//1780 1524//1524
f 1516//1516 1524//1524 1781//1781
f 1516//1516 1781//1781 1523//1523
f 1516//1516 1523//1523 1782//1782
f 1516//1516 1782//1782 1522//1522
f 1516//1516 1522//1522 1783//1783
f 1516//1516 1783//1783 1521//1521
f 1516//1516 1521//1521 1784//1784
f 1516//1516 1784//1784 1520//1520
f 1516//1516 1520//1520 1785//1785
f 1516//1516 1785//1785 1519//1519
f 1516//1516 1519//1519 1786//1786
f 1516//1516 1786//1786 1518//1518
f 1518//1518 1517//1517 1516//1516
o TyreRL
v 0.713 0.66 0.335
v 0.714355 0.66 0.365101
v 0.718593 0.66 0.395958
v 0.725931 0.66 0.427178
v 0.736521 0.66 0.458312
v 0.750425 0.66 0.488864
v 0.767607 0.66 0.518315
v 0.787922 0.66 0.54615
v 0.811119 0.66 0.571881
v 0.83685 0.66 0.595078
v 0.864685 0.66 0.615393
v 0.894136 0.66 0.632575
v 0.924688 0.66 0.646479
v 0.955822 0.66 0.657069
v 0.987042 0.66 0.664407
v 1.0179 0.66 0.668645
v 1.048 0.66 0.67
v 1.0781 0.66 0.668645
v 1.10896 0.66 0.664407
v 1.14018 0.66 0.657069
v 1.17131 0.66 0.646479
v 1.20186 0.66 0.632575
v 1.23132 0.66 0.615393
v 1.25915 0.66 0.595078
v 1.28488 0.66 0.571881
v 1.30808 0.66 0.54615
v 1.32839 0.66 0.518315
v 1.34558 0.66 0.488864
v 1.35948 0.66 0.458312
v 1.37007 0.66 0.427178
v 1.37741 0.66 0.395958
v 1.38164 0.66 0.365101
v 1.383 0.66 0.335
v 1.38164 0.66 0.304899
v 1.37741 0.66 0.274042
v 1.37007 0.66 0.242822
v 1.35948 0.66 0.211688
v 1.34558 0.66 0.181136
v 1.32839 0.66 0.151685
v 1.30808 0.66 0.12385
v 1.28488 0.66 0.0981192
v 1.25915 0.66 0.0749217
v 1.23132 0.66 0.0546065
v 1.20186 0.66 0.0374249
v 1.17131 0.66 0.0235209
v 1.14018 0.66 0.0129313
v 1.10896 0.66 0.0055927
v 1.0781 0.66 0.00135511
v 1.048 0.66 5.55112e-17
v 1.0179 0.66 0.00135511
v 0.987042 0.66 0.0055927
v 0.955822 0.66 0.0129313
v 0.924688 0.66 0.0235209
v 0.894136 0.66 0.0374249
v 0.864685 0.66 0.0546065
v 0.83685 0.66 0.0749217
v 0.811119 0.66 0.0981192
v 0.787922 0.66 0.12385
v 0.767607 0.66 0.151685
v 0.750425 0.66 0.181136
v 0.736521 0.66 0.211688
v 0.725931 0.66 0.242822
v 0.718593 0.66 0.274042
v 0.714355 0.66 0.304899
v 0.713 0.7975 0.335
v 0.714355 0.7975 0.365101
v 0.718593 0.7975 0.395958
v 0.725931 0.7975 0.427178
v 0.736521 0.7975 0.458312
v 0.750425 0.7975 0.488864
v 0.767607 0.7975 0.518315
v 0.787922 0.7975 0.54615
v 0.811119 0.7975 0.571881
v 0.83685 0.7975 0.595078
v 0.864685 0.7975 0.615393
v 0.894136 0.7975 0.632575
v 0.924688 0.7975 0.646479
v 0.955822 0.7975 0.657069
v 0.987042 0.7975 0.664407
v 1.0179 0.7975 0.668645
v 1.048 0.7975 0.67
v 1.0781 0.7975 0.668645
v 1.10896 0.7975 0.664407
v 1.14018 0.7975 0.657069
v 1.17131 0.7975 0.646479
v 1.20186 0.7975 0.632575
v 1.23132 0.7975 0.615393
v 1.25915 0.7975 0.595078
v 1.28488 0.7975 0.571881
v 1.30808 0.7975 0.54615
v 1.32839 0.7975 0.518315
v 1.34558 0.7975 0.488864
v 1.35948 0.7975 0.458312
v 1.37007 0.7975 0.427178
v 1.37741 0.7975 0.395958
v 1.38164 0.7975 0.365101
v 1.383 0.7975 0.335
v 1.38164 0.7975 0.304899
v 1.37741 0.7975 0.274042
v 1.37007 0.7975 0.242822
v 1.35948 0.7975 0.211688
v 1.34558 0.7975 0.181136
v 1.32839 0.7975 0.151685
v 1.30808 0.7975 0.12385
v 1.28488 0.7975 0.0981192
v 1.25915 0.7975 0.0749217
v 1.23132 0.7975 0.0546065
v 1.20186 0.7975 0.0374249
v 1.17131 0.7975 0.0235209
v 1.14018 0.7975 0.0129313
v 1.10896 0.7975 0.0055927
v 1.0781 0.7975 0.00135511
v 1.048 0.7975 5.55112e-17
v 1.0179 0.7975 0.00135511
v 0.987042 0.7975 0.0055927
v 0.955822 0.7975 0.0129313
v 0.924688 0.7975 0.0235209
v 0.894136 0.7975 0.0374249
v 0.864685 0.7975 0.0546065
v 0.83685 0.7975 0.0749217
v 0.811119 0.7975 0.0981192
v 0.787922 0.7975 0.12385
v 0.767607 0.7975 0.151685
v 0.750425 0.7975 0.181136
v 0.736521 0.7975 0.211688
v 0.725931 0.7975 0.242822
v 0.718593 0.7975 0.274042
v 0.714355 0.7975 0.304899
v 0.713 0.935 0.335
v 0.714355 0.935 0.365101
v 0.718593 0.935 0.395958
v 0.725931 0.935 0.427178
v 0.736521 0.935 0.458312
v 0.750425 0.935 0.488864
v 0.767607 0.935 0.518315
v 0.787922 0.935 0.54615
v 0.811119 0.935 0.571881
v 0.83685 0.935 0.595078
v 0.864685 0.935 0.615393
v 0.894136 0.935 0.632575
v 0.924688 0.935 0.646479
v 0.955822 0.935 0.657069
v 0.987042 0.935 0.664407
v 1.0179 0.935 0.668645
v 1.048 0.935 0.67
v 1.0781 0.935 0.668645
v 1.10896 0.935 0.664407
v 1.14018 0.935 0.657069
v 1.17131 0.935 0.646479
v 1.20186 0.935 0.632575
v 1.23132 0.935 0.615393
v 1.25915 0.935 0.595078
v 1.28488 0.935 0.571881
v 1.30808 0.935 0.54615
v 1.32839 0.935 0.518315
v 1.34558 0.935 0.488864
v 1.35948 0.935 0.458312
v 1.37007 0.935 0.427178
v 1.37741 0.935 0.395958
v 1.38164 0.935 0.365101
v 1.383 0.935 0.335
v 1.38164 0.935 0.304899
v 1.37741 0.935 0.274042
v 1.37007 0.935 0.242822
v 1.35948 0.935 0.211688
v 1.34558 0.935 0.181136
v 1.32839 0.935 0.151685
v 1.30808 0.935 0.12385
v 1.28488 0.935 0.0981192
v 1.25915 0.935 0.0749217
v 1.23132 0.935 0.0546065
v 1.20186 0.935 0.0374249
v 1.17131 0.935 0.0235209
v 1.14018 0.935 0.0129313
v 1.10896 0.935 0.0055927
v 1.0781 0.935 0.00135511
v 1.048 0.935 5.55112e-17
v 1.0179 0.935 0.00135511
v 0.987042 0.935 0.0055927
v 0.955822 0.935 0.0129313
v 0.924688 0.935 0.0235209
v 0.894136 0.935 0.0374249
v 0.864685 0.935 0.0546065
v 0.83685 0.935 0.0749217
v 0.811119 0.935 0.0981192
v 0.787922 0.935 0.12385
v 0.767607 0.935 0.151685
v 0.750425 0.935 0.181136
v 0.736521 0.935 0.211688
v 0.725931 0.935 0.242822
v 0.718593 0.935 0.274042
v 0.714355 0.935 0.304899
v 0.730814 0.66 0.227214
v 0.743058 0.66 0.196307
v 0.758612 0.66 0.16624
v 0.777386 0.66 0.137534
v 0.79918 0.66 0.110693
v 0.823693 0.66 0.0861798
v 0.850534 0.66 0.0643857
v 0.87924 0.66 0.0456124
v 0.909307 0.66 0.0300584
v 0.940214 0.66 0.0178136
v 1.15579 0.66 0.0178136
v 1.18669 0.66 0.0300584
v 1.21676 0.66 0.0456124
v 1.24547 0.66 0.0643857
v 1.27231 0.66 0.0861798
v 1.29682 0.66 0.110693
v 1.31861 0.66 0.137534
v 1.33739 0.66 0.16624
v 1.35294 0.66 0.196307
v 1.36519 0.66 0.227214
v 1.36519 0.66 0.442786
v 1.35294 0.66 0.473693
v 1.33739 0.66 0.50376
v 1.31861 0.66 0.532466
v 1.29682 0.66 0.559307
v 1.27231 0.66 0.58382
v 1.24547 0.66 0.605614
v 1.21676 0.66 0.624388
v 1.18669 0.66 0.639942
v 1.15579 0.66 0.652186
v 0.940214 0.66 0.652186
v 0.909307 0.66 0.639942
v 0.87924 0.66 0.624388
v 0.850534 0.66 0.605614
v 0.823693 0.66 0.58382
v 0.79918 0.66 0.559307
v 0.777386 0.66 0.532466
v 0.758612 0.66 0.50376
v 0.743058 0.66 0.473693
v 0.730814 0.66 0.442786
v 0.730814 0.935 0.442786
v 0.743058 0.935 0.473693
v 0.758612 0.935 0.50376
v 0.777386 0.935 0.532466
v 0.79918 0.935 0.559307
v 0.823693 0.935 0.58382
v 0.850534 0.935 0.605614
v 0.87924 0.935 0.624388
v 0.909307 0.935 0.639942
v 0.940214 0.935 0.652186
v 1.15579 0.935 0.652186
v 1.18669 0.935 0.639942
v 1.21676 0.935 0.624388
v 1.24547 0.935 0.605614
v 1.27231 0.935 0.58382
v 1.29682 0.935 0.559307
v 1.31861 0.935 0.532466
v 1.33739 0.935 0.50376
v 1.35294 0.935 0.473693
v 1.36519 0.935 0.442786
v 1.36519 0.935 0.227214
v 1.35294 0.935 0.196307
v 1.33739 0.935 0.16624
v 1.31861 0.935 0.137534
v 1.29682 0.935 0.110693
v 1.27231 0.935 0.0861798
v 1.24547 0.935 0.0643857
v 1.21676 0.935 0.0456124
v 1.18669 0.935 0.0300584
v 1.15579 0.935 0.0178136
v 0.940214 0.935 0.0178136
v 0.909307 0.935 0.0300584
v 0.87924 0.935 0.0456124
v 0.850534 0.935 0.0643857
v 0.823693 0.935 0.0861798
v 0.79918 0.935 0.110693
v 0.777386 0.935 0.137534
v 0.758612 0.935 0.16624
v 0.743058 0.935 0.196307
v 0.730814 0.935 0.227214
vn -0.894427 -0.447214 -1.02405e-16
vn -0.704246 -0.707107 0.0635367
vn -0.695302 -0.707107 0.128667
vn -0.679812 -0.707107 0.194566
vn -0.65746 -0.707107 0.260282
vn -0.628112 -0.707107 0.32477
vn -0.591845 -0.707107 0.386936
vn -0.548965 -0.707107 0.445688
vn -0.5 -0.707107 0.5
vn -0.445688 -0.707107 0.548965
vn -0.386936 -0.707107 0.591845
vn -0.32477 -0.707107 0.628112
vn -0.260282 -0.707107 0.65746
vn -0.194566 -0.707107 0.679812
vn -0.128667 -0.707107 0.695302
vn -0.0635367 -0.707107 0.704246
vn 7.85046e-17 -0.707107 0.707107
vn 0.0635367 -0.707107 0.704246
vn 0.128667 -0.707107 0.695302
vn 0.194566 -0.707107 0.679812
vn 0.260282 -0.707107 0.65746
vn 0.32477 -0.707107 0.628112
vn 0.386936 -0.707107 0.591845
vn 0.445688 -0.707107 0.548965
vn 0.5 -0.707107 0.5
vn 0.548965 -0.707107 0.445688
vn 0.591845 -0.707107 0.386936
vn 0.628112 -0.707107 0.32477
vn 0.65746 -0.707107 0.260282
vn 0.679812 -0.707107 0.194566
vn 0.695302 -0.707107 0.128667
vn 0.704246 -0.707107 0.0635367
vn 0.707107 -0.707107 -1.57009e-16
vn 0.704246 -0.707107 -0.0635367
vn 0.695302 -0.707107 -0.128667
vn 0.679812 -0.707107 -0.194566
vn 0.65746 -0.707107 -0.260282
vn 0.628112 -0.707107 -0.32477
vn 0.591845 -0.707107 -0.386936
vn 0.548965 -0.707107 -0.445688
vn 0.5 -0.707107 -0.5
vn 0.445688 -0.707107 -0.548965
vn 0.386936 -0.707107 -0.591845
vn 0.32477 -0.707107 -0.628112
vn 0.260282 -0.707107 -0.65746
vn 0.194566 -0.707107 -0.679812
vn 0.128667 -0.707107 -0.695302
vn 0.0635367 -0.707107 -0.704246
vn 1.07652e-16 -0.707107 -0.707107
vn -0.0635367 -0.707107 -0.704246
vn -0.128667 -0.707107 -0.695302
vn -0.194566 -0.707107 -0.679812
vn -0.260282 -0.707107 -0.65746
vn -0.32477 -0.707107 -0.628112
vn -0.386936 -0.707107 -0.591845
vn -0.445688 -0.707107 -0.548965
vn -0.5 -0.707107 -0.5
vn -0.548965 -0.707107 -0.445688
vn -0.591845 -0.707107 -0.386936
vn -0.628112 -0.707107 -0.32477
vn -0.65746 -0.707107 -0.260282
vn -0.679812 -0.707107 -0.194566
vn -0.695302 -0.707107 -0.128667
vn -0.704246 -0.707107 -0.0635367
vn -1 0 1.17171e-16
vn -0.995955 0 0.0898544
vn -0.983305 0 0.181963
vn -0.961399 0 0.275158
vn -0.929788 0 0.368095
vn -0.888284 0 0.459295
vn -0.836996 0 0.54721
vn -0.776353 0 0.630298
vn -0.707107 0 0.707107
vn -0.630298 0 0.776353
vn -0.54721 0 0.836996
vn -0.459295 0 0.888284
vn -0.368095 0 0.929788
vn -0.275158 0 0.961399
vn -0.181963 0 0.983305
vn -0.0898544 0 0.995955
vn -3.51513e-16 0 1
vn 0.0898544 -0 0.995955
vn 0.181963 -0 0.983305
vn 0.275158 -0 0.961399
vn 0.368095 -0 0.929788
vn 0.459295 -0 0.888284
vn 0.54721 -0 0.836996
vn 0.630298 -0 0.776353
vn 0.707107 -0 0.707107
vn 0.776353 -0 0.630298
vn 0.836996 -0 0.54721
vn 0.888284 -0 0.459295
vn 0.929788 -0 0.368095
vn 0.961399 -0 0.275158
vn 0.983305 -0 0.181963
vn 0.995955 -0 0.0898544
vn 1 -0 2.34342e-16
vn 0.995955 0 -0.0898544
vn 0.983305 0 -0.181963
vn 0.961399 0 -0.275158
vn 0.929788 0 -0.368095
vn 0.888284 0 -0.459295
vn 0.836996 0 -0.54721
vn 0.776353 0 -0.630298
vn 0.707107 0 -0.707107
vn 0.630298 0 -0.776353
vn 0.54721 0 -0.836996
vn 0.459295 0 -0.888284
vn 0.368095 0 -0.929788
vn 0.275158 0 -0.961399
vn 0.181963 0 -0.983305
vn 0.0898544 0 -0.995955
vn 1.65705e-16 0 -1
vn -0.0898544 0 -0.995955
vn -0.181963 0 -0.983305
vn -0.275158 0 -0.961399
vn -0.368095 0 -0.929788
vn -0.459295 0 -0.888284
vn -0.54721 0 -0.836996
vn -0.630298 0 -0.776353
vn -0.707107 0 -0.707107
vn -0.776353 0 -0.630298
vn -0.836996 0 -0.54721
vn -0.888284 0 -0.459295
vn -0.929788 0 -0.368095
vn -0.961399 0 -0.275158
vn -0.983305 0 -0.181963
vn -0.995955 0 -0.0898544
vn -0.894427 0.447214 -9.93014e-17
vn -0.704246 0.707107 0.0635367
vn -0.695302 0.707107 0.128667
vn -0.679812 0.707107 0.194566
vn -0.65746 0.707107 0.260282
vn -0.628112 0.707107 0.32477
vn -0.591845 0.707107 0.386936
vn -0.548965 0.707107 0.445688
vn -0.5 0.707107 0.5
vn -0.445688 0.707107 0.548965
vn -0.386936 0.707107 0.591845
vn -0.32477 0.707107 0.628112
vn -0.260282 0.707107 0.65746
vn -0.194566 0.707107 0.679812
vn -0.128667 0.707107 0.695302
vn -0.0635367 0.707107 0.704246
vn 0 0.707107 0.707107
vn 0.0635367 0.707107 0.704246
vn 0.128667 0.707107 0.695302
vn 0.194566 0.707107 0.679812
vn 0.260282 0.707107 0.65746
vn 0.32477 0.707107 0.628112
vn 0.386936 0.707107 0.591845
vn 0.445688 0.707107 0.548965
vn 0.5 0.707107 0.5
vn 0.548965 0.707107 0.445688
vn 0.591845 0.707107 0.386936
vn 0.628112 0.707107 0.32477
vn 0.65746 0.707107 0.260282
vn 0.679812 0.707107 0.194566
vn 0.695302 0.707107 0.128667
vn 0.704246 0.707107 0.0635367
vn 0.707107 0.707107 -1.61916e-16
vn 0.704246 0.707107 -0.0635367
vn 0.695302 0.707107 -0.128667
vn 0.679812 0.707107 -0.194566
vn 0.65746 0.707107 -0.260282
vn 0.628112 0.707107 -0.32477
vn 0.591845 0.707107 -0.386936
vn 0.548965 0.707107 -0.445688
vn 0.5 0.707107 -0.5
vn 0.445688 0.707107 -0.548965
vn 0.386936 0.707107 -0.591845
vn 0.32477 0.707107 -0.628112
vn 0.260282 0.707107 -0.65746
vn 0.194566 0.707107 -0.679812
vn 0.128667 0.707107 -0.695302
vn 0.0635367 0.707107 -0.704246
vn 8.56956e-17 0.707107 -0.707107
vn -0.0635367 0.707107 -0.704246
vn -0.128667 0.707107 -0.695302
vn -0.194566 0.707107 -0.679812
vn -0.260282 0.707107 -0.65746
vn -0.32477 0.707107 -0.628112
vn -0.386936 0.707107 -0.591845
vn -0.445688 0.707107 -0.548965
vn -0.5 0.707107 -0.5
vn -0.548965 0.707107 -0.445688
vn -0.591845 0.707107 -0.386936
vn -0.628112 0.707107 -0.32477
vn -0.65746 0.707107 -0.260282
vn -0.679812 0.707107 -0.194566
vn -0.695302 0.707107 -0.128667
vn -0.704246 0.707107 -0.0635367
vn 3.66374e-17 -1 -2.28983e-16
vn 7.32747e-17 -1 -1.249e-16
vn 6.43929e-17 -1 -2.498e-16
vn -1.0103e-16 -1 -1.38778e-16
vn 0 -1 -1.38778e-16
vn 3.71925e-17 -1 -2.498e-16
vn 5.05151e-17 -1 -1.38778e-16
vn -8.27116e-17 -1 -1.38778e-16
vn -9.1871e-17 -1 -1.66533e-16
vn -2.30371e-17 -1 -1.66533e-16
vn -2.27596e-17 -1 -1.11022e-16
vn -5.55112e-17 -1 -2.22045e-16
vn 5.9952e-17 -1 -2.22045e-16
vn -5.9952e-17 -1 -1.11022e-16
vn -3.71925e-17 -1 -2.22045e-16
vn 2.77556e-17 -1 -1.11022e-16
vn 6.43929e-17 -1 -1.11022e-16
vn -6.43929e-17 -1 -1.11022e-16
vn -7.32747e-17 -1 -2.22045e-16
vn 1.88738e-17 -1 -2.22045e-16
vn -1.11022e-16 -1 -2.22045e-16
vn -1.11022e-16 -1 -1.11022e-16
vn 0 -1 -1.11022e-16
vn 0 -1 -1.11022e-16
vn 1.46549e-16 -1 -1.11022e-16
vn 0 -1 -2.22045e-16
vn 0 -1 -1.11022e-16
vn 0 -1 -2.22045e-16
vn 0 -1 -2.22045e-16
vn 0 -1 -1.11022e-16
vn 0 -1 -1.66533e-16
vn 0 -1 -1.66533e-16
vn 0 -1 -1.66533e-16
vn 0 -1 -1.38778e-16
vn 1.11022e-16 -1 -1.66533e-16
vn 1.46549e-16 -1 -1.38778e-16
vn 0 -1 -1.249e-16
vn 7.32747e-17 -1 -1.249e-16
vn 7.32747e-17 -1 -1.249e-16
vn 0 -1 -2.28983e-16
vn -1.11022e-16 1 0
vn -1.11022e-16 1 -2.22045e-16
vn 1.11022e-16 1 -2.22045e-16
vn -1.11022e-16 1 -2.22045e-16
vn -1.44329e-17 1 0
vn 0 1 -2.22045e-16
vn 0 1 -2.22045e-16
vn 0 1 -1.11022e-16
vn 0 1 -1.11022e-16
vn 0 1 -1.11022e-16
vn 0 1 -1.66533e-16
vn 0 1 -1.66533e-16
vn -2.22045e-16 1 -1.11022e-16
vn 0 1 -1.11022e-16
vn 0 1 -2.498e-16
vn 0 1 -2.77556e-17
vn -1.11022e-16 1 -2.498e-16
vn 1.03806e-16 1 -2.498e-16
vn -1.11022e-16 1 -2.35922e-16
vn 2.14828e-16 1 -2.35922e-16
vn -1.62925e-16 1 -2.35922e-16
vn 5.55112e-17 1 -1.38778e-17
vn 0 1 -2.498e-16
vn 5.19029e-17 1 -2.498e-16
vn 2.41474e-17 1 -2.77556e-17
vn -5.3707e-17 1 -2.498e-16
vn 1.80411e-18 1 -1.66533e-16
vn 2.77556e-17 1 -1.11022e-16
vn -2.77556e-17 1 -1.66533e-16
vn -9.26342e-17 1 -1.66533e-16
vn -9.62425e-17 1 -1.11022e-16
vn 1.87975e-16 1 -2.22045e-16
vn 5.91194e-17 1 -1.11022e-16
vn 2.05391e-17 1 -2.22045e-16
vn -5.00988e-17 1 -2.22045e-16
vn 3.13638e-17 1 -0
vn 5.55112e-17 1 -2.22045e-16
vn 5.19029e-17 1 -2.22045e-16
vn 5.55112e-17 1 -2.22045e-16
vn 5.19029e-17 1 -0
g TyreRL_rubber
usemtl rubber
f 1787//1787 1788//1788 1852//1852
f 1787//1787 1852//1852 1851//1851
f 1788//1788 1789//1789 1853//1853
f 1788//1788 1853//1853 1852//1852
f 1789//1789 1790//1790 1854//1854
f 1789//1789 1854//1854 1853//1853
f 1790//1790 1791//1791 1855//1855
f 1790//1790 1855//1855 1854//1854
f 1791//1791 1792//1792 1856//1856
f 1791//1791 1856//1856 1855//1855
f 1792//1792 1793//1793 1857//1857
f 1792//1792 1857//1857 1856//1856
f 1793//1793 1794//1794 1858//1858
f 1793//1793 1858//1858 1857//1857
f 1794//1794 1795//1795 1859//1859
f 1794//1794 1859//1859 1858//1858
f 1795//1795 1796//1796 1860//1860
f 1795//1795 1860//1860 1859//1859
f 1796//1796 1797//1797 1861//1861
f 1796//1796 1861//1861 1860//1860
f 1797//1797 1798//1798 1862//1862
f 1797//1797 1862//1862 1861//1861
f 1798//1798 1799//1799 1863//1863
f 1798//1798 1863//1863 1862//1862
f 1799//1799 1800//1800 1864//1864
f 1799//1799 1864//1864 1863//1863
f 1800//1800 1801//1801 1865//1865
f 1800//1800 1865//1865 1864//1864
f 1801//1801 1802//1802 1866//1866
f 1801//1801 1866//1866 1865//1865
f 1802//1802 1803//1803 1867//1867
f 1802//1802 1867//1867 1866//1866
f 1803//1803 1804//1804 1868//1868
f 1803//1803 1868//1868 1867//1867
f 1804//1804 1805//1805 1869//1869
f 1804//1804 1869//1869 1868//1868
f 1805//1805 1806//1806 1870//1870
f 1805//1805 1870//1870 1869//1869
f 1806//1806 1807//1807 1871//1871
f 1806//1806 1871//1871 1870//1870
f 1807//1807 1808//1808 1872//1872
f 1807//1807 1872//1872 1871//1871
f 1808//1808 1809//1809 1873//1873
f 1808//1808 1873//1873 1872//1872
f 1809//1809 1810//1810 1874//1874
f 1809//1809 1874//1874 1873//1873
f 1810//1810 1811//1811 1875//1875
f 1810//1810 1875//1875 1874//1874
f 1811//1811 1812//1812 1876//1876
f 1811//1811 1876//1876 1875//1875
f 1812//1812 1813//1813 1877//1877
f 1812//1812 1877//1877 1876//1876
f 1813//1813 1814//1814 1878//1878
f 1813//1813 1878//1878 1877//1877
f 1814//1814 1815//1815 1879//1879
f 1814//1814 1879//1879 1878//1878
f 1815//1815 1816//1816 1880//1880
f 1815//1815 1880//1880 1879//1879
f 1816//1816 1817//1817 1881//1881
f 1816//1816 1881//1881 1880//1880
f 1817//1817 1818//1818 1882//1882
f 1817//1817 1882//1882 1881//1881
f 1818//1818 1819//1819 1883//1883
f 1818//1818 1883//1883 1882//1882
f 1819//1819 1820//1820 1884//1884
f 1819//1819 1884//1884 1883//1883
f 1820//1820 1821//1821 1885//1885
f 1820//1820 1885//1885 1884//1884
f 1821//1821 1822//1822 1886//1886
f 1821//1821 1886//1886 1885//1885
f 1822//1822 1823//1823 1887//1887
f 1822//1822 1887//1887 1886//1886
f 1823//1823 1824//1824 1888//1888
f 1823//1823 1888//1888 1887//1887
f 1824//1824 1825//1825 1889//1889
f 1824//1824 1889//1889 1888//1888
f 1825//1825 1826//1826 1890//1890
f 1825//1825 1890//1890 1889//1889
f 1826//1826 1827//1827 1891//1891
f 1826//1826 1891//1891 1890//1890
f 1827//1827 1828//1828 1892//1892
f 1827//1827 1892//1892 1891//1891
f 1828//1828 1829//1829 1893//1893
f 1828//1828 1893//1893 1892//1892
f 1829//1829 1830//1830 1894//1894
f 1829//1829 1894//1894 1893//1893
f 1830//1830 1831//1831 1895//1895
f 1830//1830 1895//1895 1894//1894
f 1831//1831 1832//1832 1896//1896
f 1831//1831 1896//1896 1895//1895
f 1832//1832 1833//1833 1897//1897
f 1832//1832 1897//1897 1896//1896
f 1833//1833 1834//1834 1898//1898
f 1833//1833 1898//1898 1897//1897
f 1834//1834 1835//1835 1899//1899
f 1834//1834 1899//1899 1898//1898
f 1835//1835 1836//1836 1900//1900
f 1835//1835 1900//1900 1899//1899
f 1836//1836 1837//1837 1901//1901
f 1836//1836 1901//1901 1900//1900
f 1837//1837 1838//1838 1902//1902
f 1837//1837 1902//1902 1901//1901
f 1838//1838 1839//1839 1903//1903
f 1838//1838 1903//1903 1902//1902
f 1839//1839 1840//1840 1904//1904
f 1839//1839 1904//1904 1903//1903
f 1840//1840 1841//1841 1905//1905
f 1840//1840 1905//1905 1904//1904
f 1841//1841 1842//1842 1906//1906
f 1841//1841 1906//1906 1905//1905
f 1842//1842 1843//1843 1907//1907
f 1842//1842 1907//1907 1906//1906
f 1843//1843 1844//1844 1908//1908
f 1843//1843 1908//1908 1907//1907
f 1844//1844 1845//1845 1909//1909
f 1844//1844 1909//1909 1908//1908
f 1845//1845 1846//1846 1910//1910
f 1845//1845 1910//1910 1909//1909
f 1846//1846 1847//1847 1911//1911
f 1846//1846 1911//1911 1910//1910
f 1847//1847 1848//1848 1912//1912
f 1847//1847 1912//1912 1911//1911
f 1848//1848 1849//1849 1913//1913
f 1848//1848 1913//1913 1912//1912
f 1849//1849 1850//1850 1914//1914
f 1849//1849 1914//1914 1913//1913
f 1850//1850 1787//1787 1851//1851
f 1850//1850 1851//1851 1914//1914
f 1851//1851 1852//1852 1916//1916
f 1851//1851 1916//1916 1915//1915
f 1852//1852 1853//1853 1917//1917
f 1852//1852 1917//1917 1916//1916
f 1853//1853 1854//1854 1918//1918
f 1853//1853 1918//1918 1917//1917
f 1854//1854 1855//1855 1919//1919
f 1854//1854 1919//1919 1918//1918
f 1855//1855 1856//1856 1920//1920
f 1855//1855 1920//1920 1919//1919
f 1856//1856 1857//1857 1921//1921
f 1856//1856 1921//1921 1920//1920
f 1857//1857 1858//1858 1922//1922
f 1857//1857 1922//1922 1921//1921
f 1858//1858 1859//1859 1923//1923
f 1858//1858 1923//1923 1922//1922
f 1859//1859 1860//1860 1924//1924
f 1859//1859 1924//1924 1923//1923
f 1860//1860 1861//1861 1925//1925
f 1860//1860 1925//1925 1924//1924
f 1861//1861 1862//1862 1926//1926
f 1861//1861 1926//1926 1925//1925
f 1862//1862 1863//1863 1927//1927
f 1862//1862 1927//1927 1926//1926
f 1863//1863 1864//1864 1928//1928
f 1863//1863 1928//1928 1927//1927
f 1864//1864 1865//1865 1929//1929
f 1864//1864 1929//1929 1928//1928
f 1865//1865 1866//1866 1930//1930
f 1865//1865 1930//1930 1929//1929
f 1866//1866 1867//1867 1931//1931
f 1866//1866 1931//1931 1930//1930
f 1867//1867 1868//1868 1932//1932
f 1867//1867 1932//1932 1931//1931
f 1868//1868 1869//1869 1933//1933
f 1868//1868 1933//1933 1932//1932
f 1869//1869 1870//1870 1934//1934
f 1869//1869 1934//1934 1933//1933
f 1870//1870 1871//1871 1935//1935
f 1870//1870 1935//1935 1934//1934
f 1871//1871 1872//1872 1936//1936
f 1871//1871 1936//1936 1935//1935
f 1872//1872 1873//1873 1937//1937
f 1872//1872 1937//1937 1936//1936
f 1873//1873 1874//1874 1938//1938
f 1873//1873 1938//1938 1937//1937
f 1874//1874 1875//1875 1939//1939
f 1874//1874 1939//1939 1938//1938
f 1875//1875 1876//1876 1940//1940
f 1875//1875 1940//1940 1939//1939
f 1876//1876 1877//1877 1941//1941
f 1876//1876 1941//1941 1940//1940
f 1877//1877 1878//1878 1942//1942
f 1877//1877 1942//1942 1941//1941
f 1878//1878 1879//1879 1943//1943
f 1878//1878 1943//1943 1942//1942
f 1879//1879 1880//1880 1944//1944
f 1879//1879 1944//1944 1943//1943
f 1880//1880 1881//1881 1945//1945
f 1880//1880 1945//1945 1944//1944
f 1881//1881 1882//1882 1946//1946
f 1881//1881 1946//1946 1945//1945
f 1882//1882 1883//1883 1947//1947
f 1882//1882 1947//1947 1946//1946
f 1883//1883 1884//1884 1948//1948
f 1883//1883 1948//1948 1947//1947
f 1884//1884 1885//1885 1949//1949
f 1884//1884 1949//1949 1948//1948
f 1885//1885 1886//1886 1950//1950
f 1885//1885 1950//1950 1949//1949
f 1886//1886 1887//1887 1951//1951
f 1886//1886 1951//1951 1950//1950
f 1887//1887 1888//1888 1952//1952
f 1887//1887 1952//1952 1951//1951
f 1888//1888 1889//1889 1953//1953
f 1888//1888 1953//1953 1952//1952
f 1889//1889 1890//1890 1954//1954
f 1889//1889 1954//1954 1953//1953
f 1890//1890 1891//1891 1955//1955
f 1890//1890 1955//1955 1954//1954
f 1891//1891 1892//1892 1956//1956
f 1891//1891 1956//1956 1955//1955
f 1892//1892 1893//1893 1957//1957
f 1892//1892 1957//1957 1956//1956
f 1893//1893 1894//1894 1958//1958
f 1893//1893 1958//1958 1957//1957
f 1894//1894 1895//1895 1959//1959
f 1894//1894 1959//1959 1958//1958
f 1895//1895 1896//1896 1960//1960
f 1895//1895 1960//1960 1959//1959
f 1896//1896 1897//1897 1961//1961
f 1896//1896 1961//1961 1960//1960
f 1897//1897 1898//1898 1962//1962
f 1897//1897 1962//1962 1961//1961
f 1898//1898 1899//1899 1963//1963
f 1898//1898 1963//1963 1962//1962
f 1899//1899 1900//1900 1964//1964
f 1899//1899 1964//1964 1963//1963
f 1900//1900 1901//1901 1965//1965
f 1900//1900 1965//1965 1964//1964
f 1901//1901 1902//1902 1966//1966
f 1901//1901 1966//1966 1965//1965
f 1902//1902 1903//1903 1967//1967
f 1902//1902 1967//1967 1966//1966
f 1903//1903 1904//1904 1968//1968
f 1903//1903 1968//1968 1967//1967
f 1904//1904 1905//1905 1969//1969
f 1904//1904 1969//1969 1968//1968
f 1905//1905 1906//1906 1970//1970
f 1905//1905 1970//1970 1969//1969
f 1906//1906 1907//1907 1971//1971
f 1906//1906 1971//1971 1970//1970
f 1907//1907 1908//1908 1972//1972
f 1907//1907 1972//1972 1971//1971
f 1908//1908 1909//1909 1973//1973
f 1908//1908 1973//1973 1972//1972
f 1909//1909 1910//1910 1974//1974
f 1909//1909 1974//1974 1973//1973
f 1910//1910 1911//1911 1975//1975
f 1910//1910 1975//1975 1974//1974
f 1911//1911 1912//1912 1976//1976
f 1911//1911 1976//1976 1975//1975
f 1912//1912 1913//1913 1977//1977
f 1912//1912 1977//1977 1976//1976
f 1913//1913 1914//1914 1978//1978
f 1913//1913 1978//1978 1977//1977
f 1914//1914 1851//1851 1915//1915
f 1914//1914 1915//1915 1978//1978
f 1788//1788 1787//1787 1850//1850
f 1788//1788 1850//1850 1849//1849
f 1788//1788 1849//1849 1848//1848
f 1788//1788 1848//1848 1979//1979
f 1788//1788 1979//1979 1847//1847
f 1788//1788 1847//1847 1980//1980
f 1788//1788 1980//1980 1846//1846
f 1788//1788 1846//1846 1981//1981
f 1788//1788 1981//1981 1845//1845
f 1788//1788 1845//1845 1982//1982
f 1788//1788 1982//1982 1844//1844
f 1788//1788 1844//1844 1983//1983
f 1788//1788 1983//1983 1843//1843
f 1788//1788 1843//1843 1984//1984
f 1788//1788 1984//1984 1842//1842
f 1788//1788 1842//1842 1985//1985
f 1788//1788 1985//1985 1841//1841
f 1788//1788 1841//1841 1986//1986
f 1788//1788 1986//1986 1840//1840
f 1788//1788 1840//1840 1987//1987
f 1788//1788 1987//1987 1839//1839
f 1788//1788 1839//1839 1988//1988
f 1788//1788 1988//1988 1838//1838
f 1788//1788 1838//1838 1837//1837
f 1788//1788 1837//1837 1836//1836
f 1788//1788 1836//1836 1835//1835
f 1788//1788 1835//1835 1834//1834
f 1788//1788 1834//1834 1833//1833
f 1788//1788 1833//1833 1832//1832
f 1788//1788 1832//1832 1989//1989
f 1788//1788 1989//1989 1831//1831
f 1788//1788 1831//1831 1990//1990
f 1788//1788 1990//1990 1830//1830
f 1788//1788 1830//1830 1991//1991
f 1788//1788 1991//1991 1829//1829
f 1788//1788 1829//1829 1992//1992
f 1788//1788 1992//1992 1828//1828
f 1788//1788 1828//1828 1993//1993
f 1788//1788 1993//1993 1827//1827
f 1788//1788 1827//1827 1994//1994
f 1788//1788 1994//1994 1826//1826
f 1788//1788 1826//1826 1995//1995
f 1788//1788 1995//1995 1825//1825
f 1788//1788 1825//1825 1996//1996
f 1788//1788 1996//1996 1824//1824
f 1788//1788 1824//1824 1997//1997
f 1788//1788 1997//1997 1823//1823
f 1788//1788 1823//1823 1998//1998
f 1788//1788 1998//1998 1822//1822
f 1788//1788 1822//1822 1821//1821
f 1788//1788 1821//1821 1820//1820
f 1788//1788 1820//1820 1819//1819
f 1788//1788 1819//1819 1818//1818
f 1788//1788 1818//1818 1817//1817
f 1788//1788 1817//1817 1816//1816
f 1788//1788 1816//1816 1999//1999
f 1788//1788 1999//1999 1815//1815
f 1788//1788 1815//1815 2000//2000
f 1788//1788 2000//2000 1814//1814
f 1788//1788 1814//1814 2001//2001
f 1788//1788 2001//2001 1813//1813
f 1788//1788 1813//1813 2002//2002
f 1788//1788 2002//2002 1812//1812
f 1788//1788 1812//1812 2003//2003
f 1788//1788 2003//2003 1811//1811
f 1788//1788 1811//1811 2004//2004
f 1788//1788 2004//2004 1810//1810
f 1788//1788 1810//1810 2005//2005
f 1788//1788 2005//2005 1809//1809
f 1788//1788 1809//1809 2006//2006
f 1788//1788 2006//2006 1808//1808
f 1788//1788 1808//1808 2007//2007
f 1788//1788 2007//2007 1807//1807
f 1788//1788 1807//1807 2008//2008
f 1788//1788 2008//2008 1806//1806
f 1788//1788 1806//1806 1805//1805
f 1788//1788 1805//1805 1804//1804
f 1788//1788 1804//1804 1803//1803
f 1788//1788 1803//1803 1802//1802
f 1788//1788 1802//1802 1801//1801
f 1788//1788 1801//1801 1800//1800
f 1788//1788 1800//1800 2009//2009
f 1788//1788 2009//2009 1799//1799
f 1788//1788 1799//1799 2010//2010
f 1788//1788 2010//2010 1798//1798
f 1788//1788 1798//1798 2011//2011
f 1788//1788 2011//2011 1797//1797
f 1788//1788 1797//1797 2012//2012
f 1788//1788 2012//2012 1796//1796
f 1788//1788 1796//1796 2013//2013
f 1788//1788 2013//2013 1795//1795
f 1788//1788 1795//1795 2014//2014
f 1788//1788 2014//2014 1794//1794
f 1788//1788 1794//1794 2015//2015
f 1788//1788 2015//2015 1793//1793
f 1788//1788 1793//1793 2016//2016
f 1788//1788 2016//2016 1792//1792
f 1788//1788 1792//1792 2017//2017
f 1788//1788 2017//2017 1791//1791
f 1788//1788 1791//1791 2018//2018
f 1788//1788 2018//2018 1790//1790
f 1790//1790 1789//1789 1788//1788
f 1978//1978 1915//1915 1916//1916
f 1978//1978 1916//1916 1917//1917
f 1978//1978 1917//1917 1918//1918
f 1978//1978 1918//1918 2019//2019
f 1978//1978 2019//2019 1919//1919
f 1978//1978 1919//1919 2020//2020
f 1978//1978 2020//2020 1920//1920
f 1978//1978 1920//1920 2021//2021
f 1978//1978 2021//2021 1921//1921
f 1978//1978 1921//1921 2022//2022
f 1978//1978 2022//2022 1922//1922
f 1978//1978 1922//1922 2023//2023
f 1978//1978 2023//2023 1923//1923
f 1978//1978 1923//1923 2024//2024
f 1978//1978 2024//2024 1924//1924
f 1978//1978 1924//1924 2025//2025
f 1978//1978 2025//2025 1925//1925
f 1978//1978 1925//1925 2026//2026
f 1978//1978 2026//2026 1926//1926
f 1978//1978 1926//1926 2027//2027
f 1978//1978 2027//2027 1927//1927
f 1978//1978 1927//1927 2028//2028
f 1978//1978 2028//2028 1928//1928
f 1978//1978 1928//1928 1929//1929
f 1978//1978 1929//1929 1930//1930
f 1978//1978 1930//1930 1931//1931
f 1978//1978 1931//1931 1932//1932
f 1978//1978 1932//1932 1933//1933
f 1978//1978 1933//1933 1934//1934
f 1978//1978 1934//1934 2029//2029
f 1978//1978 2029//2029 1935//1935
f 1978//1978 1935//1935 2030//2030
f 1978//1978 2030//2030 1936//1936
f 1978//1978 1936//1936 2031//2031
f 1978//1978 2031//2031 1937//1937
f 1978//1978 1937//1937 2032//2032
f 1978//1978 2032//2032 1938//1938
f 1978//1978 1938//1938 2033//2033
f 1978//1978 2033//2033 1939//1939
f 1978//1978 1939//1939 2034//2034
f 1978//1978 2034//2034 1940//1940
f 1978//1978 1940//1940 2035//2035
f 1978//1978 2035//2035 1941//1941
f 1978//1978 1941//1941 2036//2036
f 1978//1978 2036//2036 1942//1942
f 1978//1978 1942//1942 2037//2037
f 1978//1978 2037//2037 1943//1943
f 1978//1978 1943//1943 2038//2038
f 1978//1978 2038//2038 1944//1944
f 1978//1978 1944//1944 1945//1945
f 1978//1978 1945//1945 1946//1946
f 1978//1978 1946//1946 1947//1947
f 1978//1978 1947//1947 1948//1948
f 1978//1978 1948//1948 1949//1949
f 1978//1978 1949//1949 1950//1950
f 1978//1978 1950//1950 2039//2039
f 1978//1978 2039//2039 1951//1951
f 1978//1978 1951//1951 2040//2040
f 1978//1978 2040//2040 1952//1952
f 1978//1978 1952//1952 2041//2041
f 1978//1978 2041//2041 1953//1953
f 1978//1978 1953//1953 2042//2042
f 1978//1978 2042//2042 1954//1954
f 1978//1978 1954//1954 2043//2043
f 1978//1978 2043//2043 1955//1955
f 1978//1978 1955//1955 2044//2044
f 1978//1978 2044//2044 1956//1956
f 1978//1978 1956//1956 2045//2045
f 1978//1978 2045//2045 1957//1957
f 1978//1978 1957//1957 2046//2046
f 1978//1978 2046//2046 1958//1958
f 1978//1978 1958//1958 2047//2047
f 1978//1978 2047//2047 1959//1959
f 1978//1978 1959//1959 2048//2048
f 1978//1978 2048//2048 1960//1960
f 1978//1978 1960//1960 1961//1961
f 1978//1978 1961//1961 1962//1962
f 1978//1978 1962//1962 1963//1963
f 1978//1978 1963//1963 1964//1964
f 1978//1978 1964//1964 1965//1965
f 1978//1978 1965//1965 1966//1966
f 1978//1978 1966//1966 2049//2049
f 1978//1978 2049//2049 1967//1967
f 1978//1978 1967//1967 2050//2050
f 1978//1978 2050//2050 1968//1968
f 1978//1978 1968//1968 2051//2051
f 1978//1978 2051//2051 1969//1969
f 1978//1978 1969//1969 2052//2052
f 1978//1978 2052//2052 1970//1970
f 1978//1978 1970//1970 2053//2053
f 1978//1978 2053//2053 1971//1971
f 1978//1978 1971//1971 2054//2054
f 1978//1978 2054//2054 1972//1972
f 1978//1978 1972//1972 2055//2055
f 1978//1978 2055//2055 1973//1973
f 1978//1978 1973//1973 2056//2056
f 1978//1978 2056//2056 1974//1974
f 1978//1978 1974//1974 2057//2057
f 1978//1978 2057//2057 1975//1975
f 1978//1978 1975//1975 2058//2058
f 1978//1978 2058//2058 1976//1976
f 1976//1976 1977//1977 1978//1978
o TyreRR
v 0.713 -0.935 0.335
v 0.714355 -0.935 0.365101
v 0.718593 -0.935 0.395958
v 0.725931 -0.935 0.427178
v 0.736521 -0.935 0.458312
v 0.750425 -0.935 0.488864
v 0.767607 -0.935 0.518315
v 0.787922 -0.935 0.54615
v 0.811119 -0.935 0.571881
v 0.83685 -0.935 0.595078
v 0.864685 -0.935 0.615393
v 0.894136 -0.935 0.632575
v 0.924688 -0.935 0.646479
v 0.955822 -0.935 0.657069
v 0.987042 -0.935 0.664407
v 1.0179 -0.935 0.668645
v 1.048 -0.935 0.67
v 1.0781 -0.935 0.668645
v 1.10896 -0.935 0.664407
v 1.14018 -0.935 0.657069
v 1.17131 -0.935 0.646479
v 1.20186 -0.935 0.632575
v 1.23132 -0.935 0.615393
v 1.25915 -0.935 0.595078
v 1.28488 -0.935 0.571881
v 1.30808 -0.935 0.54615
v 1.32839 -0.935 0.518315
v 1.34558 -0.935 0.488864
v 1.35948 -0.935 0.458312
v 1.37007 -0.935 0.427178
v 1.37741 -0.935 0.395958
v 1.38164 -0.935 0.365101
v 1.383 -0.935 0.335
v 1.38164 -0.935 0.304899
v 1.37741 -0.935 0.274042
v 1.37007 -0.935 0.242822
v 1.35948 -0.935 0.211688
v 1.34558 -0.935 0.181136
v 1.32839 -0.935 0.151685
v 1.30808 -0.935 0.12385
v 1.28488 -0.935 0.0981192
v 1.25915 -0.935 0.0749217
v 1.23132 -0.935 0.0546065
v 1.20186 -0.935 0.0374249
v 1.17131 -0.935 0.0235209
v 1.14018 -0.935 0.0129313
v 1.10896 -0.935 0.0055927
v 1.0781 -0.935 0.00135511
v 1.048 -0.935 5.55112e-17
v 1.0179 -0.935 0.00135511
v 0.987042 -0.935 0.0055927
v 0.955822 -0.935 0.0129313
v 0.924688 -0.935 0.0235209
v 0.894136 -0.935 0.0374249
v 0.864685 -0.935 0.0546065
v 0.83685 -0.935 0.0749217
v 0.811119 -0.935 0.0981192
v 0.787922 -0.935 0.12385
v 0.767607 -0.935 0.151685
v 0.750425 -0.935 0.181136
v 0.736521 -0.935 0.211688
v 0.725931 -0.935 0.242822
v 0.718593 -0.935 0.274042
v 0.714355 -0.935 0.304899
v 0.713 -0.7975 0.335
v 0.714355 -0.7975 0.365101
v 0.718593 -0.7975 0.395958
v 0.725931 -0.7975 0.427178
v 0.736521 -0.7975 0.458312
v 0.750425 -0.7975 0.488864
v 0.767607 -0.7975 0.518315
v 0.787922 -0.7975 0.54615
v 0.811119 -0.7975 0.571881
v 0.83685 -0.7975 0.595078
v 0.864685 -0.7975 0.615393
v 0.894136 -0.7975 0.632575
v 0.924688 -0.7975 0.646479
v 0.955822 -0.7975 0.657069
v 0.987042 -0.7975 0.664407
v 1.0179 -0.7975 0.668645
v 1.048 -0.7975 0.67
v 1.0781 -0.7975 0.668645
v 1.10896 -0.7975 0.664407
v 1.14018 -0.7975 0.657069
v 1.17131 -0.7975 0.646479
v 1.20186 -0.7975 0.632575
v 1.23132 -0.7975 0.615393
v 1.25915 -0.7975 0.595078
v 1.28488 -0.7975 0.571881
v 1.30808 -0.7975 0.54615
v 1.32839 -0.7975 0.518315
v 1.34558 -0.7975 0.488864
v 1.35948 -0.7975 0.458312
v 1.37007 -0.7975 0.427178
v 1.37741 -0.7975 0.395958
v 1.38164 -0.7975 0.365101
v 1.383 -0.7975 0.335
v 1.38164 -0.7975 0.304899
v 1.37741 -0.7975 0.274042
v 1.37007 -0.7975 0.242822
v 1.35948 -0.7975 0.211688
v 1.34558 -0.7975 0.181136
v 1.32839 -0.7975 0.151685
v 1.30808 -0.7975 0.12385
v 1.28488 -0.7975 0.0981192
v 1.25915 -0.7975 0.0749217
v 1.23132 -0.7975 0.0546065
v 1.20186 -0.7975 0.0374249
v 1.17131 -0.7975 0.0235209
v 1.14018 -0.7975 0.0129313
v 1.10896 -0.7975 0.0055927
v 1.0781 -0.7975 0.00135511
v 1.048 -0.7975 5.55112e-17
v 1.0179 -0.7975 0.00135511
v 0.987042 -0.7975 0.0055927
v 0.955822 -0.7975 0.0129313
v 0.924688 -0.7975 0.0235209
v 0.894136 -0.7975 0.0374249
v 0.864685 -0.7975 0.0546065
v 0.83685 -0.7975 0.0749217
v 0.811119 -0.7975 0.0981192
v 0.787922 -0.7975 0.12385
v 0.767607 -0.7975 0.151685
v 0.750425 -0.7975 0.181136
v 0.736521 -0.7975 0.211688
v 0.725931 -0.7975 0.242822
v 0.718593 -0.7975 0.274042
v 0.714355 -0.7975 0.304899
v 0.713 -0.66 0.335
v 0.714355 -0.66 0.365101
v 0.718593 -0.66 0.395958
v 0.725931 -0.66 0.427178
v 0.736521 -0.66 0.458312
v 0.750425 -0.66 0.488864
v 0.767607 -0.66 0.518315
v 0.787922 -0.66 0.54615
v 0.811119 -0.66 0.571881
v 0.83685 -0.66 0.595078
v 0.864685 -0.66 0.615393
v 0.894136 -0.66 0.632575
v 0.924688 -0.66 0.646479
v 0.955822 -0.66 0.657069
v 0.987042 -0.66 0.664407
v 1.0179 -0.66 0.668645
v 1.048 -0.66 0.67
v 1.0781 -0.66 0.668645
v 1.10896 -0.66 0.664407
v 1.14018 -0.66 0.657069
v 1.17131 -0.66 0.646479
v 1.20186 -0.66 0.632575
v 1.23132 -0.66 0.615393
v 1.25915 -0.66 0.595078
v 1.28488 -0.66 0.571881
v 1.30808 -0.66 0.54615
v 1.32839 -0.66 0.518315
v 1.34558 -0.66 0.488864
v 1.35948 -0.66 0.458312
v 1.37007 -0.66 0.427178
v 1.37741 -0.66 0.395958
v 1.38164 -0.66 0.365101
v 1.383 -0.66 0.335
v 1.38164 -0.66 0.304899
v 1.37741 -0.66 0.274042
v 1.37007 -0.66 0.242822
v 1.35948 -0.66 0.211688
v 1.34558 -0.66 0.181136
v 1.32839 -0.66 0.151685
v 1.30808 -0.66 0.12385
v 1.28488 -0.66 0.0981192
v 1.25915 -0.66 0.0749217
v 1.23132 -0.66 0.0546065
v 1.20186 -0.66 0.0374249
v 1.17131 -0.66 0.0235209
v 1.14018 -0.66 0.0129313
v 1.10896 -0.66 0.0055927
v 1.0781 -0.66 0.00135511
v 1.048 -0.66 5.55112e-17
v 1.0179 -0.66 0.00135511
v 0.987042 -0.66 0.0055927
v 0.955822 -0.66 0.0129313
v 0.924688 -0.66 0.0235209
v 0.894136 -0.66 0.0374249
v 0.864685 -0.66 0.0546065
v 0.83685 -0.66 0.0749217
v 0.811119 -0.66 0.0981192
v 0.787922 -0.66 0.12385
v 0.767607 -0.66 0.151685
v 0.750425 -0.66 0.181136
v 0.736521 -0.66 0.211688
v 0.725931 -0.66 0.242822
v 0.718593 -0.66 0.274042
v 0.714355 -0.66 0.304899
v 0.730814 -0.935 0.227214
v 0.743058 -0.935 0.196307
v 0.758612 -0.935 0.16624
v 0.777386 -0.935 0.137534
v 0.79918 -0.935 0.110693
v 0.823693 -0.935 0.0861798
v 0.850534 -0.935 0.0643857
v 0.87924 -0.935 0.0456124
v 0.909307 -0.935 0.0300584
v 0.940214 -0.935 0.0178136
v 1.15579 -0.935 0.0178136
v 1.18669 -0.935 0.0300584
v 1.21676 -0.935 0.0456124
v 1.24547 -0.935 0.0643857
v 1.27231 -0.935 0.0861798
v 1.29682 -0.935 0.110693
v 1.31861 -0.935 0.137534
v 1.33739 -0.935 0.16624
v 1.35294 -0.935 0.196307
v 1.36519 -0.935 0.227214
v 1.36519 -0.935 0.442786
v 1.35294 -0.935 0.473693
v 1.33739 -0.935 0.50376
v 1.31861 -0.935 0.532466
v 1.29682 -0.935 0.559307
v 1.27231 -0.935 0.58382
v 1.24547 -0.935 0.605614
v 1.21676 -0.935 0.624388
v 1.18669 -0.935 0.639942
v 1.15579 -0.935 0.652186
v 0.940214 -0.935 0.652186
v 0.909307 -0.935 0.639942
v 0.87924 -0.935 0.624388
v 0.850534 -0.935 0.605614
v 0.823693 -0.935 0.58382
v 0.79918 -0.935 0.559307
v 0.777386 -0.935 0.532466
v 0.758612 -0.935 0.50376
v 0.743058 -0.935 0.473693
v 0.730814 -0.935 0.442786
v 0.730814 -0.66 0.442786
v 0.743058 -0.66 0.473693
v 0.758612 -0.66 0.50376
v 0.777386 -0.66 0.532466
v 0.79918 -0.66 0.559307
v 0.823693 -0.66 0.58382
v 0.850534 -0.66 0.605614
v 0.87924 -0.66 0.624388
v 0.909307 -0.66 0.639942
v 0.940214 -0.66 0.652186
v 1.15579 -0.66 0.652186
v 1.18669 -0.66 0.639942
v 1.21676 -0.66 0.624388
v 1.24547 -0.66 0.605614
v 1.27231 -0.66 0.58382
v 1.29682 -0.66 0.559307
v 1.31861 -0.66 0.532466
v 1.33739 -0.66 0.50376
v 1.35294 -0.66 0.473693
v 1.36519 -0.66 0.442786
v 1.36519 -0.66 0.227214
v 1.35294 -0.66 0.196307
v 1.33739 -0.66 0.16624
v 1.31861 -0.66 0.137534
v 1.29682 -0.66 0.110693
v 1.27231 -0.66 0.0861798
v 1.24547 -0.66 0.0643857
v 1.21676 -0.66 0.0456124
v 1.18669 -0.66 0.0300584
v 1.15579 -0.66 0.0178136
v 0.940214 -0.66 0.0178136
v 0.909307 -0.66 0.0300584
v 0.87924 -0.66 0.0456124
v 0.850534 -0.66 0.0643857
v 0.823693 -0.66 0.0861798
v 0.79918 -0.66 0.110693
v 0.777386 -0.66 0.137534
v 0.758612 -0.66 0.16624
v 0.743058 -0.66 0.196307
v 0.730814 -0.66 0.227214
vn -0.894427 -0.447214 1.02405e-16
vn -0.704246 -0.707107 0.0635367
vn -0.695302 -0.707107 0.128667
vn -0.679812 -0.707107 0.194566
vn -0.65746 -0.707107 0.260282
vn -0.628112 -0.707107 0.32477
vn -0.591845 -0.707107 0.386936
vn -0.548965 -0.707107 0.445688
vn -0.5 -0.707107 0.5
vn -0.445688 -0.707107 0.548965
vn -0.386936 -0.707107 0.591845
vn -0.32477 -0.707107 0.628112
vn -0.260282 -0.707107 0.65746
vn -0.194566 -0.707107 0.679812
vn -0.128667 -0.707107 0.695302
vn -0.0635367 -0.707107 0.704246
vn 0 -0.707107 0.707107
vn 0.0635367 -0.707107 0.704246
vn 0.128667 -0.707107 0.695302
vn 0.194566 -0.707107 0.679812
vn 0.260282 -0.707107 0.65746
vn 0.32477 -0.707107 0.628112
vn 0.386936 -0.707107 0.591845
vn 0.445688 -0.707107 0.548965
vn 0.5 -0.707107 0.5
vn 0.548965 -0.707107 0.445688
vn 0.591845 -0.707107 0.386936
vn 0.628112 -0.707107 0.32477
vn 0.65746 -0.707107 0.260282
vn 0.679812 -0.707107 0.194566
vn 0.695302 -0.707107 0.128667
vn 0.704246 -0.707107 0.0635367
vn 0.707107 -0.707107 1.57009e-16
vn 0.704246 -0.707107 -0.0635367
vn 0.695302 -0.707107 -0.128667
vn 0.679812 -0.707107 -0.194566
vn 0.65746 -0.707107 -0.260282
vn 0.628112 -0.707107 -0.32477
vn 0.591845 -0.707107 -0.386936
vn 0.548965 -0.707107 -0.445688
vn 0.5 -0.707107 -0.5
vn 0.445688 -0.707107 -0.548965
vn 0.386936 -0.707107 -0.591845
vn 0.32477 -0.707107 -0.628112
vn 0.260282 -0.707107 -0.65746
vn 0.194566 -0.707107 -0.679812
vn 0.128667 -0.707107 -0.695302
vn 0.0635367 -0.707107 -0.704246
vn 1.48647e-16 -0.707107 -0.707107
vn -0.0635367 -0.707107 -0.704246
vn -0.128667 -0.707107 -0.695302
vn -0.194566 -0.707107 -0.679812
vn -0.260282 -0.707107 -0.65746
vn -0.32477 -0.707107 -0.628112
vn -0.386936 -0.707107 -0.591845
vn -0.445688 -0.707107 -0.548965
vn -0.5 -0.707107 -0.5
vn -0.548965 -0.707107 -0.445688
vn -0.591845 -0.707107 -0.386936
vn -0.628112 -0.707107 -0.32477
vn -0.65746 -0.707107 -0.260282
vn -0.679812 -0.707107 -0.194566
vn -0.695302 -0.707107 -0.128667
vn -0.704246 -0.707107 -0.0635367
vn -1 0 1.17171e-16
vn -0.995955 0 0.0898544
vn -0.983305 0 0.181963
vn -0.961399 0 0.275158
vn -0.929788 0 0.368095
vn -0.888284 0 0.459295
vn -0.836996 0 0.54721
vn -0.776353 0 0.630298
vn -0.707107 0 0.707107
vn -0.630298 0 0.776353
vn -0.54721 0 0.836996
vn -0.459295 0 0.888284
vn -0.368095 0 0.929788
vn -0.275158 0 0.961399
vn -0.181963 0 0.983305
vn -0.0898544 0 0.995955
vn -3.51513e-16 0 1
vn 0.0898544 -0 0.995955
vn 0.181963 -0 0.983305
vn 0.275158 -0 0.961399
vn 0.368095 -0 0.929788
vn 0.459295 -0 0.888284
vn 0.54721 -0 0.836996
vn 0.630298 -0 0.776353
vn 0.707107 -0 0.707107
vn 0.776353 -0 0.630298
vn 0.836996 -0 0.54721
vn 0.888284 -0 0.459295
vn 0.929788 -0 0.368095
vn 0.961399 -0 0.275158
vn 0.983305 -0 0.181963
vn 0.995955 -0 0.0898544
vn 1 -0 2.34342e-16
vn 0.995955 0 -0.0898544
vn 0.983305 0 -0.181963
vn 0.961399 0 -0.275158
vn 0.929788 0 -0.368095
vn 0.888284 0 -0.459295
vn 0.836996 0 -0.54721
vn 0.776353 0 -0.630298
vn 0.707107 0 -0.707107
vn 0.630298 0 -0.776353
vn 0.54721 0 -0.836996
vn 0.459295 0 -0.888284
vn 0.368095 0 -0.929788
vn 0.275158 0 -0.961399
vn 0.181963 0 -0.983305
vn 0.0898544 0 -0.995955
vn 1.65705e-16 0 -1
vn -0.0898544 0 -0.995955
vn -0.181963 0 -0.983305
vn -0.275158 0 -0.961399
vn -0.368095 0 -0.929788
vn -0.459295 0 -0.888284
vn -0.54721 0 -0.836996
vn -0.630298 0 -0.776353
vn -0.707107 0 -0.707107
vn -0.776353 0 -0.630298
vn -0.836996 0 -0.54721
vn -0.888284 0 -0.459295
vn -0.929788 0 -0.368095
vn -0.961399 0 -0.275158
vn -0.983305 0 -0.181963
vn -0.995955 0 -0.0898544
vn -0.894427 0.447214 4.96507e-17
vn -0.704246 0.707107 0.0635367
vn -0.695302 0.707107 0.128667
vn -0.679812 0.707107 0.194566
vn -0.65746 0.707107 0.260282
vn -0.628112 0.707107 0.32477
vn -0.591845 0.707107 0.386936
vn -0.548965 0.707107 0.445688
vn -0.5 0.707107 0.5
vn -0.445688 0.707107 0.548965
vn -0.386936 0.707107 0.591845
vn -0.32477 0.707107 0.628112
vn -0.260282 0.707107 0.65746
vn -0.194566 0.707107 0.679812
vn -0.128667 0.707107 0.695302
vn -0.0635367 0.707107 0.704246
vn -7.85046e-17 0.707107 0.707107
vn 0.0635367 0.707107 0.704246
vn 0.128667 0.707107 0.695302
vn 0.194566 0.707107 0.679812
vn 0.260282 0.707107 0.65746
vn 0.32477 0.707107 0.628112
vn 0.386936 0.707107 0.591845
vn 0.445688 0.707107 0.548965
vn 0.5 0.707107 0.5
vn 0.548965 0.707107 0.445688
vn 0.591845 0.707107 0.386936
vn 0.628112 0.707107 0.32477
vn 0.65746 0.707107 0.260282
vn 0.679812 0.707107 0.194566
vn 0.695302 0.707107 0.128667
vn 0.704246 0.707107 0.0635367
vn 0.707107 0.707107 7.85046e-17
vn 0.704246 0.707107 -0.0635367
vn 0.695302 0.707107 -0.128667
vn 0.679812 0.707107 -0.194566
vn 0.65746 0.707107 -0.260282
vn 0.628112 0.707107 -0.32477
vn 0.591845 0.707107 -0.386936
vn 0.548965 0.707107 -0.445688
vn 0.5 0.707107 -0.5
vn 0.445688 0.707107 -0.548965
vn 0.386936 0.707107 -0.591845
vn 0.32477 0.707107 -0.628112
vn 0.260282 0.707107 -0.65746
vn 0.194566 0.707107 -0.679812
vn 0.128667 0.707107 -0.695302
vn 0.0635367 0.707107 -0.704246
vn 1.16877e-16 0.707107 -0.707107
vn -0.0635367 0.707107 -0.704246
vn -0.128667 0.707107 -0.695302
vn -0.194566 0.707107 -0.679812
vn -0.260282 0.707107 -0.65746
vn -0.32477 0.707107 -0.628112
vn -0.386936 0.707107 -0.591845
vn -0.445688 0.707107 -0.548965
vn -0.5 0.707107 -0.5
vn -0.548965 0.707107 -0.445688
vn -0.591845 0.707107 -0.386936
vn -0.628112 0.707107 -0.32477
vn -0.65746 0.707107 -0.260282
vn -0.679812 0.707107 -0.194566
vn -0.695302 0.707107 -0.128667
vn -0.704246 0.707107 -0.0635367
vn -5.19029e-17 -1 2.35922e-16
vn -1.03806e-16 -1 2.22045e-16
vn -5.19029e-17 -1 0
vn 1.59317e-16 -1 2.77556e-17
vn -2.77556e-17 -1 2.498e-16
vn 5.3707e-17 -1 2.77556e-17
vn -2.41474e-17 -1 1.66533e-16
vn 1.88877e-16 -1 1.66533e-16
vn 2.14412e-17 -1 1.66533e-16
vn 9.62425e-17 -1 1.66533e-16
vn 9.35363e-17 -1 1.11022e-16
vn 2.77556e-17 -1 1.11022e-16
vn -2.59515e-17 -1 2.22045e-16
vn -1.80411e-18 -1 2.22045e-16
vn 5.73153e-17 -1 0
vn -2.77556e-17 -1 2.22045e-16
vn -5.19029e-17 -1 2.22045e-16
vn -3.60822e-18 -1 0
vn 1.59317e-16 -1 2.22045e-16
vn -3.60822e-18 -1 2.22045e-16
vn 0 -1 2.22045e-16
vn 0 -1 2.22045e-16
vn 1.11022e-16 -1 0
vn 0 -1 0
vn -2.07612e-16 -1 2.22045e-16
vn 0 -1 0
vn 0 -1 1.11022e-16
vn 0 -1 1.11022e-16
vn 0 -1 2.22045e-16
vn 0 -1 1.11022e-16
vn 0 -1 1.66533e-16
vn 0 -1 1.66533e-16
vn 0 -1 1.11022e-16
vn 0 -1 1.66533e-16
vn 0 -1 2.77556e-17
vn -2.07612e-16 -1 2.498e-16
vn 1.11022e-16 -1 2.77556e-17
vn 7.21645e-18 -1 2.77556e-17
vn -1.03806e-16 -1 2.22045e-16
vn 0 -1 2.35922e-16
vn 0 1 1.11022e-16
vn 1.11022e-16 1 1.11022e-16
vn 0 1 1.11022e-16
vn 0 1 1.11022e-16
vn -1.46549e-16 1 1.11022e-16
vn 0 1 1.11022e-16
vn 0 1 1.11022e-16
vn 0 1 2.22045e-16
vn 0 1 1.11022e-16
vn 0 1 1.11022e-16
vn 0 1 1.66533e-16
vn 0 1 1.11022e-16
vn 0 1 1.66533e-16
vn 0 1 1.38778e-16
vn -1.11022e-16 1 1.38778e-16
vn 0 1 1.38778e-16
vn 0 1 1.249e-16
vn -7.32747e-17 1 1.249e-16
vn 1.11022e-16 1 2.35922e-16
vn -7.32747e-17 1 2.35922e-16
vn 9.21485e-17 1 2.35922e-16
vn 0 1 1.249e-16
vn 0 1 1.249e-16
vn -3.66374e-17 1 1.249e-16
vn -9.21485e-17 1 1.38778e-16
vn -9.4369e-18 1 1.38778e-16
vn 1.83187e-17 1 1.38778e-16
vn 2.77556e-17 1 1.66533e-16
vn 2.77556e-17 1 1.66533e-16
vn 4.16334e-18 1 1.11022e-16
vn 2.22045e-18 1 1.11022e-16
vn -7.79932e-17 1 2.22045e-16
vn 5.05151e-17 1 1.11022e-16
vn -8.71525e-17 1 1.11022e-16
vn 2.72005e-17 1 1.11022e-16
vn 3.66374e-17 1 1.11022e-16
vn 0 1 1.11022e-16
vn -3.66374e-17 1 1.11022e-16
vn 5.55112e-17 1 1.11022e-16
vn -3.66374e-17 1 2.22045e-16
g TyreRR_rubber
usemtl rubber
f 2059//2059 2060//2060 2124//2124
f 2059//2059 2124//2124 2123//2123
f 2060//2060 2061//2061 2125//2125
f 2060//2060 2125//2125 2124//2124
f 2061//2061 2062//2062 2126//2126
f 2061//2061 2126//2126 2125//2125
f 2062//2062 2063//2063 2127//2127
f 2062//2062 2127//2127 2126//2126
f 2063//2063 2064//2064 2128//2128
f 2063//2063 2128//2128 2127//2127
f 2064//2064 2065//2065 2129//2129
f 2064//2064 2129//2129 2128//2128
f 2065//2065 2066//2066 2130//2130
f 2065//2065 2130//2130 2129//2129
f 2066//2066 2067//2067 2131//2131
f 2066//2066 2131//2131 2130//2130
f 2067//2067 2068//2068 2132//2132
f 2067//2067 2132//2132 2131//2131
f 2068//2068 2069//2069 2133//2133
f 2068//2068 2133//2133 2132//2132
f 2069//2069 2070//2070 2134//2134
f 2069//2069 2134//2134 2133//2133
f 2070//2070 2071//2071 2135//2135
f 2070//2070 2135//2135 2134//2134
f 2071//2071 2072//2072 2136//2136
f 2071//2071 2136//2136 2135//2135
f 2072//2072 2073//2073 2137//2137
f 2072//2072 2137//2137 2136//2136
f 2073//2073 2074//2074 2138//2138
f 2073//2073 2138//2138 2137//2137
f 2074//2074 2075//2075 2139//2139
f 2074//2074 2139//2139 2138//2138
f 2075//2075 2076//2076 2140//2140
f 2075//2075 2140//2140 2139//2139
f 2076//2076 2077//2077 2141//2141
f 2076//2076 2141//2141 2140//2140
f 2077//2077 2078//2078 2142//2142
f 2077//2077 2142//2142 2141//2141
f 2078//2078 2079//2079 2143//2143
f 2078//2078 2143//2143 2142//2142
f 2079//2079 2080//2080 2144//2144
f 2079//2079 2144//2144 2143//2143
f 2080//2080 2081//2081 2145//2145
f 2080//2080 2145//2145 2144//2144
f 2081//2081 2082//2082 2146//2146
f 2081//2081 2146//2146 2145//2145
f 2082//2082 2083//2083 2147//2147
f 2082//2082 2147//2147 2146//2146
f 2083//2083 2084//2084 2148//2148
f 2083//2083 2148//2148 2147//2147
f 2084//2084 2085//2085 2149//2149
f 2084//2084 2149//2149 2148//2148
f 2085//2085 2086//2086 2150//2150
f 2085//2085 2150//2150 2149//2149
f 2086//2086 2087//2087 2151//2151
f 2086//2086 2151//2151 2150//2150
f 2087//2087 2088//2088 2152//2152
f 2087//2087 2152//2152 2151//2151
f 2088//2088 2089//2089 2153//2153
f 2088//2088 2153//2153 2152//2152
f 2089//2089 2090//2090 2154//2154
f 2089//2089 2154//2154 2153//2153
f 2090//2090 2091//2091 2155//2155
f 2090//2090 2155//2155 2154//2154
f 2091//2091 2092//2092 2156//2156
f 2091//2091 2156//2156 2155//2155
f 2092//2092 2093//2093 2157//2157
f 2092//2092 2157//2157 2156//2156
f 2093//2093 2094//2094 2158//2158
f 2093//2093 2158//2158 2157//2157
f 2094//2094 2095//2095 2159//2159
f 2094//2094 2159//2159 2158//2158
f 2095//2095 2096//2096 2160//2160
f 2095//2095 2160//2160 2159//2159
f 2096//2096 2097//2097 2161//2161
f 2096//2096 2161//2161 2160//2160
f 2097//2097 2098//2098 2162//2162
f 2097//2097 2162//2162 2161//2161
f 2098//2098 2099//2099 2163//2163
f 2098//2098 2163//2163 2162//2162
f 2099//2099 2100//2100 2164//2164
f 2099//2099 2164//2164 2163//2163
f 2100//2100 2101//2101 2165//2165
f 2100//2100 2165//2165 2164//2164
f 2101//2101 2102//2102 2166//2166
f 2101//2101 2166//2166 2165//2165
f 2102//2102 2103//2103 2167//2167
f 2102//2102 2167//2167 2166//2166
f 2103//2103 2104//2104 2168//2168
f 2103//2103 2168//2168 2167//2167
f 2104//2104 2105//2105 2169//2169
f 2104//2104 2169//2169 2168//2168
f 2105//2105 2106//2106 2170//2170
f 2105//2105 2170//2170 2169//2169
f 2106//2106 2107//2107 2171//2171
f 2106//2106 2171//2171 2170//2170
f 2107//2107 2108//2108 2172//2172
f 2107//2107 2172//2172 2171//2171
f 2108//2108 2109//2109 2173//2173
f 2108//2108 2173//2173 2172//2172
f 2109//2109 2110//2110 2174//2174
f 2109//2109 2174//2174 2173//2173
f 2110//2110 2111//2111 2175//2175
f 2110//2110 2175//2175 2174//2174
f 2111//2111 2112//2112 2176//2176
f 2111//2111 2176//2176 2175//2175
f 2112//2112 2113//2113 2177//2177
f 2112//2112 2177//2177 2176//2176
f 2113//2113 2114//2114 2178//2178
f 2113//2113 2178//2178 2177//2177
f 2114//2114 2115//2115 2179//2179
f 2114//2114 2179//2179 2178//2178
f 2115//2115 2116//2116 2180//2180
f 2115//2115 2180//2180 2179//2179
f 2116//2116 2117//2117 2181//2181
f 2116//2116 2181//2181 2180//2180
f 2117//2117 2118//2118 2182//2182
f 2117//2117 2182//2182 2181//2181
f 2118//2118 2119//2119 2183//2183
f 2118//2118 2183//2183 2182//2182
f 2119//2119 2120//2120 2184//2184
f 2119//2119 2184//2184 2183//2183
f 2120//2120 2121//2121 2185//2185
f 2120//2120 2185//2185 2184//2184
f 2121//2121 2122//2122 2186//2186
f 2121//2121 2186//2186 2185//2185
f 2122//2122 2059//2059 2123//2123
f 2122//2122 2123//2123 2186//2186
f 2123//2123 2124//2124 2188//2188
f 2123//2123 2188//2188 2187//2187
f 2124//2124 2125//2125 2189//2189
f 2124//2124 2189//2189 2188//2188
f 2125//2125 2126//2126 2190//2190
f 2125//2125 2190//2190 2189//2189
f 2126//2126 2127//2127 2191//2191
f 2126//2126 2191//2191 2190//2190
f 2127//2127 2128//2128 2192//2192
f 2127//2127 2192//2192 2191//2191
f 2128//2128 2129//2129 2193//2193
f 2128//2128 2193//2193 2192//2192
f 2129//2129 2130//2130 2194//2194
f 2129//2129 2194//2194 2193//2193
f 2130//2130 2131//2131 2195//2195
f 2130//2130 2195//2195 2194//2194
f 2131//2131 2132//2132 2196//2196
f 2131//2131 2196//2196 2195//2195
f 2132//2132 2133//2133 2197//2197
f 2132//2132 2197//2197 2196//2196
f 2133//2133 2134//2134 2198//2198
f 2133//2133 2198//2198 2197//2197
f 2134//2134 2135//2135 2199//2199
f 2134//2134 2199//2199 2198//2198
f 2135//2135 2136//2136 2200//2200
f 2135//2135 2200//2200 2199//2199
f 2136//2136 2137//2137 2201//2201
f 2136//2136 2201//2201 2200//2200
f 2137//2137 2138//2138 2202//2202
f 2137//2137 2202//2202 2201//2201
f 2138//2138 2139//2139 2203//2203
f 2138//2138 2203//2203 2202//2202
f 2139//2139 2140//2140 2204//2204
f 2139//2139 2204//2204 2203//2203
f 2140//2140 2141//2141 2205//2205
f 2140//2140 2205//2205 2204//2204
f 2141//2141 2142//2142 2206//2206
f 2141//2141 2206//2206 2205//2205
f 2142//2142 2143//2143 2207//2207
f 2142//2142 2207//2207 2206//2206
f 2143//2143 2144//2144 2208//2208
f 2143//2143 2208//2208 2207//2207
f 2144//2144 2145//2145 2209//2209
f 2144//2144 2209//2209 2208//2208
f 2145//2145 2146//2146 2210//2210
f 2145//2145 2210//2210 2209//2209
f 2146//2146 2147//2147 2211//2211
f 2146//2146 2211//2211 2210//2210
f 2147//2147 2148//2148 2212//2212
f 2147//2147 2212//2212 2211//2211
f 2148//2148 2149//2149 2213//2213
f 2148//2148 2213//2213 2212//2212
f 2149//2149 2150//2150 2214//2214
f 2149//2149 2214//2214 2213//2213
f 2150//2150 2151//2151 2215//2215
f 2150//2150 2215//2215 2214//2214
f 2151//2151 2152//2152 2216//2216
f 2151//2151 2216//2216 2215//2215
f 2152//2152 2153//2153 2217//2217
f 2152//2152 2217//2217 2216//2216
f 2153//2153 2154//2154 2218//2218
f 2153//2153 2218//2218 2217//2217
f 2154//2154 2155//2155 2219//2219
f 2154//2154 2219//2219 2218//2218
f 2155//2155 2156//2156 2220//2220
f 2155//2155 2220//2220 2219//2219
f 2156//2156 2157//2157 2221//2221
f 2156//2156 2221//2221 2220//2220
f 2157//2157 2158//2158 2222//2222
f 2157//2157 2222//2222 2221//2221
f 2158//2158 2159//2159 2223//2223
f 2158//2158 2223//2223 2222//2222
f 2159//2159 2160//2160 2224//2224
f 2159//2159 2224//2224 2223//2223
f 2160//2160 2161//2161 2225//2225
f 2160//2160 2225//2225 2224//2224
f 2161//2161 2162//2162 2226//2226
f 2161//2161 2226//2226 2225//2225
f 2162//2162 2163//2163 2227//2227
f 2162//2162 2227//2227 2226//2226
f 2163//2163 2164//2164 2228//2228
f 2163//2163 2228//2228 2227//2227
f 2164//2164 2165//2165 2229//2229
f 2164//2164 2229//2229 2228//2228
f 2165//2165 2166//2166 2230//2230
f 2165//2165 2230//2230 2229//2229
f 2166//2166 2167//2167 2231//2231
f 2166//2166 2231//2231 2230//2230
f 2167//2167 2168//2168 2232//2232
f 2167//2167 2232//2232 2231//2231
f 2168//2168 2169//2169 2233//2233
f 2168//2168 2233//2233 2232//2232
f 2169//2169 2170//2170 2234//2234
f 2169//2169 2234//2234 2233//2233
f 2170//2170 2171//2171 2235//2235
f 2170//2170 2235//2235 2234//2234
f 2171//2171 2172//2172 2236//2236
f 2171//2171 2236//2236 2235//2235
f 2172//2172 2173//2173 2237//2237
f 2172//2172 2237//2237 2236//2236
f 2173//2173 2174//2174 2238//2238
f 2173//2173 2238//2238 2237//2237
f 2174//2174 2175//2175 2239//2239
f 2174//2174 2239//2239 2238//2238
f 2175//2175 2176//2176 2240//2240
f 2175//2175 2240//2240 2239//2239
f 2176//2176 2177//2177 2241//2241
f 2176//2176 2241//2241 2240//2240
f 2177//2177 2178//2178 2242//2242
f 2177//2177 2242//2242 2241//2241
f 2178//2178 2179//2179 2243//2243
f 2178//2178 2243//2243 2242//2242
f 2179//2179 2180//2180 2244//2244
f 2179//2179 2244//2244 2243//2243
f 2180//2180 2181//2181 2245//2245
f 2180//2180 2245//2245 2244//2244
f 2181//2181 2182//2182 2246//2246
f 2181//2181 2246//2246 2245//2245
f 2182//2182 2183//2183 2247//2247
f 2182//2182 2247//2247 2246//2246
f 2183//2183 2184//2184 2248//2248
f 2183//2183 2248//2248 2247//2247
f 2184//2184 2185//2185 2249//2249
f 2184//2184 2249//2249 2248//2248
f 2185//2185 2186//2186 2250//2250
f 2185//2185 2250//2250 2249//2249
f 2186//2186 2123//2123 2187//2187
f 2186//2186 2187//2187 2250//2250
f 2060//2060 2059//2059 2122//2122
f 2060//2060 2122//2122 2121//2121
f 2060//2060 2121//2121 2120//2120
f 2060//2060 2120//2120 2251//2251
f 2060//2060 2251//2251 2119//2119
f 2060//2060 2119//2119 2252//2252
f 2060//2060 2252//2252 2118//2118
f 2060//2060 2118//2118 2253//2253
f 2060//2060 2253//2253 2117//2117
f 2060//2060 2117//2117 2254//2254
f 2060//2060 2254//2254 2116//2116
f 2060//2060 2116//2116 2255//2255
f 2060//2060 2255//2255 2115//2115
f 2060//2060 2115//2115 2256//2256
f 2060//2060 2256//2256 2114//2114
f 2060//2060 2114//2114 2257//2257
f 2060//2060 2257//2257 2113//2113
f 2060//2060 2113//2113 2258//2258
f 2060//2060 2258//2258 2112//2112
f 2060//2060 2112//2112 2259//2259
f 2060//2060 2259//2259 2111//2111
f 2060//2060 2111//2111 2260//2260
f 2060//2060 2260//2260 2110//2110
f 2060//2060 2110//2110 2109//2109
f 2060//2060 2109//2109 2108//2108
f 2060//2060 2108//2108 2107//2107
f 2060//2060 2107//2107 2106//2106
f 2060//2060 2106//2106 2105//2105
f 2060//2060 2105//2105 2104//2104
f 2060//2060 2104//2104 2261//2261
f 2060//2060 2261//2261 2103//2103
f 2060//2060 2103//2103 2262//2262
f 2060//2060 2262//2262 2102//2102
f 2060//2060 2102//2102 2263//2263
f 2060//2060 2263//2263 2101//2101
f 2060//2060 2101//2101 2264//2264
f 2060//2060 2264//2264 2100//2100
f 2060//2060 2100//2100 2265//2265
f 2060//2060 2265//2265 2099//2099
f 2060//2060 2099//2099 2266//2266
f 2060//2060 2266//2266 2098//2098
f 2060//2060 2098//2098 2267//2267
f 2060//2060 2267//2267 2097//2097
f 2060//2060 2097//2097 2268//2268
f 2060//2060 2268//2268 2096//2096
f 2060//2060 2096//2096 2269//2269
f 2060//2060 2269//2269 2095//2095
f 2060//2060 2095//2095 2270//2270
f 2060//2060 2270//2270 2094//2094
f 2060//2060 2094//2094 2093//2093
f 2060//2060 2093//2093 2092//2092
f 2060//2060 2092//2092 2091//2091
f 2060//2060 2091//2091 2090//2090
f 2060//2060 2090//2090 2089//2089
f 2060//2060 2089//2089 2088//2088
f 2060//2060 2088//2088 2271//2271
f 2060//2060 2271//2271 2087//2087
f 2060//2060 2087//2087 2272//2272
f 2060//2060 2272//2272 2086//2086
f 2060//2060 2086//2086 2273//2273
f 2060//2060 2273//2273 2085//2085
f 2060//2060 2085//2085 2274//2274
f 2060//2060 2274//2274 2084//2084
f 2060//2060 2084//2084 2275//2275
f 2060//2060 2275//2275 2083//2083
f 2060//2060 2083//2083 2276//2276
f 2060//2060 2276//2276 2082//2082
f 2060//2060 2082//2082 2277//2277
f 2060//2060 2277//2277 2081//2081
f 2060//2060 2081//2081 2278//2278
f 2060//2060 2278//2278 2080//2080
f 2060//2060 2080//2080 2279//2279
f 2060//2060 2279//2279 2079//2079
f 2060//2060 2079//2079 2280//2280
f 2060//2060 2280//2280 2078//2078
f 2060//2060 2078//2078 2077//2077
f 2060//2060 2077//2077 2076//2076
f 2060//2060 2076//2076 2075//2075
f 2060//2060 2075//2075 2074//2074
f 2060//2060 2074//2074 2073//2073
f 2060//2060 2073//2073 2072//2072
f 2060//2060 2072//2072 2281//2281
f 2060//2060 2281//2281 2071//2071
f 2060//2060 2071//2071 2282//2282
f 2060//2060 2282//2282 2070//2070
f 2060//2060 2070//2070 2283//2283
f 2060//2060 2283//2283 2069//2069
f 2060//2060 2069//2069 2284//2284
f 2060//2060 2284//2284 2068//2068
f 2060//2060 2068//2068 2285//2285
f 2060//2060 2285//2285 2067//2067
f 2060//2060 2067//2067 2286//2286
f 2060//2060 2286//2286 2066//2066
f 2060//2060 2066//2066 2287//2287
f 2060//2060 2287//2287 2065//2065
f 2060//2060 2065//2065 2288//2288
f 2060//2060 2288//2288 2064//2064
f 2060//2060 2064//2064 2289//2289
f 2060//2060 2289//2289 2063//2063
f 2060//2060 2063//2063 2290//2290
f 2060//2060 2290//2290 2062//2062
f 2062//2062 2061//2061 2060//2060
f 2250//2250 2187//2187 2188//2188
f 2250//2250 2188//2188 2189//2189
f 2250//2250 2189//2189 2190//2190
f 2250//2250 2190//2190 2291//2291
f 2250//2250 2291//2291 2191//2191
f 2250//2250 2191//2191 2292//2292
f 2250//2250 2292//2292 2192//2192
f 2250//2250 2192//2192 2293//2293
f 2250//2250 2293//2293 2193//2193
f 2250//2250 2193//2193 2294//2294
f 2250//2250 2294//2294 2194//2194
f 2250//2250 2194//2194 2295//2295
f 2250//2250 2295//2295 2195//2195
f 2250//2250 2195//2195 2296//2296
f 2250//2250 2296//2296 2196//2196
f 2250//2250 2196//2196 2297//2297
f 2250//2250 2297//2297 2197//2197
f 2250//2250 2197//2197 2298//2298
f 2250//2250 2298//2298 2198//2198
f 2250//2250 2198//2198 2299//2299
f 2250//2250 2299//2299 2199//2199
f 2250//2250 2199//2199 2300//2300
f 2250//2250 2300//2300 2200//2200
f 2250//2250 2200//2200 2201//2201
f 2250//2250 2201//2201 2202//2202
f 2250//2250 2202//2202 2203//2203
f 2250//2250 2203//2203 2204//2204
f 2250//2250 2204//2204 2205//2205
f 2250//2250 2205//2205 2206//2206
f 2250//2250 2206//2206 2301//2301
f 2250//2250 2301//2301 2207//2207
f 2250//2250 2207//2207 2302//2302
f 2250//2250 2302//2302 2208//2208
f 2250//2250 2208//2208 2303//2303
f 2250//2250 2303//2303 2209//2209
f 2250//2250 2209//2209 2304//2304
f 2250//2250 2304//2304 2210//2210
f 2250//2250 2210//2210 2305//2305
f 2250//2250 2305//2305 2211//2211
f 2250//2250 2211//2211 2306//2306
f 2250//2250 2306//2306 2212//2212
f 2250//2250 2212//2212 2307//2307
f 2250//2250 2307//2307 2213//2213
f 2250//2250 2213//2213 2308//2308
f 2250//2250 2308//2308 2214//2214
f 2250//2250 2214//2214 2309//2309
f 2250//2250 2309//2309 2215//2215
f 2250//2250 2215//2215 2310//2310
f 2250//2250 2310//2310 2216//2216
f 2250//2250 2216//2216 2217//2217
f 2250//2250 2217//2217 2218//2218
f 2250//2250 2218//2218 2219//2219
f 2250//2250 2219//2219 2220//2220
f 2250//2250 2220//2220 2221//2221
f 2250//2250 2221//2221 2222//2222
f 2250//2250 2222//2222 2311//2311
f 2250//2250 2311//2311 2223//2223
f 2250//2250 2223//2223 2312//2312
f 2250//2250 2312//2312 2224//2224
f 2250//2250 2224//2224 2313//2313
f 2250//2250 2313//2313 2225//2225
f 2250//2250 2225//2225 2314//2314
f 2250//2250 2314//2314 2226//2226
f 2250//2250 2226//2226 2315//2315
f 2250//2250 2315//2315 2227//2227
f 2250//2250 2227//2227 2316//2316
f 2250//2250 2316//2316 2228//2228
f 2250//2250 2228//2228 2317//2317
f 2250//2250 2317//2317 2229//2229
f 2250//2250 2229//2229 2318//2318
f 2250//2250 2318//2318 2230//2230
f 2250//2250 2230//2230 2319//2319
f 2250//2250 2319//2319 2231//2231
f 2250//2250 2231//2231 2320//2320
f 2250//2250 2320//2320 2232//2232
f 2250//2250 2232//2232 2233//2233
f 2250//2250 2233//2233 2234//2234
f 2250//2250 2234//2234 2235//2235
f 2250//2250 2235//2235 2236//2236
f 2250//2250 2236//2236 2237//2237
f 2250//2250 2237//2237 2238//2238
f 2250//2250 2238//2238 2321//2321
f 2250//2250 2321//2321 2239//2239
f 2250//2250 2239//2239 2322//2322
f 2250//2250 2322//2322 2240//2240
f 2250//2250 2240//2240 2323//2323
f 2250//2250 2323//2323 2241//2241
f 2250//2250 2241//2241 2324//2324
f 2250//2250 2324//2324 2242//2242
f 2250//2250 2242//2242 2325//2325
f 2250//2250 2325//2325 2243//2243
f 2250//2250 2243//2243 2326//2326
f 2250//2250 2326//2326 2244//2244
f 2250//2250 2244//2244 2327//2327
f 2250//2250 2327//2327 2245//2245
f 2250//2250 2245//2245 2328//2328
f 2250//2250 2328//2328 2246//2246
f 2250//2250 2246//2246 2329//2329
f 2250//2250 2329//2329 2247//2247
f 2250//2250 2247//2247 2330//2330
f 2250//2250 2330//2330 2248//2248
f 2248//2248 2249//2249 2250//2250
o RimFL
v 3.625 0.855 0.335
v 3.62595 0.855 0.356116
v 3.62892 0.855 0.377761
v 3.63407 0.855 0.399662
v 3.6415 0.855 0.421502
v 3.65125 0.855 0.442934
v 3.66331 0.855 0.463594
v 3.67756 0.855 0.48312
v 3.69383 0.855 0.50117
v 3.71188 0.855 0.517443
v 3.73141 0.855 0.531694
v 3.75207 0.855 0.543747
v 3.7735 0.855 0.5535
v 3.79534 0.855 0.560929
v 3.81724 0.855 0.566077
v 3.83888 0.855 0.569049
v 3.86 0.855 0.57
v 3.88112 0.855 0.569049
v 3.90276 0.855 0.566077
v 3.92466 0.855 0.560929
v 3.9465 0.855 0.5535
v 3.96793 0.855 0.543747
v 3.98859 0.855 0.531694
v 4.00812 0.855 0.517443
v 4.02617 0.855 0.50117
v 4.04244 0.855 0.48312
v 4.05669 0.855 0.463594
v 4.06875 0.855 0.442934
v 4.0785 0.855 0.421502
v 4.08593 0.855 0.399662
v 4.09108 0.855 0.377761
v 4.09405 0.855 0.356116
v 4.095 0.855 0.335
v 4.09405 0.855 0.313884
v 4.09108 0.855 0.292239
v 4.08593 0.855 0.270338
v 4.0785 0.855 0.248498
v 4.06875 0.855 0.227066
v 4.05669 0.855 0.206406
v 4.04244 0.855 0.18688
v 4.02617 0.855 0.16883
v 4.00812 0.855 0.152557
v 3.98859 0.855 0.138306
v 3.96793 0.855 0.126253
v 3.9465 0.855 0.1165
v 3.92466 0.855 0.109071
v 3.90276 0.855 0.103923
v 3.88112 0.855 0.100951
v 3.86 0.855 0.1
v 3.83888 0.855 0.100951
v 3.81724 0.855 0.103923
v 3.79534 0.855 0.109071
v 3.7735 0.855 0.1165
v 3.75207 0.855 0.126253
v 3.73141 0.855 0.138306
v 3.71188 0.855 0.152557
v 3.69383 0.855 0.16883
v 3.67756 0.855 0.18688
v 3.66331 0.855 0.206406
v 3.65125 0.855 0.227066
v 3.6415 0.855 0.248498
v 3.63407 0.855 0.270338
v 3.62892 0.855 0.292239
v 3.62595 0.855 0.313884
v 3.625 0.895 0.335
v 3.62595 0.895 0.356116
v 3.62892 0.895 0.377761
v 3.63407 0.895 0.399662
v 3.6415 0.895 0.421502
v 3.65125 0.895 0.442934
v 3.66331 0.895 0.463594
v 3.67756 0.895 0.48312
v 3.69383 0.895 0.50117
v 3.71188 0.895 0.517443
v 3.73141 0.895 0.531694
v 3.75207 0.895 0.543747
v 3.7735 0.895 0.5535
v 3.79534 0.895 0.560929
v 3.81724 0.895 0.566077
v 3.83888 0.895 0.569049
v 3.86 0.895 0.57
v 3.88112 0.895 0.569049
v 3.90276 0.895 0.566077
v 3.92466 0.895 0.560929
v 3.9465 0.895 0.5535
v 3.96793 0.895 0.543747
v 3.98859 0.895 0.531694
v 4.00812 0.895 0.517443
v 4.02617 0.895 0.50117
v 4.04244 0.895 0.48312
v 4.05669 0.895 0.463594
v 4.06875 0.895 0.442934
v 4.0785 0.895 0.421502
v 4.08593 0.895 0.399662
v 4.09108 0.895 0.377761
v 4.09405 0.895 0.356116
v 4.095 0.895 0.335
v 4.09405 0.895 0.313884
v 4.09108 0.895 0.292239
v 4.08593 0.895 0.270338
v 4.0785 0.895 0.248498
v 4.06875 0.895 0.227066
v 4.05669 0.895 0.206406
v 4.04244 0.895 0.18688
v 4.02617 0.895 0.16883
v 4.00812 0.895 0.152557
v 3.98859 0.895 0.138306
v 3.96793 0.895 0.126253
v 3.9465 0.895 0.1165
v 3.92466 0.895 0.109071
v 3.90276 0.895 0.103923
v 3.88112 0.895 0.100951
v 3.86 0.895 0.1
v 3.83888 0.895 0.100951
v 3.81724 0.895 0.103923
v 3.79534 0.895 0.109071
v 3.7735 0.895 0.1165
v 3.75207 0.895 0.126253
v 3.73141 0.895 0.138306
v 3.71188 0.895 0.152557
v 3.69383 0.895 0.16883
v 3.67756 0.895 0.18688
v 3.66331 0.895 0.206406
v 3.65125 0.895 0.227066
v 3.6415 0.895 0.248498
v 3.63407 0.895 0.270338
v 3.62892 0.895 0.292239
v 3.62595 0.895 0.313884
v 3.625 0.935 0.335
v 3.62595 0.935 0.356116
v 3.62892 0.935 0.377761
v 3.63407 0.935 0.399662
v 3.6415 0.935 0.421502
v 3.65125 0.935 0.442934
v 3.66331 0.935 0.463594
v 3.67756 0.935 0.48312
v 3.69383 0.935 0.50117
v 3.71188 0.935 0.517443
v 3.73141 0.935 0.531694
v 3.75207 0.935 0.543747
v 3.7735 0.935 0.5535
v 3.79534 0.935 0.560929
v 3.81724 0.935 0.566077
v 3.83888 0.935 0.569049
v 3.86 0.935 0.57
v 3.88112 0.935 0.569049
v 3.90276 0.935 0.566077
v 3.92466 0.935 0.560929
v 3.9465 0.935 0.5535
v 3.96793 0.935 0.543747
v 3.98859 0.935 0.531694
v 4.00812 0.935 0.517443
v 4.02617 0.935 0.50117
v 4.04244 0.935 0.48312
v 4.05669 0.935 0.463594
v 4.06875 0.935 0.442934
v 4.0785 0.935 0.421502
v 4.08593 0.935 0.399662
v 4.09108 0.935 0.377761
v 4.09405 0.935 0.356116
v 4.095 0.935 0.335
v 4.09405 0.935 0.313884
v 4.09108 0.935 0.292239
v 4.08593 0.935 0.270338
v 4.0785 0.935 0.248498
v 4.06875 0.935 0.227066
v 4.05669 0.935 0.206406
v 4.04244 0.935 0.18688
v 4.02617 0.935 0.16883
v 4.00812 0.935 0.152557
v 3.98859 0.935 0.138306
v 3.96793 0.935 0.126253
v 3.9465 0.935 0.1165
v 3.92466 0.935 0.109071
v 3.90276 0.935 0.103923
v 3.88112 0.935 0.100951
v 3.86 0.935 0.1
v 3.83888 0.935 0.100951
v 3.81724 0.935 0.103923
v 3.79534 0.935 0.109071
v 3.7735 0.935 0.1165
v 3.75207 0.935 0.126253
v 3.73141 0.935 0.138306
v 3.71188 0.935 0.152557
v 3.69383 0.935 0.16883
v 3.67756 0.935 0.18688
v 3.66331 0.935 0.206406
v 3.65125 0.935 0.227066
v 3.6415 0.935 0.248498
v 3.63407 0.935 0.270338
v 3.62892 0.935 0.292239
v 3.62595 0.935 0.313884
v 3.64609 0.855 0.237708
v 3.657 0.855 0.216616
v 3.67017 0.855 0.196479
v 3.68545 0.855 0.17765
v 3.70265 0.855 0.160455
v 3.72148 0.855 0.145166
v 3.74162 0.855 0.131997
v 3.76271 0.855 0.121086
v 3.95729 0.855 0.121086
v 3.97838 0.855 0.131997
v 3.99852 0.855 0.145166
v 4.01735 0.855 0.160455
v 4.03455 0.855 0.17765
v 4.04983 0.855 0.196479
v 4.063 0.855 0.216616
v 4.07391 0.855 0.237708
v 4.07391 0.855 0.432292
v 4.063 0.855 0.453384
v 4.04983 0.855 0.473521
v 4.03455 0.855 0.49235
v 4.01735 0.855 0.509545
v 3.99852 0.855 0.524834
v 3.97838 0.855 0.538003
v 3.95729 0.855 0.548914
v 3.76271 0.855 0.548914
v 3.74162 0.855 0.538003
v 3.72148 0.855 0.524834
v 3.70265 0.855 0.509545
v 3.68545 0.855 0.49235
v 3.67017 0.855 0.473521
v 3.657 0.855 0.453384
v 3.64609 0.855 0.432292
v 3.64609 0.935 0.432292
v 3.657 0.935 0.453384
v 3.67017 0.935 0.473521
v 3.68545 0.935 0.49235
v 3.70265 0.935 0.509545
v 3.72148 0.935 0.524834
v 3.74162 0.935 0.538003
v 3.76271 0.935 0.548914
v 3.95729 0.935 0.548914
v 3.97838 0.935 0.538003
v 3.99852 0.935 0.524834
v 4.01735 0.935 0.509545
v 4.03455 0.935 0.49235
v 4.04983 0.935 0.473521
v 4.063 0.935 0.453384
v 4.07391 0.935 0.432292
v 4.07391 0.935 0.237708
v 4.063 0.935 0.216616
v 4.04983 0.935 0.196479
v 4.03455 0.935 0.17765
v 4.01735 0.935 0.160455
v 3.99852 0.935 0.145166
v 3.97838 0.935 0.131997
v 3.95729 0.935 0.121086
v 3.76271 0.935 0.121086
v 3.74162 0.935 0.131997
v 3.72148 0.935 0.145166
v 3.70265 0.935 0.160455
v 3.68545 0.935 0.17765
v 3.67017 0.935 0.196479
v 3.657 0.935 0.216616
v 3.64609 0.935 0.237708
vn -0.894427 -0.447214 0
vn -0.704246 -0.707107 0.0635367
vn -0.695302 -0.707107 0.128667
vn -0.679812 -0.707107 0.194566
vn -0.65746 -0.707107 0.260282
vn -0.628112 -0.707107 0.32477
vn -0.591845 -0.707107 0.386936
vn -0.548965 -0.707107 0.445688
vn -0.5 -0.707107 0.5
vn -0.445688 -0.707107 0.548965
vn -0.386936 -0.707107 0.591845
vn -0.32477 -0.707107 0.628112
vn -0.260282 -0.707107 0.65746
vn -0.194566 -0.707107 0.679812
vn -0.128667 -0.707107 0.695302
vn -0.0635367 -0.707107 0.704246
vn -4.72435e-16 -0.707107 0.707107
vn 0.0635367 -0.707107 0.704246
vn 0.128667 -0.707107 0.695302
vn 0.194566 -0.707107 0.679812
vn 0.260282 -0.707107 0.65746
vn 0.32477 -0.707107 0.628112
vn 0.386936 -0.707107 0.591845
vn 0.445688 -0.707107 0.548965
vn 0.5 -0.707107 0.5
vn 0.548965 -0.707107 0.445688
vn 0.591845 -0.707107 0.386936
vn 0.628112 -0.707107 0.32477
vn 0.65746 -0.707107 0.260282
vn 0.679812 -0.707107 0.194566
vn 0.695302 -0.707107 0.128667
vn 0.704246 -0.707107 0.0635367
vn 0.707107 -0.707107 9.44871e-16
vn 0.704246 -0.707107 -0.0635367
vn 0.695302 -0.707107 -0.128667
vn 0.679812 -0.707107 -0.194566
vn 0.65746 -0.707107 -0.260282
vn 0.628112 -0.707107 -0.32477
vn 0.591845 -0.707107 -0.386936
vn 0.548965 -0.707107 -0.445688
vn 0.5 -0.707107 -0.5
vn 0.445688 -0.707107 -0.548965
vn 0.386936 -0.707107 -0.591845
vn 0.32477 -0.707107 -0.628112
vn 0.260282 -0.707107 -0.65746
vn 0.194566 -0.707107 -0.679812
vn 0.128667 -0.707107 -0.695302
vn 0.0635367 -0.707107 -0.704246
vn 6.29932e-17 -0.707107 -0.707107
vn -0.0635367 -0.707107 -0.704246
vn -0.128667 -0.707107 -0.695302
vn -0.194566 -0.707107 -0.679812
vn -0.260282 -0.707107 -0.65746
vn -0.32477 -0.707107 -0.628112
vn -0.386936 -0.707107 -0.591845
vn -0.445688 -0.707107 -0.548965
vn -0.5 -0.707107 -0.5
vn -0.548965 -0.707107 -0.445688
vn -0.591845 -0.707107 -0.386936
vn -0.628112 -0.707107 -0.32477
vn -0.65746 -0.707107 -0.260282
vn -0.679812 -0.707107 -0.194566
vn -0.695302 -0.707107 -0.128667
vn -0.704246 -0.707107 -0.0635367
vn -1 0 6.68124e-16
vn -0.995955 0 0.0898544
vn -0.983305 0 0.181963
vn -0.961399 0 0.275158
vn -0.929788 0 0.368095
vn -0.888284 0 0.459295
vn -0.836996 0 0.54721
vn -0.776353 0 0.630298
vn -0.707107 0 0.707107
vn -0.630298 0 0.776353
vn -0.54721 0 0.836996
vn -0.459295 0 0.888284
vn -0.368095 0 0.929788
vn -0.275158 0 0.961399
vn -0.181963 0 0.983305
vn -0.0898544 0 0.995955
vn -6.68124e-16 0 1
vn 0.0898544 -0 0.995955
vn 0.181963 -0 0.983305
vn 0.275158 -0 0.961399
vn 0.368095 -0 0.929788
vn 0.459295 -0 0.888284
vn 0.54721 -0 0.836996
vn 0.630298 -0 0.776353
vn 0.707107 -0 0.707107
vn 0.776353 -0 0.630298
vn 0.836996 -0 0.54721
vn 0.888284 -0 0.459295
vn 0.929788 -0 0.368095
vn 0.961399 -0 0.275158
vn 0.983305 -0 0.181963
vn 0.995955 -0 0.0898544
vn 1 -0 2.6725e-15
vn 0.995955 0 -0.0898544
vn 0.983305 0 -0.181963
vn 0.961399 0 -0.275158
vn 0.929788 0 -0.368095
vn 0.888284 0 -0.459295
vn 0.836996 0 -0.54721
vn 0.776353 0 -0.630298
vn 0.707107 0 -0.707107
vn 0.630298 0 -0.776353
vn 0.54721 0 -0.836996
vn 0.459295 0 -0.888284
vn 0.368095 0 -0.929788
vn 0.275158 0 -0.961399
vn 0.181963 0 -0.983305
vn 0.0898544 0 -0.995955
vn 1.46152e-16 0 -1
vn -0.0898544 0 -0.995955
vn -0.181963 0 -0.983305
vn -0.275158 0 -0.961399
vn -0.368095 0 -0.929788
vn -0.459295 0 -0.888284
vn -0.54721 0 -0.836996
vn -0.630298 0 -0.776353
vn -0.707107 0 -0.707107
vn -0.776353 0 -0.630298
vn -0.836996 0 -0.54721
vn -0.888284 0 -0.459295
vn -0.929788 0 -0.368095
vn -0.961399 0 -0.275158
vn -0.983305 0 -0.181963
vn -0.995955 0 -0.0898544
vn -0.894427 0.447214 0
vn -0.704246 0.707107 0.0635367
vn -0.695302 0.707107 0.128667
vn -0.679812 0.707107 0.194566
vn -0.65746 0.707107 0.260282
vn -0.628112 0.707107 0.32477
vn -0.591845 0.707107 0.386936
vn -0.548965 0.707107 0.445688
vn -0.5 0.707107 0.5
vn -0.445688 0.707107 0.548965
vn -0.386936 0.707107 0.591845
vn -0.32477 0.707107 0.628112
vn -0.260282 0.707107 0.65746
vn -0.194566 0.707107 0.679812
vn -0.128667 0.707107 0.695302
vn -0.0635367 0.707107 0.704246
vn -4.72435e-16 0.707107 0.707107
vn 0.0635367 0.707107 0.704246
vn 0.128667 0.707107 0.695302
vn 0.194566 0.707107 0.679812
vn 0.260282 0.707107 0.65746
vn 0.32477 0.707107 0.628112
vn 0.386936 0.707107 0.591845
vn 0.445688 0.707107 0.548965
vn 0.5 0.707107 0.5
vn 0.548965 0.707107 0.445688
vn 0.591845 0.707107 0.386936
vn 0.628112 0.707107 0.32477
vn 0.65746 0.707107 0.260282
vn 0.679812 0.707107 0.194566
vn 0.695302 0.707107 0.128667
vn 0.704246 0.707107 0.0635367
vn 0.707107 0.707107 9.44871e-16
vn 0.704246 0.707107 -0.0635367
vn 0.695302 0.707107 -0.128667
vn 0.679812 0.707107 -0.194566
vn 0.65746 0.707107 -0.260282
vn 0.628112 0.707107 -0.32477
vn 0.591845 0.707107 -0.386936
vn 0.548965 0.707107 -0.445688
vn 0.5 0.707107 -0.5
vn 0.445688 0.707107 -0.548965
vn 0.386936 0.707107 -0.591845
vn 0.32477 0.707107 -0.628112
vn 0.260282 0.707107 -0.65746
vn 0.194566 0.707107 -0.679812
vn 0.128667 0.707107 -0.695302
vn 0.0635367 0.707107 -0.704246
vn 1.03521e-16 0.707107 -0.707107
vn -0.0635367 0.707107 -0.704246
vn -0.128667 0.707107 -0.695302
vn -0.194566 0.707107 -0.679812
vn -0.260282 0.707107 -0.65746
vn -0.32477 0.707107 -0.628112
vn -0.386936 0.707107 -0.591845
vn -0.445688 0.707107 -0.548965
vn -0.5 0.707107 -0.5
vn -0.548965 0.707107 -0.445688
vn -0.591845 0.707107 -0.386936
vn -0.628112 0.707107 -0.32477
vn -0.65746 0.707107 -0.260282
vn -0.679812 0.707107 -0.194566
vn -0.695302 0.707107 -0.128667
vn -0.704246 0.707107 -0.0635367
vn 2.05946e-16 -1 0
vn 1.50435e-16 -1 0
vn -4.7462e-17 -1 0
vn 6.35603e-17 -1 0
vn -3.94129e-17 -1 0
vn 2.77556e-17 -1 0
vn 1.58484e-16 -1 0
vn -5.95357e-17 -1 0
vn -4.7462e-17 -1 0
vn 1.30729e-16 -1 0
vn 2.05946e-16 -1 0
vn 1.02973e-16 -1 0
vn -8.04912e-18 -1 0
vn -3.94129e-17 -1 0
vn 9.49241e-17 -1 0
vn -1.11022e-16 -1 0
vn 1.89848e-16 -1 0
vn 1.89848e-16 -1 0
vn 0 -1 0
vn 0 -1 0
vn 0 -1 0
vn 0 -1 0
vn 0 -1 0
vn 0 -1 0
vn 0 -1 0
vn 0 -1 0
vn 0 -1 0
vn 0 -1 0
vn 0 -1 0
vn 0 -1 0
vn 1.89848e-16 -1 0
vn 1.89848e-16 -1 0
vn 0 1 -0
vn 0 1 -0
vn 0 1 -0
vn 0 1 -0
vn -2.22045e-16 1 0
vn 0 1 -0
vn 0 1 -0
vn 0 1 -0
vn 0 1 -0
vn 0 1 -0
vn -2.22045e-16 1 0
vn 0 1 -0
vn 0 1 -0
vn 0 1 -0
vn 0 1 -0
vn -2.22045e-16 1 0
vn 1.11022e-16 1 -0
vn 4.82947e-17 1 -0
vn -1.11022e-16 1 0
vn -5.19029e-17 1 0
vn 1.03806e-16 1 -0
vn -2.41474e-17 1 0
vn 2.41474e-17 1 -0
vn -7.96585e-17 1 0
vn 1.36974e-16 1 -0
vn 5.00988e-17 1 -0
vn -3.60822e-18 1 0
vn -1.07414e-16 1 0
vn 1.59317e-16 1 -0
vn -4.82947e-17 1 0
vn 5.55112e-17 1 -0
vn 1.03806e-16 1 -0
g RimFL_chrome
usemtl chrome
f 2331//2331 2332//2332 2396//2396
f 2331//2331 2396//2396 2395//2395
f 2332//2332 2333//2333 2397//2397
f 2332//2332 2397//2397 2396//2396
f 2333//2333 2334//2334 2398//2398
f 2333//2333 2398//2398 2397//2397
f 2334//2334 2335//2335 2399//2399
f 2334//2334 2399//2399 2398//2398
f 2335//2335 2336//2336 2400//2400
f 2335//2335 2400//2400 2399//2399
f 2336//2336 2337//2337 2401//2401
f 2336//2336 2401//2401 2400//2400
f 2337//2337 2338//2338 2402//2402
f 2337//2337 2402//2402 2401//2401
f 2338//2338 2339//2339 2403//2403
f 2338//2338 2403//2403 2402//2402
f 2339//2339 2340//2340 2404//2404
f 2339//2339 2404//2404 2403//2403
f 2340//2340 2341//2341 2405//2405
f 2340//2340 2405//2405 2404//2404
f 2341//2341 2342//2342 2406//2406
f 2341//2341 2406//2406 2405//2405
f 2342//2342 2343//2343 2407//2407
f 2342//2342 2407//2407 2406//2406
f 2343//2343 2344//2344 2408//2408
f 2343//2343 2408//2408 2407//2407
f 2344//2344 2345//2345 2409//2409
f 2344//2344 2409//2409 2408//2408
f 2345//2345 2346//2346 2410//2410
f 2345//2345 2410//2410 2409//2409
f 2346//2346 2347//2347 2411//2411
f 2346//2346 2411//2411 2410//2410
f 2347//2347 2348//2348 2412//2412
f 2347//2347 2412//2412 2411//2411
f 2348//2348 2349//2349 2413//2413
f 2348//2348 2413//2413 2412//2412
f 2349//2349 2350//2350 2414//2414
f 2349//2349 2414//2414 2413//2413
f 2350//2350 2351//2351 2415//2415
f 2350//2350 2415//2415 2414//2414
f 2351//2351 2352//2352 2416//2416
f 2351//2351 2416//2416 2415//2415
f 2352//2352 2353//2353 2417//2417
f 2352//2352 2417//2417 2416//2416
f 2353//2353 2354//2354 2418//2418
f 2353//2353 2418//2418 2417//2417
f 2354//2354 2355//2355 2419//2419
f 2354//2354 2419//2419 2418//2418
f 2355//2355 2356//2356 2420//2420
f 2355//2355 2420//2420 2419//2419
f 2356//2356 2357//2357 2421//2421
f 2356//2356 2421//2421 2420//2420
f 2357//2357 2358//2358 2422//2422
f 2357//2357 2422//2422 2421//2421
f 2358//2358 2359//2359 2423//2423
f 2358//2358 2423//2423 2422//2422
f 2359//2359 2360//2360 2424//2424
f 2359//2359 2424//2424 2423//2423
f 2360//2360 2361//2361 2425//2425
f 2360//2360 2425//2425 2424//2424
f 2361//2361 2362//2362 2426//2426
f 2361//2361 2426//2426 2425//2425
f 2362//2362 2363//2363 2427//2427
f 2362//2362 2427//2427 2426//2426
f 2363//2363 2364//2364 2428//2428
f 2363//2363 2428//2428 2427//2427
f 2364//2364 2365//2365 2429//2429
f 2364//2364 2429//2429 2428//2428
f 2365//2365 2366//2366 2430//2430
f 2365//2365 2430//2430 2429//2429
f 2366//2366 2367//2367 2431//2431
f 2366//2366 2431//2431 2430//2430
f 2367//2367 2368//2368 2432//2432
f 2367//2367 2432//2432 2431//2431
f 2368//2368 2369//2369 2433//2433
f 2368//2368 2433//2433 2432//2432
f 2369//2369 2370//2370 2434//2434
f 2369//2369 2434//2434 2433//2433
f 2370//2370 2371//2371 2435//2435
f 2370//2370 2435//2435 2434//2434
f 2371//2371 2372//2372 2436//2436
f 2371//2371 2436//2436 2435//2435
f 2372//2372 2373//2373 2437//2437
f 2372//2372 2437//2437 2436//2436
f 2373//2373 2374//2374 2438//2438
f 2373//2373 2438//2438 2437//2437
f 2374//2374 2375//2375 2439//2439
f 2374//2374 2439//2439 2438//2438
f 2375//2375 2376//2376 2440//2440
f 2375//2375 2440//2440 2439//2439
f 2376//2376 2377//2377 2441//2441
f 2376//2376 2441//2441 2440//2440
f 2377//2377 2378//2378 2442//2442
f 2377//2377 2442//2442 2441//2441
f 2378//2378 2379//2379 2443//2443
f 2378//2378 2443//2443 2442//2442
f 2379//2379 2380//2380 2444//2444
f 2379//2379 2444//2444 2443//2443
f 2380//2380 2381//2381 2445//2445
f 2380//2380 2445//2445 2444//2444
f 2381//2381 2382//2382 2446//2446
f 2381//2381 2446//2446 2445//2445
f 2382//2382 2383//2383 2447//2447
f 2382//2382 2447//2447 2446//2446
f 2383//2383 2384//2384 2448//2448
f 2383//2383 2448//2448 2447//2447
f 2384//2384 2385//2385 2449//2449
f 2384//2384 2449//2449 2448//2448
f 2385//2385 2386//2386 2450//2450
f 2385//2385 2450//2450 2449//2449
f 2386//2386 2387//2387 2451//2451
f 2386//2386 2451//2451 2450//2450
f 2387//2387 2388//2388 2452//2452
f 2387//2387 2452//2452 2451//2451
f 2388//2388 2389//2389 2453//2453
f 2388//2388 2453//2453 2452//2452
f 2389//2389 2390//2390 2454//2454
f 2389//2389 2454//2454 2453//2453
f 2390//2390 2391//2391 2455//2455
f 2390//2390 2455//2455 2454//2454
f 2391//2391 2392//2392 2456//2456
f 2391//2391 2456//2456 2455//2455
f 2392//2392 2393//2393 2457//2457
f 2392//2392 2457//2457 2456//2456
f 2393//2393 2394//2394 2458//2458
f 2393//2393 2458//2458 2457//2457
f 2394//2394 2331//2331 2395//2395
f 2394//2394 2395//2395 2458//2458
f 2395//2395 2396//2396 2460//2460
f 2395//2395 2460//2460 2459//2459
f 2396//2396 2397//2397 2461//2461
f 2396//2396 2461//2461 2460//2460
f 2397//2397 2398//2398 2462//2462
f 2397//2397 2462//2462 2461//2461
f 2398//2398 2399//2399 2463//2463
f 2398//2398 2463//2463 2462//2462
f 2399//2399 2400//2400 2464//2464
f 2399//2399 2464//2464 2463//2463
f 2400//2400 2401//2401 2465//2465
f 2400//2400 2465//2465 2464//2464
f 2401//2401 2402//2402 2466//2466
f 2401//2401 2466//2466 2465//2465
f 2402//2402 2403//2403 2467//2467
f 2402//2402 2467//2467 2466//2466
f 2403//2403 2404//2404 2468//2468
f 2403//2403 2468//2468 2467//2467
f 2404//2404 2405//2405 2469//2469
f 2404//2404 2469//2469 2468//2468
f 2405//2405 2406//2406 2470//2470
f 2405//2405 2470//2470 2469//2469
f 2406//2406 2407//2407 2471//2471
f 2406//2406 2471//2471 2470//2470
f 2407//2407 2408//2408 2472//2472
f 2407//2407 2472//2472 2471//2471
f 2408//2408 2409//2409 2473//2473
f 2408//2408 2473//2473 2472//2472
f 2409//2409 2410//2410 2474//2474
f 2409//2409 2474//2474 2473//2473
f 2410//2410 2411//2411 2475//2475
f 2410//2410 2475//2475 2474//2474
f 2411//2411 2412//2412 2476//2476
f 2411//2411 2476//2476 2475//2475
f 2412//2412 2413//2413 2477//2477
f 2412//2412 2477//2477 2476//2476
f 2413//2413 2414//2414 2478//2478
f 2413//2413 2478//2478 2477//2477
f 2414//2414 2415//2415 2479//2479
f 2414//2414 2479//2479 2478//2478
f 2415//2415 2416//2416 2480//2480
f 2415//2415 2480//2480 2479//2479
f 2416//2416 2417//2417 2481//2481
f 2416//2416 2481//2481 2480//2480
f 2417//2417 2418//2418 2482//2482
f 2417//2417 2482//2482 2481//2481
f 2418//2418 2419//2419 2483//2483
f 2418//2418 2483//2483 2482//2482
f 2419//2419 2420//2420 2484//2484
f 2419//2419 2484//2484 2483//2483
f 2420//2420 2421//2421 2485//2485
f 2420//2420 2485//2485 2484//2484
f 2421//2421 2422//2422 2486//2486
f 2421//2421 2486//2486 2485//2485
f 2422//2422 2423//2423 2487//2487
f 2422//2422 2487//2487 2486//2486
f 2423//2423 2424//2424 2488//2488
f 2423//2423 2488//2488 2487//2487
f 2424//2424 2425//2425 2489//2489
f 2424//2424 2489//2489 2488//2488
f 2425//2425 2426//2426 2490//2490
f 2425//2425 2490//2490 2489//2489
f 2426//2426 2427//2427 2491//2491
f 2426//2426 2491//2491 2490//2490
f 2427//2427 2428//2428 2492//2492
f 2427//2427 2492//2492 2491//2491
f 2428//2428 2429//2429 2493//2493
f 2428//2428 2493//2493 2492//2492
f 2429//2429 2430//2430 2494//2494
f 2429//2429 2494//2494 2493//2493
f 2430//2430 2431//2431 2495//2495
f 2430//2430 2495//2495 2494//2494
f 2431//2431 2432//2432 2496//2496
f 2431//2431 2496//2496 2495//2495
f 2432//2432 2433//2433 2497//2497
f 2432//2432 2497//2497 2496//2496
f 2433//2433 2434//2434 2498//2498
f 2433//2433 2498//2498 2497//2497
f 2434//2434 2435//2435 2499//2499
f 2434//2434 2499//2499 2498//2498
f 2435//2435 2436//2436 2500//2500
f 2435//2435 2500//2500 2499//2499
f 2436//2436 2437//2437 2501//2501
f 2436//2436 2501//2501 2500//2500
f 2437//2437 2438//2438 2502//2502
f 2437//2437 2502//2502 2501//2501
f 2438//2438 2439//2439 2503//2503
f 2438//2438 2503//2503 2502//2502
f 2439//2439 2440//2440 2504//2504
f 2439//2439 2504//2504 2503//2503
f 2440//2440 2441//2441 2505//2505
f 2440//2440 2505//2505 2504//2504
f 2441//2441 2442//2442 2506//2506
f 2441//2441 2506//2506 2505//2505
f 2442//2442 2443//2443 2507//2507
f 2442//2442 2507//2507 2506//2506
f 2443//2443 2444//2444 2508//2508
f 2443//2443 2508//2508 2507//2507
f 2444//2444 2445//2445 2509//2509
f 2444//2444 2509//2509 2508//2508
f 2445//2445 2446//2446 2510//2510
f 2445//2445 2510//2510 2509//2509
f 2446//2446 2447//2447 2511//2511
f 2446//2446 2511//2511 2510//2510
f 2447//2447 2448//2448 2512//2512
f 2447//2447 2512//2512 2511//2511
f 2448//2448 2449//2449 2513//2513
f 2448//2448 2513//2513 2512//2512
f 2449//2449 2450//2450 2514//2514
f 2449//2449 2514//2514 2513//2513
f 2450//2450 2451//2451 2515//2515
f 2450//2450 2515//2515 2514//2514
f 2451//2451 2452//2452 2516//2516
f 2451//2451 2516//2516 2515//2515
f 2452//2452 2453//2453 2517//2517
f 2452//2452 2517//2517 2516//2516
f 2453//2453 2454//2454 2518//2518
f 2453//2453 2518//2518 2517//2517
f 2454//2454 2455//2455 2519//2519
f 2454//2454 2519//2519 2518//2518
f 2455//2455 2456//2456 2520//2520
f 2455//2455 2520//2520 2519//2519
f 2456//2456 2457//2457 2521//2521
f 2456//2456 2521//2521 2520//2520
f 2457//2457 2458//2458 2522//2522
f 2457//2457 2522//2522 2521//2521
f 2458//2458 2395//2395 2459//2459
f 2458//2458 2459//2459 2522//2522
f 2332//2332 2331//2331 2394//2394
f 2332//2332 2394//2394 2393//2393
f 2332//2332 2393//2393 2392//2392
f 2332//2332 2392//2392 2391//2391
f 2332//2332 2391//2391 2523//2523
f 2332//2332 2523//2523 2390//2390
f 2332//2332 2390//2390 2524//2524
f 2332//2332 2524//2524 2389//2389
f 2332//2332 2389//2389 2525//2525
f 2332//2332 2525//2525 2388//2388
f 2332//2332 2388//2388 2526//2526
f 2332//2332 2526//2526 2387//2387
f 2332//2332 2387//2387 2527//2527
f 2332//2332 2527//2527 2386//2386
f 2332//2332 2386//2386 2528//2528
f 2332//2332 2528//2528 2385//2385
f 2332//2332 2385//2385 2529//2529
f 2332//2332 2529//2529 2384//2384
f 2332//2332 2384//2384 2530//2530
f 2332//2332 2530//2530 2383//2383
f 2332//2332 2383//2383 2382//2382
f 2332//2332 2382//2382 2381//2381
f 2332//2332 2381//2381 2380//2380
f 2332//2332 2380//2380 2379//2379
f 2332//2332 2379//2379 2378//2378
f 2332//2332 2378//2378 2377//2377
f 2332//2332 2377//2377 2376//2376
f 2332//2332 2376//2376 2375//2375
f 2332//2332 2375//2375 2531//2531
f 2332//2332 2531//2531 2374//2374
f 2332//2332 2374//2374 2532//2532
f 2332//2332 2532//2532 2373//2373
f 2332//2332 2373//2373 2533//2533
f 2332//2332 2533//2533 2372//2372
f 2332//2332 2372//2372 2534//2534
f 2332//2332 2534//2534 2371//2371
f 2332//2332 2371//2371 2535//2535
f 2332//2332 2535//2535 2370//2370
f 2332//2332 2370//2370 2536//2536
f 2332//2332 2536//2536 2369//2369
f 2332//2332 2369//2369 2537//2537
f 2332//2332 2537//2537 2368//2368
f 2332//2332 2368//2368 2538//2538
f 2332//2332 2538//2538 2367//2367
f 2332//2332 2367//2367 2366//2366
f 2332//2332 2366//2366 2365//2365
f 2332//2332 2365//2365 2364//2364
f 2332//2332 2364//2364 2363//2363
f 2332//2332 2363//2363 2362//2362
f 2332//2332 2362//2362 2361//2361
f 2332//2332 2361//2361 2360//2360
f 2332//2332 2360//2360 2359//2359
f 2332//2332 2359//2359 2539//2539
f 2332//2332 2539//2539 2358//2358
f 2332//2332 2358//2358 2540//2540
f 2332//2332 2540//2540 2357//2357
f 2332//2332 2357//2357 2541//2541
f 2332//2332 2541//2541 2356//2356
f 2332//2332 2356//2356 2542//2542
f 2332//2332 2542//2542 2355//2355
f 2332//2332 2355//2355 2543//2543
f 2332//2332 2543//2543 2354//2354
f 2332//2332 2354//2354 2544//2544
f 2332//2332 2544//2544 2353//2353
f 2332//2332 2353//2353 2545//2545
f 2332//2332 2545//2545 2352//2352
f 2332//2332 2352//2352 2546//2546
f 2332//2332 2546//2546 2351//2351
f 2332//2332 2351//2351 2350//2350
f 2332//2332 2350//2350 2349//2349
f 2332//2332 2349//2349 2348//2348
f 2332//2332 2348//2348 2347//2347
f 2332//2332 2347//2347 2346//2346
f 2332//2332 2346//2346 2345//2345
f 2332//2332 2345//2345 2344//2344
f 2332//2332 2344//2344 2343//2343
f 2332//2332 2343//2343 2547//2547
f 2332//2332 2547//2547 2342//2342
f 2332//2332 2342//2342 2548//2548
f 2332//2332 2548//2548 2341//2341
f 2332//2332 2341//2341 2549//2549
f 2332//2332 2549//2549 2340//2340
f 2332//2332 2340//2340 2550//2550
f 2332//2332 2550//2550 2339//2339
f 2332//2332 2339//2339 2551//2551
f 2332//2332 2551//2551 2338//2338
f 2332//2332 2338//2338 2552//2552
f 2332//2332 2552//2552 2337//2337
f 2332//2332 2337//2337 2553//2553
f 2332//2332 2553//2553 2336//2336
f 2332//2332 2336//2336 2554//2554
f 2332//2332 2554//2554 2335//2335
f 2332//2332 2335//2335 2334//2334
f 2334//2334 2333//2333 2332//2332
f 2522//2522 2459//2459 2460//2460
f 2522//2522 2460//2460 2461//2461
f 2522//2522 2461//2461 2462//2462
f 2522//2522 2462//2462 2463//2463
f 2522//2522 2463//2463 2555//2555
f 2522//2522 2555//2555 2464//2464
f 2522//2522 2464//2464 2556//2556
f 2522//2522 2556//2556 2465//2465
f 2522//2522 2465//2465 2557//2557
f 2522//2522 2557//2557 2466//2466
f 2522//2522 2466//2466 2558//2558
f 2522//2522 2558//2558 2467//2467
f 2522//2522 2467//2467 2559//2559
f 2522//2522 2559//2559 2468//2468
f 2522//2522 2468//2468 2560//2560
f 2522//2522 2560//2560 2469//2469
f 2522//2522 2469//2469 2561//2561
f 2522//2522 2561//2561 2470//2470
f 2522//2522 2470//2470 2562//2562
f 2522//2522 2562//2562 2471//2471
f 2522//2522 2471//2471 2472//2472
f 2522//2522 2472//2472 2473//2473
f 2522//2522 2473//2473 2474//2474
f 2522//2522 2474//2474 2475//2475
f 2522//2522 2475//2475 2476//2476
f 2522//2522 2476//2476 2477//2477
f 2522//2522 2477//2477 2478//2478
f 2522//2522 2478//2478 2479//2479
f 2522//2522 2479//2479 2563//2563
f 2522//2522 2563//2563 2480//2480
f 2522//2522 2480//2480 2564//2564
f 2522//2522 2564//2564 2481//2481
f 2522//2522 2481//2481 2565//2565
f 2522//2522 2565//2565 2482//2482
f 2522//2522 2482//2482 2566//2566
f 2522//2522 2566//2566 2483//2483
f 2522//2522 2483//2483 2567//2567
f 2522//2522 2567//2567 2484//2484
f 2522//2522 2484//2484 2568//2568
f 2522//2522 2568//2568 2485//2485
f 2522//2522 2485//2485 2569//2569
f 2522//2522 2569//2569 2486//2486
f 2522//2522 2486//2486 2570//2570
f 2522//2522 2570//2570 2487//2487
f 2522//2522 2487//2487 2488//2488
f 2522//2522 2488//2488 2489//2489
f 2522//2522 2489//2489 2490//2490
f 2522//2522 2490//2490 2491//2491
f 2522//2522 2491//2491 2492//2492
f 2522//2522 2492//2492 2493//2493
f 2522//2522 2493//2493 2494//2494
f 2522//2522 2494//2494 2495//2495
f 2522//2522 2495//2495 2571//2571
f 2522//2522 2571//2571 2496//2496
f 2522//2522 2496//2496 2572//2572
f 2522//2522 2572//2572 2497//2497
f 2522//2522 2497//2497 2573//2573
f 2522//2522 2573//2573 2498//2498
f 2522//2522 2498//2498 2574//2574
f 2522//2522 2574//2574 2499//2499
f 2522//2522 2499//2499 2575//2575
f 2522//2522 2575//2575 2500//2500
f 2522//2522 2500//2500 2576//2576
f 2522//2522 2576//2576 2501//2501
f 2522//2522 2501//2501 2577//2577
f 2522//2522 2577//2577 2502//2502
f 2522//2522 2502//2502 2578//2578
f 2522//2522 2578//2578 2503//2503
f 2522//2522 2503//2503 2504//2504
f 2522//2522 2504//2504 2505//2505
f 2522//2522 2505//2505 2506//2506
f 2522//2522 2506//2506 2507//2507
f 2522//2522 2507//2507 2508//2508
f 2522//2522 2508//2508 2509//2509
f 2522//2522 2509//2509 2510//2510
f 2522//2522 2510//2510 2511//2511
f 2522//2522 2511//2511 2579//2579
f 2522//2522 2579//2579 2512//2512
f 2522//2522 2512//2512 2580//2580
f 2522//2522 2580//2580 2513//2513
f 2522//2522 2513//2513 2581//2581
f 2522//2522 2581//2581 2514//2514
f 2522//2522 2514//2514 2582//2582
f 2522//2522 2582//2582 2515//2515
f 2522//2522 2515//2515 2583//2583
f 2522//2522 2583//2583 2516//2516
f 2522//2522 2516//2516 2584//2584
f 2522//2522 2584//2584 2517//2517
f 2522//2522 2517//2517 2585//2585
f 2522//2522 2585//2585 2518//2518
f 2522//2522 2518//2518 2586//2586
f 2522//2522 2586//2586 2519//2519
f 2522//2522 2519//2519 2520//2520
f 2520//2520 2521//2521 2522//2522
o RimFR
v 3.625 -0.935 0.335
v 3.62595 -0.935 0.356116
v 3.62892 -0.935 0.377761
v 3.63407 -0.935 0.399662
v 3.6415 -0.935 0.421502
v 3.65125 -0.935 0.442934
v 3.66331 -0.935 0.463594
v 3.67756 -0.935 0.48312
v 3.69383 -0.935 0.50117
v 3.71188 -0.935 0.517443
v 3.73141 -0.935 0.531694
v 3.75207 -0.935 0.543747
v 3.7735 -0.935 0.5535
v 3.79534 -0.935 0.560929
v 3.81724 -0.935 0.566077
v 3.83888 -0.935 0.569049
v 3.86 -0.935 0.57
v 3.88112 -0.935 0.569049
v 3.90276 -0.935 0.566077
v 3.92466 -0.935 0.560929
v 3.9465 -0.935 0.5535
v 3.96793 -0.935 0.543747
v 3.98859 -0.935 0.531694
v 4.00812 -0.935 0.517443
v 4.02617 -0.935 0.50117
v 4.04244 -0.935 0.48312
v 4.05669 -0.935 0.463594
v 4.06875 -0.935 0.442934
v 4.0785 -0.935 0.421502
v 4.08593 -0.935 0.399662
v 4.09108 -0.935 0.377761
v 4.09405 -0.935 0.356116
v 4.095 -0.935 0.335
v 4.09405 -0.935 0.313884
v 4.09108 -0.935 0.292239
v 4.08593 -0.935 0.270338
v 4.0785 -0.935 0.248498
v 4.06875 -0.935 0.227066
v 4.05669 -0.935 0.206406
v 4.04244 -0.935 0.18688
v 4.02617 -0.935 0.16883
v 4.00812 -0.935 0.152557
v 3.98859 -0.935 0.138306
v 3.96793 -0.935 0.126253
v 3.9465 -0.935 0.1165
v 3.92466 -0.935 0.109071
v 3.90276 -0.935 0.103923
v 3.88112 -0.935 0.100951
v 3.86 -0.935 0.1
v 3.83888 -0.935 0.100951
v 3.81724 -0.935 0.103923
v 3.79534 -0.935 0.109071
v 3.7735 -0.935 0.1165
v 3.75207 -0.935 0.126253
v 3.73141 -0.935 0.138306
v 3.71188 -0.935 0.152557
v 3.69383 -0.935 0.16883
v 3.67756 -0.935 0.18688
v 3.66331 -0.935 0.206406
v 3.65125 -0.935 0.227066
v 3.6415 -0.935 0.248498
v 3.63407 -0.935 0.270338
v 3.62892 -0.935 0.292239
v 3.62595 -0.935 0.313884
v 3.625 -0.895 0.335
v 3.62595 -0.895 0.356116
v 3.62892 -0.895 0.377761
v 3.63407 -0.895 0.399662
v 3.6415 -0.895 0.421502
v 3.65125 -0.895 0.442934
v 3.66331 -0.895 0.463594
v 3.67756 -0.895 0.48312
v 3.69383 -0.895 0.50117
v 3.71188 -0.895 0.517443
v 3.73141 -0.895 0.531694
v 3.75207 -0.895 0.543747
v 3.7735 -0.895 0.5535
v 3.79534 -0.895 0.560929
v 3.81724 -0.895 0.566077
v 3.83888 -0.895 0.569049
v 3.86 -0.895 0.57
v 3.88112 -0.895 0.569049
v 3.90276 -0.895 0.566077
v 3.92466 -0.895 0.560929
v 3.9465 -0.895 0.5535
v 3.96793 -0.895 0.543747
v 3.98859 -0.895 0.531694
v 4.00812 -0.895 0.517443
v 4.02617 -0.895 0.50117
v 4.04244 -0.895 0.48312
v 4.05669 -0.895 0.463594
v 4.06875 -0.895 0.442934
v 4.0785 -0.895 0.421502
v 4.08593 -0.895 0.399662
v 4.09108 -0.895 0.377761
v 4.09405 -0.895 0.356116
v 4.095 -0.895 0.335
v 4.09405 -0.895 0.313884
v 4.09108 -0.895 0.292239
v 4.08593 -0.895 0.270338
v 4.0785 -0.895 0.248498
v 4.06875 -0.895 0.227066
v 4.05669 -0.895 0.206406
v 4.04244 -0.895 0.18688
v 4.02617 -0.895 0.16883
v 4.00812 -0.895 0.152557
v 3.98859 -0.895 0.138306
v 3.96793 -0.895 0.126253
v 3.9465 -0.895 0.1165
v 3.92466 -0.895 0.109071
v 3.90276 -0.895 0.103923
v 3.88112 -0.895 0.100951
v 3.86 -0.895 0.1
v 3.83888 -0.895 0.100951
v 3.81724 -0.895 0.103923
v 3.79534 -0.895 0.109071
v 3.7735 -0.895 0.1165
v 3.75207 -0.895 0.126253
v 3.73141 -0.895 0.138306
v 3.71188 -0.895 0.152557
v 3.69383 -0.895 0.16883
v 3.67756 -0.895 0.18688
v 3.66331 -0.895 0.206406
v 3.65125 -0.895 0.227066
v 3.6415 -0.895 0.248498
v 3.63407 -0.895 0.270338
v 3.62892 -0.895 0.292239
v 3.62595 -0.895 0.313884
v 3.625 -0.855 0.335
v 3.62595 -0.855 0.356116
v 3.62892 -0.855 0.377761
v 3.63407 -0.855 0.399662
v 3.6415 -0.855 0.421502
v 3.65125 -0.855 0.442934
v 3.66331 -0.855 0.463594
v 3.67756 -0.855 0.48312
v 3.69383 -0.855 0.50117
v 3.71188 -0.855 0.517443
v 3.73141 -0.855 0.531694
v 3.75207 -0.855 0.543747
v 3.7735 -0.855 0.5535
v 3.79534 -0.855 0.560929
v 3.81724 -0.855 0.566077
v 3.83888 -0.855 0.569049
v 3.86 -0.855 0.57
v 3.88112 -0.855 0.569049
v 3.90276 -0.855 0.566077
v 3.92466 -0.855 0.560929
v 3.9465 -0.855 0.5535
v 3.96793 -0.855 0.543747
v 3.98859 -0.855 0.531694
v 4.00812 -0.855 0.517443
v 4.02617 -0.855 0.50117
v 4.04244 -0.855 0.48312
v 4.05669 -0.855 0.463594
v 4.06875 -0.855 0.442934
v 4.0785 -0.855 0.421502
v 4.08593 -0.855 0.399662
v 4.09108 -0.855 0.377761
v 4.09405 -0.855 0.356116
v 4.095 -0.855 0.335
v 4.09405 -0.855 0.313884
v 4.09108 -0.855 0.292239
v 4.08593 -0.855 0.270338
v 4.0785 -0.855 0.248498
v 4.06875 -0.855 0.227066
v 4.05669 -0.855 0.206406
v 4.04244 -0.855 0.18688
v 4.02617 -0.855 0.16883
v 4.00812 -0.855 0.152557
v 3.98859 -0.855 0.138306
v 3.96793 -0.855 0.126253
v 3.9465 -0.855 0.1165
v 3.92466 -0.855 0.109071
v 3.90276 -0.855 0.103923
v 3.88112 -0.855 0.100951
v 3.86 -0.855 0.1
v 3.83888 -0.855 0.100951
v 3.81724 -0.855 0.103923
v 3.79534 -0.855 0.109071
v 3.7735 -0.855 0.1165
v 3.75207 -0.855 0.126253
v 3.73141 -0.855 0.138306
v 3.71188 -0.855 0.152557
v 3.69383 -0.855 0.16883
v 3.67756 -0.855 0.18688
v 3.66331 -0.855 0.206406
v 3.65125 -0.855 0.227066
v 3.6415 -0.855 0.248498
v 3.63407 -0.855 0.270338
v 3.62892 -0.855 0.292239
v 3.62595 -0.855 0.313884
v 3.64609 -0.935 0.237708
v 3.657 -0.935 0.216616
v 3.67017 -0.935 0.196479
v 3.68545 -0.935 0.17765
v 3.70265 -0.935 0.160455
v 3.72148 -0.935 0.145166
v 3.74162 -0.935 0.131997
v 3.76271 -0.935 0.121086
v 3.95729 -0.935 0.121086
v 3.97838 -0.935 0.131997
v 3.99852 -0.935 0.145166
v 4.01735 -0.935 0.160455
v 4.03455 -0.935 0.17765
v 4.04983 -0.935 0.196479
v 4.063 -0.935 0.216616
v 4.07391 -0.935 0.237708
v 4.07391 -0.935 0.432292
v 4.063 -0.935 0.453384
v 4.04983 -0.935 0.473521
v 4.03455 -0.935 0.49235
v 4.01735 -0.935 0.509545
v 3.99852 -0.935 0.524834
v 3.97838 -0.935 0.538003
v 3.95729 -0.935 0.548914
v 3.76271 -0.935 0.548914
v 3.74162 -0.935 0.538003
v 3.72148 -0.935 0.524834
v 3.70265 -0.935 0.509545
v 3.68545 -0.935 0.49235
v 3.67017 -0.935 0.473521
v 3.657 -0.935 0.453384
v 3.64609 -0.935 0.432292
v 3.64609 -0.855 0.432292
v 3.657 -0.855 0.453384
v 3.67017 -0.855 0.473521
v 3.68545 -0.855 0.49235
v 3.70265 -0.855 0.509545
v 3.72148 -0.855 0.524834
v 3.74162 -0.855 0.538003
v 3.76271 -0.855 0.548914
v 3.95729 -0.855 0.548914
v 3.97838 -0.855 0.538003
v 3.99852 -0.855 0.524834
v 4.01735 -0.855 0.509545
v 4.03455 -0.855 0.49235
v 4.04983 -0.855 0.473521
v 4.063 -0.855 0.453384
v 4.07391 -0.855 0.432292
v 4.07391 -0.855 0.237708
v 4.063 -0.855 0.216616
v 4.04983 -0.855 0.196479
v 4.03455 -0.855 0.17765
v 4.01735 -0.855 0.160455
v 3.99852 -0.855 0.145166
v 3.97838 -0.855 0.131997
v 3.95729 -0.855 0.121086
v 3.76271 -0.855 0.121086
v 3.74162 -0.855 0.131997
v 3.72148 -0.855 0.145166
v 3.70265 -0.855 0.160455
v 3.68545 -0.855 0.17765
v 3.67017 -0.855 0.196479
v 3.657 -0.855 0.216616
v 3.64609 -0.855 0.237708
vn -0.894427 -0.447214 0
vn -0.704246 -0.707107 0.0635367
vn -0.695302 -0.707107 0.128667
vn -0.679812 -0.707107 0.194566
vn -0.65746 -0.707107 0.260282
vn -0.628112 -0.707107 0.32477
vn -0.591845 -0.707107 0.386936
vn -0.548965 -0.707107 0.445688
vn -0.5 -0.707107 0.5
vn -0.445688 -0.707107 0.548965
vn -0.386936 -0.707107 0.591845
vn -0.32477 -0.707107 0.628112
vn -0.260282 -0.707107 0.65746
vn -0.194566 -0.707107 0.679812
vn -0.128667 -0.707107 0.695302
vn -0.0635367 -0.707107 0.704246
vn -4.72435e-16 -0.707107 0.707107
vn 0.0635367 -0.707107 0.704246
vn 0.128667 -0.707107 0.695302
vn 0.194566 -0.707107 0.679812
vn 0.260282 -0.707107 0.65746
vn 0.32477 -0.707107 0.628112
vn 0.386936 -0.707107 0.591845
vn 0.445688 -0.707107 0.548965
vn 0.5 -0.707107 0.5
vn 0.548965 -0.707107 0.445688
vn 0.591845 -0.707107 0.386936
vn 0.628112 -0.707107 0.32477
vn 0.65746 -0.707107 0.260282
vn 0.679812 -0.707107 0.194566
vn 0.695302 -0.707107 0.128667
vn 0.704246 -0.707107 0.0635367
vn 0.707107 -0.707107 9.44871e-16
vn 0.704246 -0.707107 -0.0635367
vn 0.695302 -0.707107 -0.128667
vn 0.679812 -0.707107 -0.194566
vn 0.65746 -0.707107 -0.260282
vn 0.628112 -0.707107 -0.32477
vn 0.591845 -0.707107 -0.386936
vn 0.548965 -0.707107 -0.445688
vn 0.5 -0.707107 -0.5
vn 0.445688 -0.707107 -0.548965
vn 0.386936 -0.707107 -0.591845
vn 0.32477 -0.707107 -0.628112
vn 0.260282 -0.707107 -0.65746
vn 0.194566 -0.707107 -0.679812
vn 0.128667 -0.707107 -0.695302
vn 0.0635367 -0.707107 -0.704246
vn 1.97825e-16 -0.707107 -0.707107
vn -0.0635367 -0.707107 -0.704246
vn -0.128667 -0.707107 -0.695302
vn -0.194566 -0.707107 -0.679812
vn -0.260282 -0.707107 -0.65746
vn -0.32477 -0.707107 -0.628112
vn -0.386936 -0.707107 -0.591845
vn -0.445688 -0.707107 -0.548965
vn -0.5 -0.707107 -0.5
vn -0.548965 -0.707107 -0.445688
vn -0.591845 -0.707107 -0.386936
vn -0.628112 -0.707107 -0.32477
vn -0.65746 -0.707107 -0.260282
vn -0.679812 -0.707107 -0.194566
vn -0.695302 -0.707107 -0.128667
vn -0.704246 -0.707107 -0.0635367
vn -1 0 6.68124e-16
vn -0.995955 0 0.0898544
vn -0.983305 0 0.181963
vn -0.961399 0 0.275158
vn -0.929788 0 0.368095
vn -0.888284 0 0.459295
vn -0.836996 0 0.54721
vn -0.776353 0 0.630298
vn -0.707107 0 0.707107
vn -0.630298 0 0.776353
vn -0.54721 0 0.836996
vn -0.459295 0 0.888284
vn -0.368095 0 0.929788
vn -0.275158 0 0.961399
vn -0.181963 0 0.983305
vn -0.0898544 0 0.995955
vn -6.68124e-16 0 1
vn 0.0898544 -0 0.995955
vn 0.181963 -0 0.983305
vn 0.275158 -0 0.961399
vn 0.368095 -0 0.929788
vn 0.459295 -0 0.888284
vn 0.54721 -0 0.836996
vn 0.630298 -0 0.776353
vn 0.707107 -0 0.707107
vn 0.776353 -0 0.630298
vn 0.836996 -0 0.54721
vn 0.888284 -0 0.459295
vn 0.929788 -0 0.368095
vn 0.961399 -0 0.275158
vn 0.983305 -0 0.181963
vn 0.995955 -0 0.0898544
vn 1 -0 2.6725e-15
vn 0.995955 0 -0.0898544
vn 0.983305 0 -0.181963
vn 0.961399 0 -0.275158
vn 0.929788 0 -0.368095
vn 0.888284 0 -0.459295
vn 0.836996 0 -0.54721
vn 0.776353 0 -0.630298
vn 0.707107 0 -0.707107
vn 0.630298 0 -0.776353
vn 0.54721 0 -0.836996
vn 0.459295 0 -0.888284
vn 0.368095 0 -0.929788
vn 0.275158 0 -0.961399
vn 0.181963 0 -0.983305
vn 0.0898544 0 -0.995955
vn 1.46152e-16 0 -1
vn -0.0898544 0 -0.995955
vn -0.181963 0 -0.983305
vn -0.275158 0 -0.961399
vn -0.368095 0 -0.929788
vn -0.459295 0 -0.888284
vn -0.54721 0 -0.836996
vn -0.630298 0 -0.776353
vn -0.707107 0 -0.707107
vn -0.776353 0 -0.630298
vn -0.836996 0 -0.54721
vn -0.888284 0 -0.459295
vn -0.929788 0 -0.368095
vn -0.961399 0 -0.275158
vn -0.983305 0 -0.181963
vn -0.995955 0 -0.0898544
vn -0.894427 0.447214 0
vn -0.704246 0.707107 0.0635367
vn -0.695302 0.707107 0.128667
vn -0.679812 0.707107 0.194566
vn -0.65746 0.707107 0.260282
vn -0.628112 0.707107 0.32477
vn -0.591845 0.707107 0.386936
vn -0.548965 0.707107 0.445688
vn -0.5 0.707107 0.5
vn -0.445688 0.707107 0.548965
vn -0.386936 0.707107 0.591845
vn -0.32477 0.707107 0.628112
vn -0.260282 0.707107 0.65746
vn -0.194566 0.707107 0.679812
vn -0.128667 0.707107 0.695302
vn -0.0635367 0.707107 0.704246
vn -4.72435e-16 0.707107 0.707107
vn 0.0635367 0.707107 0.704246
vn 0.128667 0.707107 0.695302
vn 0.194566 0.707107 0.679812
vn 0.260282 0.707107 0.65746
vn 0.32477 0.707107 0.628112
vn 0.386936 0.707107 0.591845
vn 0.445688 0.707107 0.548965
vn 0.5 0.707107 0.5
vn 0.548965 0.707107 0.445688
vn 0.591845 0.707107 0.386936
vn 0.628112 0.707107 0.32477
vn 0.65746 0.707107 0.260282
vn 0.679812 0.707107 0.194566
vn 0.695302 0.707107 0.128667
vn 0.704246 0.707107 0.0635367
vn 0.707107 0.707107 9.44871e-16
vn 0.704246 0.707107 -0.0635367
vn 0.695302 0.707107 -0.128667
vn 0.679812 0.707107 -0.194566
vn 0.65746 0.707107 -0.260282
vn 0.628112 0.707107 -0.32477
vn 0.591845 0.707107 -0.386936
vn 0.548965 0.707107 -0.445688
vn 0.5 0.707107 -0.5
vn 0.445688 0.707107 -0.548965
vn 0.386936 0.707107 -0.591845
vn 0.32477 0.707107 -0.628112
vn 0.260282 0.707107 -0.65746
vn 0.194566 0.707107 -0.679812
vn 0.128667 0.707107 -0.695302
vn 0.0635367 0.707107 -0.704246
vn 1.03521e-16 0.707107 -0.707107
vn -0.0635367 0.707107 -0.704246
vn -0.128667 0.707107 -0.695302
vn -0.194566 0.707107 -0.679812
vn -0.260282 0.707107 -0.65746
vn -0.32477 0.707107 -0.628112
vn -0.386936 0.707107 -0.591845
vn -0.445688 0.707107 -0.548965
vn -0.5 0.707107 -0.5
vn -0.548965 0.707107 -0.445688
vn -0.591845 0.707107 -0.386936
vn -0.628112 0.707107 -0.32477
vn -0.65746 0.707107 -0.260282
vn -0.679812 0.707107 -0.194566
vn -0.695302 0.707107 -0.128667
vn -0.704246 0.707107 -0.0635367
vn 7.21645e-18 -1 0
vn -4.82947e-17 -1 0
vn 1.07414e-16 -1 0
vn 1.07414e-16 -1 0
vn 2.14828e-16 -1 0
vn 1.11022e-16 -1 0
vn -1.3517e-16 -1 0
vn 2.95597e-17 -1 0
vn 2.41474e-17 -1 0
vn -1.07414e-16 -1 0
vn -1.03806e-16 -1 0
vn 3.60822e-18 -1 0
vn -1.07414e-16 -1 0
vn 1.03806e-16 -1 0
vn -4.82947e-17 -1 0
vn 0 -1 0
vn 1.44329e-17 -1 0
vn -2.07612e-16 -1 0
vn 0 -1 0
vn 0 -1 0
vn 0 -1 0
vn 0 -1 0
vn 0 -1 0
vn 0 -1 0
vn 0 -1 0
vn 0 -1 0
vn 0 -1 0
vn 0 -1 0
vn 0 -1 0
vn 0 -1 0
vn -2.07612e-16 -1 0
vn 1.44329e-17 -1 0
vn 0 1 -0
vn 0 1 -0
vn 0 1 -0
vn 0 1 -0
vn 0 1 -0
vn 0 1 -0
vn 0 1 -0
vn 0 1 -0
vn 0 1 -0
vn 0 1 -0
vn 2.22045e-16 1 -0
vn 0 1 -0
vn 0 1 -0
vn 0 1 -0
vn 0 1 -0
vn 0 1 -0
vn 0 1 -0
vn -1.50435e-16 1 0
vn 5.55112e-17 1 -0
vn 1.58484e-16 1 -0
vn -1.50435e-16 1 0
vn -8.04912e-18 1 0
vn 6.35603e-17 1 -0
vn 4.7462e-17 1 -0
vn 3.17801e-17 1 -0
vn 3.98293e-17 1 -0
vn -1.97065e-17 1 0
vn -8.04912e-18 1 0
vn -9.49241e-17 1 0
vn -1.60982e-17 1 0
vn 0 1 -0
vn 1.60982e-17 1 -0
g RimFR_chrome
usemtl chrome
f 2587//2587 2588//2588 2652//2652
f 2587//2587 2652//2652 2651//2651
f 2588//2588 2589//2589 2653//2653
f 2588//2588 2653//2653 2652//2652
f 2589//2589 2590//2590 2654//2654
f 2589//2589 2654//2654 2653//2653
f 2590//2590 2591//2591 2655//2655
f 2590//2590 2655//2655 2654//2654
f 2591//2591 2592//2592 2656//2656
f 2591//2591 2656//2656 2655//2655
f 2592//2592 2593//2593 2657//2657
f 2592//2592 2657//2657 2656//2656
f 2593//2593 2594//2594 2658//2658
f 2593//2593 2658//2658 2657//2657
f 2594//2594 2595//2595 2659//2659
f 2594//2594 2659//2659 2658//2658
f 2595//2595 2596//2596 2660//2660
f 2595//2595 2660//2660 2659//2659
f 2596//2596 2597//2597 2661//2661
f 2596//2596 2661//2661 2660//2660
f 2597//2597 2598//2598 2662//2662
f 2597//2597 2662//2662 2661//2661
f 2598//2598 2599//2599 2663//2663
f 2598//2598 2663//2663 2662//2662
f 2599//2599 2600//2600 2664//2664
f 2599//2599 2664//2664 2663//2663
f 2600//2600 2601//2601 2665//2665
f 2600//2600 2665//2665 2664//2664
f 2601//2601 2602//2602 2666//2666
f 2601//2601 2666//2666 2665//2665
f 2602//2602 2603//2603 2667//2667
f 2602//2602 2667//2667 2666//2666
f 2603//2603 2604//2604 2668//2668
f 2603//2603 2668//2668 2667//2667
f 2604//2604 2605//2605 2669//2669
f 2604//2604 2669//2669 2668//2668
f 2605//2605 2606//2606 2670//2670
f 2605//2605 2670//2670 2669//2669
f 2606//2606 2607//2607 2671//2671
f 2606//2606 2671//2671 2670//2670
f 2607//2607 2608//2608 2672//2672
f 2607//2607 2672//2672 2671//2671
f 2608//2608 2609//2609 2673//2673
f 2608//2608 2673//2673 2672//2672
f 2609//2609 2610//2610 2674//2674
f 2609//2609 2674//2674 2673//2673
f 2610//2610 2611//2611 2675//2675
f 2610//2610 2675//2675 2674//2674
f 2611//2611 2612//2612 2676//2676
f 2611//2611 2676//2676 2675//2675
f 2612//2612 2613//2613 2677//2677
f 2612//2612 2677//2677 2676//2676
f 2613//2613 2614//2614 2678//2678
f 2613//2613 2678//2678 2677//2677
f 2614//2614 2615//2615 2679//2679
f 2614//2614 2679//2679 2678//2678
f 2615//2615 2616//2616 2680//2680
f 2615//2615 2680//2680 2679//2679
f 2616//2616 2617//2617 2681//2681
f 2616//2616 2681//2681 2680//2680
f 2617//2617 2618//2618 2682//2682
f 2617//2617 2682//2682 2681//2681
f 2618//2618 2619//2619 2683//2683
f 2618//2618 2683//2683 2682//2682
f 2619//2619 2620//2620 2684//2684
f 2619//2619 2684//2684 2683//2683
f 2620//2620 2621//2621 2685//2685
f 2620//2620 2685//2685 2684//2684
f 2621//2621 2622//2622 2686//2686
f 2621//2621 2686//2686 2685//2685
f 2622//2622 2623//2623 2687//2687
f 2622//2622 2687//2687 2686//2686
f 2623//2623 2624//2624 2688//2688
f 2623//2623 2688//2688 2687//2687
f 2624//2624 2625//2625 2689//2689
f 2624//2624 2689//2689 2688//2688
f 2625//2625 2626//2626 2690//2690
f 2625//2625 2690//2690 2689//2689
f 2626//2626 2627//2627 2691//2691
f 2626//2626 2691//2691 2690//2690
f 2627//2627 2628//2628 2692//2692
f 2627//2627 2692//2692 2691//2691
f 2628//2628 2629//2629 2693//2693
f 2628//2628 2693//2693 2692//2692
f 2629//2629 2630//2630 2694//2694
f 2629//2629 2694//2694 2693//2693
f 2630//2630 2631//2631 2695//2695
f 2630//2630 2695//2695 2694//2694
f 2631//2631 2632//2632 2696//2696
f 2631//2631 2696//2696 2695//2695
f 2632//2632 2633//2633 2697//2697
f 2632//2632 2697//2697 2696//2696
f 2633//2633 2634//2634 2698//2698
f 2633//2633 2698//2698 2697//2697
f 2634//2634 2635//2635 2699//2699
f 2634//2634 2699//2699 2698//2698
f 2635//2635 2636//2636 2700//2700
f 2635//2635 2700//2700 2699//2699
f 2636//2636 2637//2637 2701//2701
f 2636//2636 2701//2701 2700//2700
f 2637//2637 2638//2638 2702//2702
f 2637//2637 2702//2702 2701//2701
f 2638//2638 2639//2639 2703//2703
f 2638//2638 2703//2703 2702//2702
f 2639//2639 2640//2640 2704//2704
f 2639//2639 2704//2704 2703//2703
f 2640//2640 2641//2641 2705//2705
f 2640//2640 2705//2705 2704//2704
f 2641//2641 2642//2642 2706//2706
f 2641//2641 2706//2706 2705//2705
f 2642//2642 2643//2643 2707//2707
f 2642//2642 2707//2707 2706//2706
f 2643//2643 2644//2644 2708//2708
f 2643//2643 2708//2708 2707//2707
f 2644//2644 2645//2645 2709//2709
f 2644//2644 2709//2709 2708//2708
f 2645//2645 2646//2646 2710//2710
f 2645//2645 2710//2710 2709//2709
f 2646//2646 2647//2647 2711//2711
f 2646//2646 2711//2711 2710//2710
f 2647//2647 2648//2648 2712//2712
f 2647//2647 2712//2712 2711//2711
f 2648//2648 2649//2649 2713//2713
f 2648//2648 2713//2713 2712//2712
f 2649//2649 2650//2650 2714//2714
f 2649//2649 2714//2714 2713//2713
f 2650//2650 2587//2587 2651//2651
f 2650//2650 2651//2651 2714//2714
f 2651//2651 2652//2652 2716//2716
f 2651//2651 2716//2716 2715//2715
f 2652//2652 2653//2653 2717//2717
f 2652//2652 2717//2717 2716//2716
f 2653//2653 2654//2654 2718//2718
f 2653//2653 2718//2718 2717//2717
f 2654//2654 2655//2655 2719//2719
f 2654//2654 2719//2719 2718//2718
f 2655//2655 2656//2656 2720//2720
f 2655//2655 2720//2720 2719//2719
f 2656//2656 2657//2657 2721//2721
f 2656//2656 2721//2721 2720//2720
f 2657//2657 2658//2658 2722//2722
f 2657//2657 2722//2722 2721//2721
f 2658//2658 2659//2659 2723//2723
f 2658//2658 2723//2723 2722//2722
f 2659//2659 2660//2660 2724//2724
f 2659//2659 2724//2724 2723//2723
f 2660//2660 2661//2661 2725//2725
f 2660//2660 2725//2725 2724//2724
f 2661//2661 2662//2662 2726//2726
f 2661//2661 2726//2726 2725//2725
f 2662//2662 2663//2663 2727//2727
f 2662//2662 2727//2727 2726//2726
f 2663//2663 2664//2664 2728//2728
f 2663//2663 2728//2728 2727//2727
f 2664//2664 2665//2665 2729//2729
f 2664//2664 2729//2729 2728//2728
f 2665//2665 2666//2666 2730//2730
f 2665//2665 2730//2730 2729//2729
f 2666//2666 2667//2667 2731//2731
f 2666//2666 2731//2731 2730//2730
f 2667//2667 2668//2668 2732//2732
f 2667//2667 2732//2732 2731//2731
f 2668//2668 2669//2669 2733//2733
f 2668//2668 2733//2733 2732//2732
f 2669//2669 2670//2670 2734//2734
f 2669//2669 2734//2734 2733//2733
f 2670//2670 2671//2671 2735//2735
f 2670//2670 2735//2735 2734//2734
f 2671//2671 2672//2672 2736//2736
f 2671//2671 2736//2736 2735//2735
f 2672//2672 2673//2673 2737//2737
f 2672//2672 2737//2737 2736//2736
f 2673//2673 2674//2674 2738//2738
f 2673//2673 2738//2738 2737//2737
f 2674//2674 2675//2675 2739//2739
f 2674//2674 2739//2739 2738//2738
f 2675//2675 2676//2676 2740//2740
f 2675//2675 2740//2740 2739//2739
f 2676//2676 2677//2677 2741//2741
f 2676//2676 2741//2741 2740//2740
f 2677//2677 2678//2678 2742//2742
f 2677//2677 2742//2742 2741//2741
f 2678//2678 2679//2679 2743//2743
f 2678//2678 2743//2743 2742//2742
f 2679//2679 2680//2680 2744//2744
f 2679//2679 2744//2744 2743//2743
f 2680//2680 2681//2681 2745//2745
f 2680//2680 2745//2745 2744//2744
f 2681//2681 2682//2682 2746//2746
f 2681//2681 2746//2746 2745//2745
f 2682//2682 2683//2683 2747//2747
f 2682//2682 2747//2747 2746//2746
f 2683//2683 2684//2684 2748//2748
f 2683//2683 2748//2748 2747//2747
f 2684//2684 2685//2685 2749//2749
f 2684//2684 2749//2749 2748//2748
f 2685//2685 2686//2686 2750//2750
f 2685//2685 2750//2750 2749//2749
f 2686//2686 2687//2687 2751//2751
f 2686//2686 2751//2751 2750//2750
f 2687//2687 2688//2688 2752//2752
f 2687//2687 2752//2752 2751//2751
f 2688//2688 2689//2689 2753//2753
f 2688//2688 2753//2753 2752//2752
f 2689//2689 2690//2690 2754//2754
f 2689//2689 2754//2754 2753//2753
f 2690//2690 2691//2691 2755//2755
f 2690//2690 2755//2755 2754//2754
f 2691//2691 2692//2692 2756//2756
f 2691//2691 2756//2756 2755//2755
f 2692//2692 2693//2693 2757//2757
f 2692//2692 2757//2757 2756//2756
f 2693//2693 2694//2694 2758//2758
f 2693//2693 2758//2758 2757//2757
f 2694//2694 2695//2695 2759//2759
f 2694//2694 2759//2759 2758//2758
f 2695//2695 2696//2696 2760//2760
f 2695//2695 2760//2760 2759//2759
f 2696//2696 2697//2697 2761//2761
f 2696//2696 2761//2761 2760//2760
f 2697//2697 2698//2698 2762//2762
f 2697//2697 2762//2762 2761//2761
f 2698//2698 2699//2699 2763//2763
f 2698//2698 2763//2763 2762//2762
f 2699//2699 2700//2700 2764//2764
f 2699//2699 2764//2764 2763//2763
f 2700//2700 2701//2701 2765//2765
f 2700//2700 2765//2765 2764//2764
f 2701//2701 2702//2702 2766//2766
f 2701//2701 2766//2766 2765//2765
f 2702//2702 2703//2703 2767//2767
f 2702//2702 2767//2767 2766//2766
f 2703//2703 2704//2704 2768//2768
f 2703//2703 2768//2768 2767//2767
f 2704//2704 2705//2705 2769//2769
f 2704//2704 2769//2769 2768//2768
f 2705//2705 2706//2706 2770//2770
f 2705//2705 2770//2770 2769//2769
f 2706//2706 2707//2707 2771//2771
f 2706//2706 2771//2771 2770//2770
f 2707//2707 2708//2708 2772//2772
f 2707//2707 2772//2772 2771//2771
f 2708//2708 2709//2709 2773//2773
f 2708//2708 2773//2773 2772//2772
f 2709//2709 2710//2710 2774//2774
f 2709//2709 2774//2774 2773//2773
f 2710//2710 2711//2711 2775//2775
f 2710//2710 2775//2775 2774//2774
f 2711//2711 2712//2712 2776//2776
f 2711//2711 2776//2776 2775//2775
f 2712//2712 2713//2713 2777//2777
f 2712//2712 2777//2777 2776//2776
f 2713//2713 2714//2714 2778//2778
f 2713//2713 2778//2778 2777//2777
f 2714//2714 2651//2651 2715//2715
f 2714//2714 2715//2715 2778//2778
f 2588//2588 2587//2587 2650//2650
f 2588//2588 2650//2650 2649//2649
f 2588//2588 2649//2649 2648//2648
f 2588//2588 2648//2648 2647//2647
f 2588//2588 2647//2647 2779//2779
f 2588//2588 2779//2779 2646//2646
f 2588//2588 2646//2646 2780//2780
f 2588//2588 2780//2780 2645//2645
f 2588//2588 2645//2645 2781//2781
f 2588//2588 2781//2781 2644//2644
f 2588//2588 2644//2644 2782//2782
f 2588//2588 2782//2782 2643//2643
f 2588//2588 2643//2643 2783//2783
f 2588//2588 2783//2783 2642//2642
f 2588//2588 2642//2642 2784//2784
f 2588//2588 2784//2784 2641//2641
f 2588//2588 2641//2641 2785//2785
f 2588//2588 2785//2785 2640//2640
f 2588//2588 2640//2640 2786//2786
f 2588//2588 2786//2786 2639//2639
f 2588//2588 2639//2639 2638//2638
f 2588//2588 2638//2638 2637//2637
f 2588//2588 2637//2637 2636//2636
f 2588//2588 2636//2636 2635//2635
f 2588//2588 2635//2635 2634//2634
f 2588//2588 2634//2634 2633//2633
f 2588//2588 2633//2633 2632//2632
f 2588//2588 2632//2632 2631//2631
f 2588//2588 2631//2631 2787//2787
f 2588//2588 2787//2787 2630//2630
f 2588//2588 2630//2630 2788//2788
f 2588//2588 2788//2788 2629//2629
f 2588//2588 2629//2629 2789//2789
f 2588//2588 2789//2789 2628//2628
f 2588//2588 2628//2628 2790//2790
f 2588//2588 2790//2790 2627//2627
f 2588//2588 2627//2627 2791//2791
f 2588//2588 2791//2791 2626//2626
f 2588//2588 2626//2626 2792//2792
f 2588//2588 2792//2792 2625//2625
f 2588//2588 2625//2625 2793//2793
f 2588//2588 2793//2793 2624//2624
f 2588//2588 2624//2624 2794//2794
f 2588//2588 2794//2794 2623//2623
f 2588//2588 2623//2623 2622//2622
f 2588//2588 2622//2622 2621//2621
f 2588//2588 2621//2621 2620//2620
f 2588//2588 2620//2620 2619//2619
f 2588//2588 2619//2619 2618//2618
f 2588//2588 2618//2618 2617//2617
f 2588//2588 2617//2617 2616//2616
f 2588//2588 2616//2616 2615//2615
f 2588//2588 2615//2615 2795//2795
f 2588//2588 2795//2795 2614//2614
f 2588//2588 2614//2614 2796//2796
f 2588//2588 2796//2796 2613//2613
f 2588//2588 2613//2613 2797//2797
f 2588//2588 2797//2797 2612//2612
f 2588//2588 2612//2612 2798//2798
f 2588//2588 2798//2798 2611//2611
f 2588//2588 2611//2611 2799//2799
f 2588//2588 2799//2799 2610//2610
f 2588//2588 2610//2610 2800//2800
f 2588//2588 2800//2800 2609//2609
f 2588//2588 2609//2609 2801//2801
f 2588//2588 2801//2801 2608//2608
f 2588//2588 2608//2608 2802//2802
f 2588//2588 2802//2802 2607//2607
f 2588//2588 2607//2607 2606//2606
f 2588//2588 2606//2606 2605//2605
f 2588//2588 2605//2605 2604//2604
f 2588//2588 2604//2604 2603//2603
f 2588//2588 2603//2603 2602//2602
f 2588//2588 2602//2602 2601//2601
f 2588//2588 2601//2601 2600//2600
f 2588//2588 2600//2600 2599//2599
f 2588//2588 2599//2599 2803//2803
f 2588//2588 2803//2803 2598//2598
f 2588//2588 2598//2598 2804//2804
f 2588//2588 2804//2804 2597//2597
f 2588//2588 2597//2597 2805//2805
f 2588//2588 2805//2805 2596//2596
f 2588//2588 2596//2596 2806//2806
f 2588//2588 2806//2806 2595//2595
f 2588//2588 2595//2595 2807//2807
f 2588//2588 2807//2807 2594//2594
f 2588//2588 2594//2594 2808//2808
f 2588//2588 2808//2808 2593//2593
f 2588//2588 2593//2593 2809//2809
f 2588//2588 2809//2809 2592//2592
f 2588//2588 2592//2592 2810//2810
f 2588//2588 2810//2810 2591//2591
f 2588//2588 2591//2591 2590//2590
f 2590//2590 2589//2589 2588//2588
f 2778//2778 2715//2715 2716//2716
f 2778//2778 2716//2716 2717//2717
f 2778//2778 2717//2717 2718//2718
f 2778//2778 2718//2718 2719//2719
f 2778//2778 2719//2719 2811//2811
f 2778//2778 2811//2811 2720//2720
f 2778//2778 2720//2720 2812//2812
f 2778//2778 2812//2812 2721//2721
f 2778//2778 2721//2721 2813//2813
f 2778//2778 2813//2813 2722//2722
f 2778//2778 2722//2722 2814//2814
f 2778//2778 2814//2814 2723//2723
f 2778//2778 2723//2723 2815//2815
f 2778//2778 2815//2815 2724//2724
f 2778//2778 2724//2724 2816//2816
f 2778//2778 2816//2816 2725//2725
f 2778//2778 2725//2725 2817//2817
f 2778//2778 2817//2817 2726//2726
f 2778//2778 2726//2726 2818//2818
f 2778//2778 2818//2818 2727//2727
f 2778//2778 2727//2727 2728//2728
f 2778//2778 2728//2728 2729//2729
f 2778//2778 2729//2729 2730//2730
f 2778//2778 2730//2730 2731//2731
f 2778//2778 2731//2731 2732//2732
f 2778//2778 2732//2732 2733//2733
f 2778//2778 2733//2733 2734//2734
f 2778//2778 2734//2734 2735//2735
f 2778//2778 2735//2735 2819//2819
f 2778//2778 2819//2819 2736//2736
f 2778//2778 2736//2736 2820//2820
f 2778//2778 2820//2820 2737//2737
f 2778//2778 2737//2737 2821//2821
f 2778//2778 2821//2821 2738//2738
f 2778//2778 2738//2738 2822//2822
f 2778//2778 2822//2822 2739//2739
f 2778//2778 2739//2739 2823//2823
f 2778//2778 2823//2823 2740//2740
f 2778//2778 2740//2740 2824//2824
f 2778//2778 2824//2824 2741//2741
f 2778//2778 2741//2741 2825//2825
f 2778//2778 2825//2825 2742//2742
f 2778//2778 2742//2742 2826//2826
f 2778//2778 2826//2826 2743//2743
f 2778//2778 2743//2743 2744//2744
f 2778//2778 2744//2744 2745//2745
f 2778//2778 2745//2745 2746//2746
f 2778//2778 2746//2746 2747//2747
f 2778//2778 2747//2747 2748//2748
f 2778//2778 2748//2748 2749//2749
f 2778//2778 2749//2749 2750//2750
f 2778//2778 2750//2750 2751//2751
f 2778//2778 2751//2751 2827//2827
f 2778//2778 2827//2827 2752//2752
f 2778//2778 2752//2752 2828//2828
f 2778//2778 2828//2828 2753//2753
f 2778//2778 2753//2753 2829//2829
f 2778//2778 2829//2829 2754//2754
f 2778//2778 2754//2754 2830//2830
f 2778//2778 2830//2830 2755//2755
f 2778//2778 2755//2755 2831//2831
f 2778//2778 2831//2831 2756//2756
f 2778//2778 2756//2756 2832//2832
f 2778//2778 2832//2832 2757//2757
f 2778//2778 2757//2757 2833//2833
f 2778//2778 2833//2833 2758//2758
f 2778//2778 2758//2758 2834//2834
f 2778//2778 2834//2834 2759//2759
f 2778//2778 2759//2759 2760//2760
f 2778//2778 2760//2760 2761//2761
f 2778//2778 2761//2761 2762//2762
f 2778//2778 2762//2762 2763//2763
f 2778//2778 2763//2763 2764//2764
f 2778//2778 2764//2764 2765//2765
f 2778//2778 2765//2765 2766//2766
f 2778//2778 2766//2766 2767//2767
f 2778//2778 2767//2767 2835//2835
f 2778//2778 2835//2835 2768//2768
f 2778//2778 2768//2768 2836//2836
f 2778//2778 2836//2836 2769//2769
f 2778//2778 2769//2769 2837//2837
f 2778//2778 2837//2837 2770//2770
f 2778//2778 2770//2770 2838//2838
f 2778//2778 2838//2838 2771//2771
f 2778//2778 2771//2771 2839//2839
f 2778//2778 2839//2839 2772//2772
f 2778//2778 2772//2772 2840//2840
f 2778//2778 2840//2840 2773//2773
f 2778//2778 2773//2773 2841//2841
f 2778//2778 2841//2841 2774//2774
f 2778//2778 2774//2774 2842//2842
f 2778//2778 2842//2842 2775//2775
f 2778//2778 2775//2775 2776//2776
f 2776//2776 2777//2777 2778//2778
o RimRL
v 0.813 0.855 0.335
v 0.813951 0.855 0.356116
v 0.816923 0.855 0.377761
v 0.822071 0.855 0.399662
v 0.8295 0.855 0.421502
v 0.839253 0.855 0.442934
v 0.851306 0.855 0.463594
v 0.865557 0.855 0.48312
v 0.88183 0.855 0.50117
v 0.89988 0.855 0.517443
v 0.919406 0.855 0.531694
v 0.940066 0.855 0.543747
v 0.961498 0.855 0.5535
v 0.983338 0.855 0.560929
v 1.00524 0.855 0.566077
v 1.02688 0.855 0.569049
v 1.048 0.855 0.57
v 1.06912 0.855 0.569049
v 1.09076 0.855 0.566077
v 1.11266 0.855 0.560929
v 1.1345 0.855 0.5535
v 1.15593 0.855 0.543747
v 1.17659 0.855 0.531694
v 1.19612 0.855 0.517443
v 1.21417 0.855 0.50117
v 1.23044 0.855 0.48312
v 1.24469 0.855 0.463594
v 1.25675 0.855 0.442934
v 1.2665 0.855 0.421502
v 1.27393 0.855 0.399662
v 1.27908 0.855 0.377761
v 1.28205 0.855 0.356116
v 1.283 0.855 0.335
v 1.28205 0.855 0.313884
v 1.27908 0.855 0.292239
v 1.27393 0.855 0.270338
v 1.2665 0.855 0.248498
v 1.25675 0.855 0.227066
v 1.24469 0.855 0.206406
v 1.23044 0.855 0.18688
v 1.21417 0.855 0.16883
v 1.19612 0.855 0.152557
v 1.17659 0.855 0.138306
v 1.15593 0.855 0.126253
v 1.1345 0.855 0.1165
v 1.11266 0.855 0.109071
v 1.09076 0.855 0.103923
v 1.06912 0.855 0.100951
v 1.048 0.855 0.1
v 1.02688 0.855 0.100951
v 1.00524 0.855 0.103923
v 0.983338 0.855 0.109071
v 0.961498 0.855 0.1165
v 0.940066 0.855 0.126253
v 0.919406 0.855 0.138306
v 0.89988 0.855 0.152557
v 0.88183 0.855 0.16883
v 0.865557 0.855 0.18688
v 0.851306 0.855 0.206406
v 0.839253 0.855 0.227066
v 0.8295 0.855 0.248498
v 0.822071 0.855 0.270338
v 0.816923 0.855 0.292239
v 0.813951 0.855 0.313884
v 0.813 0.895 0.335
v 0.813951 0.895 0.356116
v 0.816923 0.895 0.377761
v 0.822071 0.895 0.399662
v 0.8295 0.895 0.421502
v 0.839253 0.895 0.442934
v 0.851306 0.895 0.463594
v 0.865557 0.895 0.48312
v 0.88183 0.895 0.50117
v 0.89988 0.895 0.517443
v 0.919406 0.895 0.531694
v 0.940066 0.895 0.543747
v 0.961498 0.895 0.5535
v 0.983338 0.895 0.560929
v 1.00524 0.895 0.566077
v 1.02688 0.895 0.569049
v 1.048 0.895 0.57
v 1.06912 0.895 0.569049
v 1.09076 0.895 0.566077
v 1.11266 0.895 0.560929
v 1.1345 0.895 0.5535
v 1.15593 0.895 0.543747
v 1.17659 0.895 0.531694
v 1.19612 0.895 0.517443
v 1.21417 0.895 0.50117
v 1.23044 0.895 0.48312
v 1.24469 0.895 0.463594
v 1.25675 0.895 0.442934
v 1.2665 0.895 0.421502
v 1.27393 0.895 0.399662
v 1.27908 0.895 0.377761
v 1.28205 0.895 0.356116
v 1.283 0.895 0.335
v 1.28205 0.895 0.313884
v 1.27908 0.895 0.292239
v 1.27393 0.895 0.270338
v 1.2665 0.895 0.248498
v 1.25675 0.895 0.227066
v 1.24469 0.895 0.206406
v 1.23044 0.895 0.18688
v 1.21417 0.895 0.16883
v 1.19612 0.895 0.152557
v 1.17659 0.895 0.138306
v 1.15593 0.895 0.126253
v 1.1345 0.895 0.1165
v 1.11266 0.895 0.109071
v 1.09076 0.895 0.103923
v 1.06912 0.895 0.100951
v 1.048 0.895 0.1
v 1.02688 0.895 0.100951
v 1.00524 0.895 0.103923
v 0.983338 0.895 0.109071
v 0.961498 0.895 0.1165
v 0.940066 0.895 0.126253
v 0.919406 0.895 0.138306
v 0.89988 0.895 0.152557
v 0.88183 0.895 0.16883
v 0.865557 0.895 0.18688
v 0.851306 0.895 0.206406
v 0.839253 0.895 0.227066
v 0.8295 0.895 0.248498
v 0.822071 0.895 0.270338
v 0.816923 0.895 0.292239
v 0.813951 0.895 0.313884
v 0.813 0.935 0.335
v 0.813951 0.935 0.356116
v 0.816923 0.935 0.377761
v 0.822071 0.935 0.399662
v 0.8295 0.935 0.421502
v 0.839253 0.935 0.442934
v 0.851306 0.935 0.463594
v 0.865557 0.935 0.48312
v 0.88183 0.935 0.50117
v 0.89988 0.935 0.517443
v 0.919406 0.935 0.531694
v 0.940066 0.935 0.543747
v 0.961498 0.935 0.5535
v 0.983338 0.935 0.560929
v 1.00524 0.935 0.566077
v 1.02688 0.935 0.569049
v 1.048 0.935 0.57
v 1.06912 0.935 0.569049
v 1.09076 0.935 0.566077
v 1.11266 0.935 0.560929
v 1.1345 0.935 0.5535
v 1.15593 0.935 0.543747
v 1.17659 0.935 0.531694
v 1.19612 0.935 0.517443
v 1.21417 0.935 0.50117
v 1.23044 0.935 0.48312
v 1.24469 0.935 0.463594
v 1.25675 0.935 0.442934
v 1.2665 0.935 0.421502
v 1.27393 0.935 0.399662
v 1.27908 0.935 0.377761
v 1.28205 0.935 0.356116
v 1.283 0.935 0.335
v 1.28205 0.935 0.313884
v 1.27908 0.935 0.292239
v 1.27393 0.935 0.270338
v 1.2665 0.935 0.248498
v 1.25675 0.935 0.227066
v 1.24469 0.935 0.206406
v 1.23044 0.935 0.18688
v 1.21417 0.935 0.16883
v 1.19612 0.935 0.152557
v 1.17659 0.935 0.138306
v 1.15593 0.935 0.126253
v 1.1345 0.935 0.1165
v 1.11266 0.935 0.109071
v 1.09076 0.935 0.103923
v 1.06912 0.935 0.100951
v 1.048 0.935 0.1
v 1.02688 0.935 0.100951
v 1.00524 0.935 0.103923
v 0.983338 0.935 0.109071
v 0.961498 0.935 0.1165
v 0.940066 0.935 0.126253
v 0.919406 0.935 0.138306
v 0.89988 0.935 0.152557
v 0.88183 0.935 0.16883
v 0.865557 0.935 0.18688
v 0.851306 0.935 0.206406
v 0.839253 0.935 0.227066
v 0.8295 0.935 0.248498
v 0.822071 0.935 0.270338
v 0.816923 0.935 0.292239
v 0.813951 0.935 0.313884
v 0.834086 0.935 0.432292
v 0.844997 0.935 0.453384
v 0.858166 0.935 0.473521
v 0.873455 0.935 0.49235
v 0.89065 0.935 0.509545
v 0.909479 0.935 0.524834
v 0.929616 0.935 0.538003
v 0.950708 0.935 0.548914
v 1.14529 0.935 0.548914
v 1.16638 0.935 0.538003
v 1.18652 0.935 0.524834
v 1.20535 0.935 0.509545
v 1.22255 0.935 0.49235
v 1.23783 0.935 0.473521
v 1.251 0.935 0.453384
v 1.26191 0.935 0.432292
v 1.26191 0.935 0.237708
v 1.251 0.935 0.216616
v 1.23783 0.935 0.196479
v 1.22255 0.935 0.17765
v 1.20535 0.935 0.160455
v 1.18652 0.935 0.145166
v 1.16638 0.935 0.131997
v 1.14529 0.935 0.121086
v 0.950708 0.935 0.121086
v 0.929616 0.935 0.131997
v 0.909479 0.935 0.145166
v 0.89065 0.935 0.160455
v 0.873455 0.935 0.17765
v 0.858166 0.935 0.196479
v 0.844997 0.935 0.216616
v 0.834086 0.935 0.237708
v 0.834086 0.855 0.237708
v 0.844997 0.855 0.216616
v 0.858166 0.855 0.196479
v 0.873455 0.855 0.17765
v 0.89065 0.855 0.160455
v 0.909479 0.855 0.145166
v 0.929616 0.855 0.131997
v 0.950708 0.855 0.121086
v 1.14529 0.855 0.121086
v 1.16638 0.855 0.131997
v 1.18652 0.855 0.145166
v 1.20535 0.855 0.160455
v 1.22255 0.855 0.17765
v 1.23783 0.855 0.196479
v 1.251 0.855 0.216616
v 1.26191 0.855 0.237708
v 1.26191 0.855 0.432292
v 1.251 0.855 0.453384
v 1.23783 0.855 0.473521
v 1.22255 0.855 0.49235
v 1.20535 0.855 0.509545
v 1.18652 0.855 0.524834
v 1.16638 0.855 0.538003
v 1.14529 0.855 0.548914
v 0.950708 0.855 0.548914
v 0.929616 0.855 0.538003
v 0.909479 0.855 0.524834
v 0.89065 0.855 0.509545
v 0.873455 0.855 0.49235
v 0.858166 0.855 0.473521
v 0.844997 0.855 0.453384
v 0.834086 0.855 0.432292
vn -0.894427 -0.447214 -2.98794e-16
vn -0.704246 -0.707107 0.0635367
vn -0.695302 -0.707107 0.128667
vn -0.679812 -0.707107 0.194566
vn -0.65746 -0.707107 0.260282
vn -0.628112 -0.707107 0.32477
vn -0.591845 -0.707107 0.386936
vn -0.548965 -0.707107 0.445688
vn -0.5 -0.707107 0.5
vn -0.445688 -0.707107 0.548965
vn -0.386936 -0.707107 0.591845
vn -0.32477 -0.707107 0.628112
vn -0.260282 -0.707107 0.65746
vn -0.194566 -0.707107 0.679812
vn -0.128667 -0.707107 0.695302
vn -0.0635367 -0.707107 0.704246
vn 2.36218e-16 -0.707107 0.707107
vn 0.0635367 -0.707107 0.704246
vn 0.128667 -0.707107 0.695302
vn 0.194566 -0.707107 0.679812
vn 0.260282 -0.707107 0.65746
vn 0.32477 -0.707107 0.628112
vn 0.386936 -0.707107 0.591845
vn 0.445688 -0.707107 0.548965
vn 0.5 -0.707107 0.5
vn 0.548965 -0.707107 0.445688
vn 0.591845 -0.707107 0.386936
vn 0.628112 -0.707107 0.32477
vn 0.65746 -0.707107 0.260282
vn 0.679812 -0.707107 0.194566
vn 0.695302 -0.707107 0.128667
vn 0.704246 -0.707107 0.0635367
vn 0.707107 -0.707107 9.44871e-16
vn 0.704246 -0.707107 -0.0635367
vn 0.695302 -0.707107 -0.128667
vn 0.679812 -0.707107 -0.194566
vn 0.65746 -0.707107 -0.260282
vn 0.628112 -0.707107 -0.32477
vn 0.591845 -0.707107 -0.386936
vn 0.548965 -0.707107 -0.445688
vn 0.5 -0.707107 -0.5
vn 0.445688 -0.707107 -0.548965
vn 0.386936 -0.707107 -0.591845
vn 0.32477 -0.707107 -0.628112
vn 0.260282 -0.707107 -0.65746
vn 0.194566 -0.707107 -0.679812
vn 0.128667 -0.707107 -0.695302
vn 0.0635367 -0.707107 -0.704246
vn 1.12388e-16 -0.707107 -0.707107
vn -0.0635367 -0.707107 -0.704246
vn -0.128667 -0.707107 -0.695302
vn -0.194566 -0.707107 -0.679812
vn -0.260282 -0.707107 -0.65746
vn -0.32477 -0.707107 -0.628112
vn -0.386936 -0.707107 -0.591845
vn -0.445688 -0.707107 -0.548965
vn -0.5 -0.707107 -0.5
vn -0.548965 -0.707107 -0.445688
vn -0.591845 -0.707107 -0.386936
vn -0.628112 -0.707107 -0.32477
vn -0.65746 -0.707107 -0.260282
vn -0.679812 -0.707107 -0.194566
vn -0.695302 -0.707107 -0.128667
vn -0.704246 -0.707107 -0.0635367
vn -1 0 -2.50547e-16
vn -0.995955 0 0.0898544
vn -0.983305 0 0.181963
vn -0.961399 0 0.275158
vn -0.929788 0 0.368095
vn -0.888284 0 0.459295
vn -0.836996 0 0.54721
vn -0.776353 0 0.630298
vn -0.707107 0 0.707107
vn -0.630298 0 0.776353
vn -0.54721 0 0.836996
vn -0.459295 0 0.888284
vn -0.368095 0 0.929788
vn -0.275158 0 0.961399
vn -0.181963 0 0.983305
vn -0.0898544 0 0.995955
vn 3.34062e-16 -0 1
vn 0.0898544 -0 0.995955
vn 0.181963 -0 0.983305
vn 0.275158 -0 0.961399
vn 0.368095 -0 0.929788
vn 0.459295 -0 0.888284
vn 0.54721 -0 0.836996
vn 0.630298 -0 0.776353
vn 0.707107 -0 0.707107
vn 0.776353 -0 0.630298
vn 0.836996 -0 0.54721
vn 0.888284 -0 0.459295
vn 0.929788 -0 0.368095
vn 0.961399 -0 0.275158
vn 0.983305 -0 0.181963
vn 0.995955 -0 0.0898544
vn 1 -0 1.67031e-15
vn 0.995955 0 -0.0898544
vn 0.983305 0 -0.181963
vn 0.961399 0 -0.275158
vn 0.929788 0 -0.368095
vn 0.888284 0 -0.459295
vn 0.836996 0 -0.54721
vn 0.776353 0 -0.630298
vn 0.707107 0 -0.707107
vn 0.630298 0 -0.776353
vn 0.54721 0 -0.836996
vn 0.459295 0 -0.888284
vn 0.368095 0 -0.929788
vn 0.275158 0 -0.961399
vn 0.181963 0 -0.983305
vn 0.0898544 0 -0.995955
vn 2.08789e-17 0 -1
vn -0.0898544 0 -0.995955
vn -0.181963 0 -0.983305
vn -0.275158 0 -0.961399
vn -0.368095 0 -0.929788
vn -0.459295 0 -0.888284
vn -0.54721 0 -0.836996
vn -0.630298 0 -0.776353
vn -0.707107 0 -0.707107
vn -0.776353 0 -0.630298
vn -0.836996 0 -0.54721
vn -0.888284 0 -0.459295
vn -0.929788 0 -0.368095
vn -0.961399 0 -0.275158
vn -0.983305 0 -0.181963
vn -0.995955 0 -0.0898544
vn -0.894427 0.447214 -2.98794e-16
vn -0.704246 0.707107 0.0635367
vn -0.695302 0.707107 0.128667
vn -0.679812 0.707107 0.194566
vn -0.65746 0.707107 0.260282
vn -0.628112 0.707107 0.32477
vn -0.591845 0.707107 0.386936
vn -0.548965 0.707107 0.445688
vn -0.5 0.707107 0.5
vn -0.445688 0.707107 0.548965
vn -0.386936 0.707107 0.591845
vn -0.32477 0.707107 0.628112
vn -0.260282 0.707107 0.65746
vn -0.194566 0.707107 0.679812
vn -0.128667 0.707107 0.695302
vn -0.0635367 0.707107 0.704246
vn 2.36218e-16 0.707107 0.707107
vn 0.0635367 0.707107 0.704246
vn 0.128667 0.707107 0.695302
vn 0.194566 0.707107 0.679812
vn 0.260282 0.707107 0.65746
vn 0.32477 0.707107 0.628112
vn 0.386936 0.707107 0.591845
vn 0.445688 0.707107 0.548965
vn 0.5 0.707107 0.5
vn 0.548965 0.707107 0.445688
vn 0.591845 0.707107 0.386936
vn 0.628112 0.707107 0.32477
vn 0.65746 0.707107 0.260282
vn 0.679812 0.707107 0.194566
vn 0.695302 0.707107 0.128667
vn 0.704246 0.707107 0.0635367
vn 0.707107 0.707107 9.44871e-16
vn 0.704246 0.707107 -0.0635367
vn 0.695302 0.707107 -0.128667
vn 0.679812 0.707107 -0.194566
vn 0.65746 0.707107 -0.260282
vn 0.628112 0.707107 -0.32477
vn 0.591845 0.707107 -0.386936
vn 0.548965 0.707107 -0.445688
vn 0.5 0.707107 -0.5
vn 0.445688 0.707107 -0.548965
vn 0.386936 0.707107 -0.591845
vn 0.32477 0.707107 -0.628112
vn 0.260282 0.707107 -0.65746
vn 0.194566 0.707107 -0.679812
vn 0.128667 0.707107 -0.695302
vn 0.0635367 0.707107 -0.704246
vn 1.54634e-16 0.707107 -0.707107
vn -0.0635367 0.707107 -0.704246
vn -0.128667 0.707107 -0.695302
vn -0.194566 0.707107 -0.679812
vn -0.260282 0.707107 -0.65746
vn -0.32477 0.707107 -0.628112
vn -0.386936 0.707107 -0.591845
vn -0.445688 0.707107 -0.548965
vn -0.5 0.707107 -0.5
vn -0.548965 0.707107 -0.445688
vn -0.591845 0.707107 -0.386936
vn -0.628112 0.707107 -0.32477
vn -0.65746 0.707107 -0.260282
vn -0.679812 0.707107 -0.194566
vn -0.695302 0.707107 -0.128667
vn -0.704246 0.707107 -0.0635367
vn -2.22045e-16 1 0
vn 0 1 -0
vn 0 1 -0
vn 0 1 -0
vn -2.22045e-16 1 0
vn 0 1 -0
vn 0 1 -0
vn 0 1 -0
vn 0 1 -0
vn 0 1 -0
vn 0 1 -0
vn -2.22045e-16 1 0
vn -2.07612e-16 1 0
vn 0 1 -0
vn 0 1 -0
vn -2.07612e-16 1 0
vn 1.03806e-16 1 -0
vn 5.55112e-17 1 -0
vn -1.11022e-16 1 0
vn -5.91194e-17 1 0
vn 1.07414e-16 1 -0
vn -3.13638e-17 1 0
vn 2.41474e-17 1 -0
vn 1.3517e-16 1 -0
vn -7.96585e-17 1 0
vn 5.73153e-17 1 -0
vn 7.21645e-18 1 -0
vn 1.07414e-16 1 -0
vn -3.60822e-18 1 0
vn -5.19029e-17 1 0
vn 5.55112e-17 1 -0
vn -1.03806e-16 1 0
vn -2.05946e-16 -1 0
vn -3.94129e-17 -1 0
vn 0 -1 0
vn 4.7462e-17 -1 0
vn -5.55112e-17 -1 0
vn -8.04912e-18 -1 0
vn -5.95357e-17 -1 0
vn -1.97065e-17 -1 0
vn -6.71685e-17 -1 0
vn -7.11931e-17 -1 0
vn -8.04912e-18 -1 0
vn -6.35603e-17 -1 0
vn 4.7462e-17 -1 0
vn -5.55112e-17 -1 0
vn -1.11022e-16 -1 0
vn 0 -1 0
vn 0 -1 0
vn 0 -1 0
vn 0 -1 0
vn -1.89848e-16 -1 0
vn 0 -1 0
vn 0 -1 0
vn 0 -1 0
vn 0 -1 0
vn 0 -1 0
vn 0 -1 0
vn 0 -1 0
vn 0 -1 0
vn 0 -1 0
vn 1.89848e-16 -1 0
vn 0 -1 0
vn 0 -1 0
g RimRL_chrome
usemtl chrome
f 2843//2843 2844//2844 2908//2908
f 2843//2843 2908//2908 2907//2907
f 2844//2844 2845//2845 2909//2909
f 2844//2844 2909//2909 2908//2908
f 2845//2845 2846//2846 2910//2910
f 2845//2845 2910//2910 2909//2909
f 2846//2846 2847//2847 2911//2911
f 2846//2846 2911//2911 2910//2910
f 2847//2847 2848//2848 2912//2912
f 2847//2847 2912//2912 2911//2911
f 2848//2848 2849//2849 2913//2913
f 2848//2848 2913//2913 2912//2912
f 2849//2849 2850//2850 2914//2914
f 2849//2849 2914//2914 2913//2913
f 2850//2850 2851//2851 2915//2915
f 2850//2850 2915//2915 2914//2914
f 2851//2851 2852//2852 2916//2916
f 2851//2851 2916//2916 2915//2915
f 2852//2852 2853//2853 2917//2917
f 2852//2852 2917//2917 2916//2916
f 2853//2853 2854//2854 2918//2918
f 2853//2853 2918//2918 2917//2917
f 2854//2854 2855//2855 2919//2919
f 2854//2854 2919//2919 2918//2918
f 2855//2855 2856//2856 2920//2920
f 2855//2855 2920//2920 2919//2919
f 2856//2856 2857//2857 2921//2921
f 2856//2856 2921//2921 2920//2920
f 2857//2857 2858//2858 2922//2922
f 2857//2857 2922//2922 2921//2921
f 2858//2858 2859//2859 2923//2923
f 2858//2858 2923//2923 2922//2922
f 2859//2859 2860//2860 2924//2924
f 2859//2859 2924//2924 2923//2923
f 2860//2860 2861//2861 2925//2925
f 2860//2860 2925//2925 2924//2924
f 2861//2861 2862//2862 2926//2926
f 2861//2861 2926//2926 2925//2925
f 2862//2862 2863//2863 2927//2927
f 2862//2862 2927//2927 2926//2926
f 2863//2863 2864//2864 2928//2928
f 2863//2863 2928//2928 2927//2927
f 2864//2864 2865//2865 2929//2929
f 2864//2864 2929//2929 2928//2928
f 2865//2865 2866//2866 2930//2930
f 2865//2865 2930//2930 2929//2929
f 2866//2866 2867//2867 2931//2931
f 2866//2866 2931//2931 2930//2930
f 2867//2867 2868//2868 2932//2932
f 2867//2867 2932//2932 2931//2931
f 2868//2868 2869//2869 2933//2933
f 2868//2868 2933//2933 2932//2932
f 2869//2869 2870//2870 2934//2934
f 2869//2869 2934//2934 2933//2933
f 2870//2870 2871//2871 2935//2935
f 2870//2870 2935//2935 2934//2934
f 2871//2871 2872//2872 2936//2936
f 2871//2871 2936//2936 2935//2935
f 2872//2872 2873//2873 2937//2937
f 2872//2872 2937//2937 2936//2936
f 2873//2873 2874//2874 2938//2938
f 2873//2873 2938//2938 2937//2937
f 2874//2874 2875//2875 2939//2939
f 2874//2874 2939//2939 2938//2938
f 2875//2875 2876//2876 2940//2940
f 2875//2875 2940//2940 2939//2939
f 2876//2876 2877//2877 2941//2941
f 2876//2876 2941//2941 2940//2940
f 2877//2877 2878//2878 2942//2942
f 2877//2877 2942//2942 2941//2941
f 2878//2878 2879//2879 2943//2943
f 2878//2878 2943//2943 2942//2942
f 2879//2879 2880//2880 2944//2944
f 2879//2879 2944//2944 2943//2943
f 2880//2880 2881//2881 2945//2945
f 2880//2880 2945//2945 2944//2944
f 2881//2881 2882//2882 2946//2946
f 2881//2881 2946//2946 2945//2945
f 2882//2882 2883//2883 2947//2947
f 2882//2882 2947//2947 2946//2946
f 2883//2883 2884//2884 2948//2948
f 2883//2883 2948//2948 2947//2947
f 2884//2884 2885//2885 2949//2949
f 2884//2884 2949//2949 2948//2948
f 2885//2885 2886//2886 2950//2950
f 2885//2885 2950//2950 2949//2949
f 2886//2886 2887//2887 2951//2951
f 2886//2886 2951//2951 2950//2950
f 2887//2887 2888//2888 2952//2952
f 2887//2887 2952//2952 2951//2951
f 2888//2888 2889//2889 2953//2953
f 2888//2888 2953//2953 2952//2952
f 2889//2889 2890//2890 2954//2954
f 2889//2889 2954//2954 2953//2953
f 2890//2890 2891//2891 2955//2955
f 2890//2890 2955//2955 2954//2954
f 2891//2891 2892//2892 2956//2956
f 2891//2891 2956//2956 2955//2955
f 2892//2892 2893//2893 2957//2957
f 2892//2892 2957//2957 2956//2956
f 2893//2893 2894//2894 2958//2958
f 2893//2893 2958//2958 2957//2957
f 2894//2894 2895//2895 2959//2959
f 2894//2894 2959//2959 2958//2958
f 2895//2895 2896//2896 2960//2960
f 2895//2895 2960//2960 2959//2959
f 2896//2896 2897//2897 2961//2961
f 2896//2896 2961//2961 2960//2960
f 2897//2897 2898//2898 2962//2962
f 2897//2897 2962//2962 2961//2961
f 2898//2898 2899//2899 2963//2963
f 2898//2898 2963//2963 2962//2962
f 2899//2899 2900//2900 2964//2964
f 2899//2899 2964//2964 2963//2963
f 2900//2900 2901//2901 2965//2965
f 2900//2900 2965//2965 2964//2964
f 2901//2901 2902//2902 2966//2966
f 2901//2901 2966//2966 2965//2965
f 2902//2902 2903//2903 2967//2967
f 2902//2902 2967//2967 2966//2966
f 2903//2903 2904//2904 2968//2968
f 2903//2903 2968//2968 2967//2967
f 2904//2904 2905//2905 2969//2969
f 2904//2904 2969//2969 2968//2968
f 2905//2905 2906//2906 2970//2970
f 2905//2905 2970//2970 2969//2969
f 2906//2906 2843//2843 2907//2907
f 2906//2906 2907//2907 2970//2970
f 2907//2907 2908//2908 2972//2972
f 2907//2907 2972//2972 2971//2971
f 2908//2908 2909//2909 2973//2973
f 2908//2908 2973//2973 2972//2972
f 2909//2909 2910//2910 2974//2974
f 2909//2909 2974//2974 2973//2973
f 2910//2910 2911//2911 2975//2975
f 2910//2910 2975//2975 2974//2974
f 2911//2911 2912//2912 2976//2976
f 2911//2911 2976//2976 2975//2975
f 2912//2912 2913//2913 2977//2977
f 2912//2912 2977//2977 2976//2976
f 2913//2913 2914//2914 2978//2978
f 2913//2913 2978//2978 2977//2977
f 2914//2914 2915//2915 2979//2979
f 2914//2914 2979//2979 2978//2978
f 2915//2915 2916//2916 2980//2980
f 2915//2915 2980//2980 2979//2979
f 2916//2916 2917//2917 2981//2981
f 2916//2916 2981//2981 2980//2980
f 2917//2917 2918//2918 2982//2982
f 2917//2917 2982//2982 2981//2981
f 2918//2918 2919//2919 2983//2983
f 2918//2918 2983//2983 2982//2982
f 2919//2919 2920//2920 2984//2984
f 2919//2919 2984//2984 2983//2983
f 2920//2920 2921//2921 2985//2985
f 2920//2920 2985//2985 2984//2984
f 2921//2921 2922//2922 2986//2986
f 2921//2921 2986//2986 2985//2985
f 2922//2922 2923//2923 2987//2987
f 2922//2922 2987//2987 2986//2986
f 2923//2923 2924//2924 2988//2988
f 2923//2923 2988//2988 2987//2987
f 2924//2924 2925//2925 2989//2989
f 2924//2924 2989//2989 2988//2988
f 2925//2925 2926//2926 2990//2990
f 2925//2925 2990//2990 2989//2989
f 2926//2926 2927//2927 2991//2991
f 2926//2926 2991//2991 2990//2990
f 2927//2927 2928//2928 2992//2992
f 2927//2927 2992//2992 2991//2991
f 2928//2928 2929//2929 2993//2993
f 2928//2928 2993//2993 2992//2992
f 2929//2929 2930//2930 2994//2994
f 2929//2929 2994//2994 2993//2993
f 2930//2930 2931//2931 2995//2995
f 2930//2930 2995//2995 2994//2994
f 2931//2931 2932//2932 2996//2996
f 2931//2931 2996//2996 2995//2995
f 2932//2932 2933//2933 2997//2997
f 2932//2932 2997//2997 2996//2996
f 2933//2933 2934//2934 2998//2998
f 2933//2933 2998//2998 2997//2997
f 2934//2934 2935//2935 2999//2999
f 2934//2934 2999//2999 2998//2998
f 2935//2935 2936//2936 3000//3000
f 2935//2935 3000//3000 2999//2999
f 2936//2936 2937//2937 3001//3001
f 2936//2936 3001//3001 3000//3000
f 2937//2937 2938//2938 3002//3002
f 2937//2937 3002//3002 3001//3001
f 2938//2938 2939//2939 3003//3003
f 2938//2938 3003//3003 3002//3002
f 2939//2939 2940//2940 3004//3004
f 2939//2939 3004//3004 3003//3003
f 2940//2940 2941//2941 3005//3005
f 2940//2940 3005//3005 3004//3004
f 2941//2941 2942//2942 3006//3006
f 2941//2941 3006//3006 3005//3005
f 2942//2942 2943//2943 3007//3007
f 2942//2942 3007//3007 3006//3006
f 2943//2943 2944//2944 3008//3008
f 2943//2943 3008//3008 3007//3007
f 2944//2944 2945//2945 3009//3009
f 2944//2944 3009//3009 3008//3008
f 2945//2945 2946//2946 3010//3010
f 2945//2945 3010//3010 3009//3009
f 2946//2946 2947//2947 3011//3011
f 2946//2946 3011//3011 3010//3010
f 2947//2947 2948//2948 3012//3012
f 2947//2947 3012//3012 3011//3011
f 2948//2948 2949//2949 3013//3013
f 2948//2948 3013//3013 3012//3012
f 2949//2949 2950//2950 3014//3014
f 2949//2949 3014//3014 3013//3013
f 2950//2950 2951//2951 3015//3015
f 2950//2950 3015//3015 3014//3014
f 2951//2951 2952//2952 3016//3016
f 2951//2951 3016//3016 3015//3015
f 2952//2952 2953//2953 3017//3017
f 2952//2952 3017//3017 3016//3016
f 2953//2953 2954//2954 3018//3018
f 2953//2953 3018//3018 3017//3017
f 2954//2954 2955//2955 3019//3019
f 2954//2954 3019//3019 3018//3018
f 2955//2955 2956//2956 3020//3020
f 2955//2955 3020//3020 3019//3019
f 2956//2956 2957//2957 3021//3021
f 2956//2956 3021//3021 3020//3020
f 2957//2957 2958//2958 3022//3022
f 2957//2957 3022//3022 3021//3021
f 2958//2958 2959//2959 3023//3023
f 2958//2958 3023//3023 3022//3022
f 2959//2959 2960//2960 3024//3024
f 2959//2959 3024//3024 3023//3023
f 2960//2960 2961//2961 3025//3025
f 2960//2960 3025//3025 3024//3024
f 2961//2961 2962//2962 3026//3026
f 2961//2961 3026//3026 3025//3025
f 2962//2962 2963//2963 3027//3027
f 2962//2962 3027//3027 3026//3026
f 2963//2963 2964//2964 3028//3028
f 2963//2963 3028//3028 3027//3027
f 2964//2964 2965//2965 3029//3029
f 2964//2964 3029//3029 3028//3028
f 2965//2965 2966//2966 3030//3030
f 2965//2965 3030//3030 3029//3029
f 2966//2966 2967//2967 3031//3031
f 2966//2966 3031//3031 3030//3030
f 2967//2967 2968//2968 3032//3032
f 2967//2967 3032//3032 3031//3031
f 2968//2968 2969//2969 3033//3033
f 2968//2968 3033//3033 3032//3032
f 2969//2969 2970//2970 3034//3034
f 2969//2969 3034//3034 3033//3033
f 2970//2970 2907//2907 2971//2971
f 2970//2970 2971//2971 3034//3034
f 3034//3034 2971//2971 2972//2972
f 3034//3034 2972//2972 2973//2973
f 3034//3034 2973//2973 2974//2974
f 3034//3034 2974//2974 2975//2975
f 3034//3034 2975//2975 3035//3035
f 3034//3034 3035//3035 2976//2976
f 3034//3034 2976//2976 3036//3036
f 3034//3034 3036//3036 2977//2977
f 3034//3034 2977//2977 3037//3037
f 3034//3034 3037//3037 2978//2978
f 3034//3034 2978//2978 3038//3038
f 3034//3034 3038//3038 2979//2979
f 3034//3034 2979//2979 3039//3039
f 3034//3034 3039//3039 2980//2980
f 3034//3034 2980//2980 3040//3040
f 3034//3034 3040//3040 2981//2981
f 3034//3034 2981//2981 3041//3041
f 3034//3034 3041//3041 2982//2982
f 3034//3034 2982//2982 3042//3042
f 3034//3034 3042//3042 2983//2983
f 3034//3034 2983//2983 2984//2984
f 3034//3034 2984//2984 2985//2985
f 3034//3034 2985//2985 2986//2986
f 3034//3034 2986//2986 2987//2987
f 3034//3034 2987//2987 2988//2988
f 3034//3034 2988//2988 2989//2989
f 3034//3034 2989//2989 2990//2990
f 3034//3034 2990//2990 2991//2991
f 3034//3034 2991//2991 3043//3043
f 3034//3034 3043//3043 2992//2992
f 3034//3034 2992//2992 3044//3044
f 3034//3034 3044//3044 2993//2993
f 3034//3034 2993//2993 3045//3045
f 3034//3034 3045//3045 2994//2994
f 3034//3034 2994//2994 3046//3046
f 3034//3034 3046//3046 2995//2995
f 3034//3034 2995//2995 3047//3047
f 3034//3034 3047//3047 2996//2996
f 3034//3034 2996//2996 3048//3048
f 3034//3034 3048//3048 2997//2997
f 3034//3034 2997//2997 3049//3049
f 3034//3034 3049//3049 2998//2998
f 3034//3034 2998//2998 3050//3050
f 3034//3034 3050//3050 2999//2999
f 3034//3034 2999//2999 3000//3000
f 3034//3034 3000//3000 3001//3001
f 3034//3034 3001//3001 3002//3002
f 3034//3034 3002//3002 3003//3003
f 3034//3034 3003//3003 3004//3004
f 3034//3034 3004//3004 3005//3005
f 3034//3034 3005//3005 3006//3006
f 3034//3034 3006//3006 3007//3007
f 3034//3034 3007//3007 3051//3051
f 3034//3034 3051//3051 3008//3008
f 3034//3034 3008//3008 3052//3052
f 3034//3034 3052//3052 3009//3009
f 3034//3034 3009//3009 3053//3053
f 3034//3034 3053//3053 3010//3010
f 3034//3034 3010//3010 3054//3054
f 3034//3034 3054//3054 3011//3011
f 3034//3034 3011//3011 3055//3055
f 3034//3034 3055//3055 3012//3012
f 3034//3034 3012//3012 3056//3056
f 3034//3034 3056//3056 3013//3013
f 3034//3034 3013//3013 3057//3057
f 3034//3034 3057//3057 3014//3014
f 3034//3034 3014//3014 3058//3058
f 3034//3034 3058//3058 3015//3015
f 3034//3034 3015//3015 3016//3016
f 3034//3034 3016//3016 3017//3017
f 3034//3034 3017//3017 3018//3018
f 3034//3034 3018//3018 3019//3019
f 3034//3034 3019//3019 3020//3020
f 3034//3034 3020//3020 3021//3021
f 3034//3034 3021//3021 3022//3022
f 3034//3034 3022//3022 3023//3023
f 3034//3034 3023//3023 3059//3059
f 3034//3034 3059//3059 3024//3024
f 3034//3034 3024//3024 3060//3060
f 3034//3034 3060//3060 3025//3025
f 3034//3034 3025//3025 3061//3061
f 3034//3034 3061//3061 3026//3026
f 3034//3034 3026//3026 3062//3062
f 3034//3034 3062//3062 3027//3027
f 3034//3034 3027//3027 3063//3063
f 3034//3034 3063//3063 3028//3028
f 3034//3034 3028//3028 3064//3064
f 3034//3034 3064//3064 3029//3029
f 3034//3034 3029//3029 3065//3065
f 3034//3034 3065//3065 3030//3030
f 3034//3034 3030//3030 3066//3066
f 3034//3034 3066//3066 3031//3031
f 3034//3034 3031//3031 3032//3032
f 3032//3032 3033//3033 3034//3034
f 2844//2844 2843//2843 2906//2906
f 2844//2844 2906//2906 2905//2905
f 2844//2844 2905//2905 2904//2904
f 2844//2844 2904//2904 2903//2903
f 2844//2844 2903//2903 3067//3067
f 2844//2844 3067//3067 2902//2902
f 2844//2844 2902//2902 3068//3068
f 2844//2844 3068//3068 2901//2901
f 2844//2844 2901//2901 3069//3069
f 2844//2844 3069//3069 2900//2900
f 2844//2844 2900//2900 3070//3070
f 2844//2844 3070//3070 2899//2899
f 2844//2844 2899//2899 3071//3071
f 2844//2844 3071//3071 2898//2898
f 2844//2844 2898//2898 3072//3072
f 2844//2844 3072//3072 2897//2897
f 2844//2844 2897//2897 3073//3073
f 2844//2844 3073//3073 2896//2896
f 2844//2844 2896//2896 3074//3074
f 2844//2844 3074//3074 2895//2895
f 2844//2844 2895//2895 2894//2894
f 2844//2844 2894//2894 2893//2893
f 2844//2844 2893//2893 2892//2892
f 2844//2844 2892//2892 2891//2891
f 2844//2844 2891//2891 2890//2890
f 2844//2844 2890//2890 2889//2889
f 2844//2844 2889//2889 2888//2888
f 2844//2844 2888//2888 2887//2887
f 2844//2844 2887//2887 3075//3075
f 2844//2844 3075//3075 2886//2886
f 2844//2844 2886//2886 3076//3076
f 2844//2844 3076//3076 2885//2885
f 2844//2844 2885//2885 3077//3077
f 2844//2844 3077//3077 2884//2884
f 2844//2844 2884//2884 3078//3078
f 2844//2844 3078//3078 2883//2883
f 2844//2844 2883//2883 3079//3079
f 2844//2844 3079//3079 2882//2882
f 2844//2844 2882//2882 3080//3080
f 2844//2844 3080//3080 2881//2881
f 2844//2844 2881//2881 3081//3081
f 2844//2844 3081//3081 2880//2880
f 2844//2844 2880//2880 3082//3082
f 2844//2844 3082//3082 2879//2879
f 2844//2844 2879//2879 2878//2878
f 2844//2844 2878//2878 2877//2877
f 2844//2844 2877//2877 2876//2876
f 2844//2844 2876//2876 2875//2875
f 2844//2844 2875//2875 2874//2874
f 2844//2844 2874//2874 2873//2873
f 2844//2844 2873//2873 2872//2872
f 2844//2844 2872//2872 2871//2871
f 2844//2844 2871//2871 3083//3083
f 2844//2844 3083//3083 2870//2870
f 2844//2844 2870//2870 3084//3084
f 2844//2844 3084//3084 2869//2869
f 2844//2844 2869//2869 3085//3085
f 2844//2844 3085//3085 2868//2868
f 2844//2844 2868//2868 3086//3086
f 2844//2844 3086//3086 2867//2867
f 2844//2844 2867//2867 3087//3087
f 2844//2844 3087//3087 2866//2866
f 2844//2844 2866//2866 3088//3088
f 2844//2844 3088//3088 2865//2865
f 2844//2844 2865//2865 3089//3089
f 2844//2844 3089//3089 2864//2864
f 2844//2844 2864//2864 3090//3090
f 2844//2844 3090//3090 2863//2863
f 2844//2844 2863//2863 2862//2862
f 2844//2844 2862//2862 2861//2861
f 2844//2844 2861//2861 2860//2860
f 2844//2844 2860//2860 2859//2859
f 2844//2844 2859//2859 2858//2858
f 2844//2844 2858//2858 2857//2857
f 2844//2844 2857//2857 2856//2856
f 2844//2844 2856//2856 2855//2855
f 2844//2844 2855//2855 3091//3091
f 2844//2844 3091//3091 2854//2854
f 2844//2844 2854//2854 3092//3092
f 2844//2844 3092//3092 2853//2853
f 2844//2844 2853//2853 3093//3093
f 2844//2844 3093//3093 2852//2852
f 2844//2844 2852//2852 3094//3094
f 2844//2844 3094//3094 2851//2851
f 2844//2844 2851//2851 3095//3095
f 2844//2844 3095//3095 2850//2850
f 2844//2844 2850//2850 3096//3096
f 2844//2844 3096//3096 2849//2849
f 2844//2844 2849//2849 3097//3097
f 2844//2844 3097//3097 2848//2848
f 2844//2844 2848//2848 3098//3098
f 2844//2844 3098//3098 2847//2847
f 2844//2844 2847//2847 2846//2846
f 2846//2846 2845//2845 2844//2844
o RimRR
v 0.813 -0.935 0.335
v 0.813951 -0.935 0.356116
v 0.816923 -0.935 0.377761
v 0.822071 -0.935 0.399662
v 0.8295 -0.935 0.421502
v 0.839253 -0.935 0.442934
v 0.851306 -0.935 0.463594
v 0.865557 -0.935 0.48312
v 0.88183 -0.935 0.50117
v 0.89988 -0.935 0.517443
v 0.919406 -0.935 0.531694
v 0.940066 -0.935 0.543747
v 0.961498 -0.935 0.5535
v 0.983338 -0.935 0.560929
v 1.00524 -0.935 0.566077
v 1.02688 -0.935 0.569049
v 1.048 -0.935 0.57
v 1.06912 -0.935 0.569049
v 1.09076 -0.935 0.566077
v 1.11266 -0.935 0.560929
v 1.1345 -0.935 0.5535
v 1.15593 -0.935 0.543747
v 1.17659 -0.935 0.531694
v 1.19612 -0.935 0.517443
v 1.21417 -0.935 0.50117
v 1.23044 -0.935 0.48312
v 1.24469 -0.935 0.463594
v 1.25675 -0.935 0.442934
v 1.2665 -0.935 0.421502
v 1.27393 -0.935 0.399662
v 1.27908 -0.935 0.377761
v 1.28205 -0.935 0.356116
v 1.283 -0.935 0.335
v 1.28205 -0.935 0.313884
v 1.27908 -0.935 0.292239
v 1.27393 -0.935 0.270338
v 1.2665 -0.935 0.248498
v 1.25675 -0.935 0.227066
v 1.24469 -0.935 0.206406
v 1.23044 -0.935 0.18688
v 1.21417 -0.935 0.16883
v 1.19612 -0.935 0.152557
v 1.17659 -0.935 0.138306
v 1.15593 -0.935 0.126253
v 1.1345 -0.935 0.1165
v 1.11266 -0.935 0.109071
v 1.09076 -0.935 0.103923
v 1.06912 -0.935 0.100951
v 1.048 -0.935 0.1
v 1.02688 -0.935 0.100951
v 1.00524 -0.935 0.103923
v 0.983338 -0.935 0.109071
v 0.961498 -0.935 0.1165
v 0.940066 -0.935 0.126253
v 0.919406 -0.935 0.138306
v 0.89988 -0.935 0.152557
v 0.88183 -0.935 0.16883
v 0.865557 -0.935 0.18688
v 0.851306 -0.935 0.206406
v 0.839253 -0.935 0.227066
v 0.8295 -0.935 0.248498
v 0.822071 -0.935 0.270338
v 0.816923 -0.935 0.292239
v 0.813951 -0.935 0.313884
v 0.813 -0.895 0.335
v 0.813951 -0.895 0.356116
v 0.816923 -0.895 0.377761
v 0.822071 -0.895 0.399662
v 0.8295 -0.895 0.421502
v 0.839253 -0.895 0.442934
v 0.851306 -0.895 0.463594
v 0.865557 -0.895 0.48312
v 0.88183 -0.895 0.50117
v 0.89988 -0.895 0.517443
v 0.919406 -0.895 0.531694
v 0.940066 -0.895 0.543747
v 0.961498 -0.895 0.5535
v 0.983338 -0.895 0.560929
v 1.00524 -0.895 0.566077
v 1.02688 -0.895 0.569049
v 1.048 -0.895 0.57
v 1.06912 -0.895 0.569049
v 1.09076 -0.895 0.566077
v 1.11266 -0.895 0.560929
v 1.1345 -0.895 0.5535
v 1.15593 -0.895 0.543747
v 1.17659 -0.895 0.531694
v 1.19612 -0.895 0.517443
v 1.21417 -0.895 0.50117
v 1.23044 -0.895 0.48312
v 1.24469 -0.895 0.463594
v 1.25675 -0.895 0.442934
v 1.2665 -0.895 0.421502
v 1.27393 -0.895 0.399662
v 1.27908 -0.895 0.377761
v 1.28205 -0.895 0.356116
v 1.283 -0.895 0.335
v 1.28205 -0.895 0.313884
v 1.27908 -0.895 0.292239
v 1.27393 -0.895 0.270338
v 1.2665 -0.895 0.248498
v 1.25675 -0.895 0.227066
v 1.24469 -0.895 0.206406
v 1.23044 -0.895 0.18688
v 1.21417 -0.895 0.16883
v 1.19612 -0.895 0.152557
v 1.17659 -0.895 0.138306
v 1.15593 -0.895 0.126253
v 1.1345 -0.895 0.1165
v 1.11266 -0.895 0.109071
v 1.09076 -0.895 0.103923
v 1.06912 -0.895 0.100951
v 1.048 -0.895 0.1
v 1.02688 -0.895 0.100951
v 1.00524 -0.895 0.103923
v 0.983338 -0.895 0.109071
v 0.961498 -0.895 0.1165
v 0.940066 -0.895 0.126253
v 0.919406 -0.895 0.138306
v 0.89988 -0.895 0.152557
v 0.88183 -0.895 0.16883
v 0.865557 -0.895 0.18688
v 0.851306 -0.895 0.206406
v 0.839253 -0.895 0.227066
v 0.8295 -0.895 0.248498
v 0.822071 -0.895 0.270338
v 0.816923 -0.895 0.292239
v 0.813951 -0.895 0.313884
v 0.813 -0.855 0.335
v 0.813951 -0.855 0.356116
v 0.816923 -0.855 0.377761
v 0.822071 -0.855 0.399662
v 0.8295 -0.855 0.421502
v 0.839253 -0.855 0.442934
v 0.851306 -0.855 0.463594
v 0.865557 -0.855 0.48312
v 0.88183 -0.855 0.50117
v 0.89988 -0.855 0.517443
v 0.919406 -0.855 0.531694
v 0.940066 -0.855 0.543747
v 0.961498 -0.855 0.5535
v 0.983338 -0.855 0.560929
v 1.00524 -0.855 0.566077
v 1.02688 -0.855 0.569049
v 1.048 -0.855 0.57
v 1.06912 -0.855 0.569049
v 1.09076 -0.855 0.566077
v 1.11266 -0.855 0.560929
v 1.1345 -0.855 0.5535
v 1.15593 -0.855 0.543747
v 1.17659 -0.855 0.531694
v 1.19612 -0.855 0.517443
v 1.21417 -0.855 0.50117
v 1.23044 -0.855 0.48312
v 1.24469 -0.855 0.463594
v 1.25675 -0.855 0.442934
v 1.2665 -0.855 0.421502
v 1.27393 -0.855 0.399662
v 1.27908 -0.855 0.377761
v 1.28205 -0.855 0.356116
v 1.283 -0.855 0.335
v 1.28205 -0.855 0.313884
v 1.27908 -0.855 0.292239
v 1.27393 -0.855 0.270338
v 1.2665 -0.855 0.248498
v 1.25675 -0.855 0.227066
v 1.24469 -0.855 0.206406
v 1.23044 -0.855 0.18688
v 1.21417 -0.855 0.16883
v 1.19612 -0.855 0.152557
v 1.17659 -0.855 0.138306
v 1.15593 -0.855 0.126253
v 1.1345 -0.855 0.1165
v 1.11266 -0.855 0.109071
v 1.09076 -0.855 0.103923
v 1.06912 -0.855 0.100951
v 1.048 -0.855 0.1
v 1.02688 -0.855 0.100951
v 1.00524 -0.855 0.103923
v 0.983338 -0.855 0.109071
v 0.961498 -0.855 0.1165
v 0.940066 -0.855 0.126253
v 0.919406 -0.855 0.138306
v 0.89988 -0.855 0.152557
v 0.88183 -0.855 0.16883
v 0.865557 -0.855 0.18688
v 0.851306 -0.855 0.206406
v 0.839253 -0.855 0.227066
v 0.8295 -0.855 0.248498
v 0.822071 -0.855 0.270338
v 0.816923 -0.855 0.292239
v 0.813951 -0.855 0.313884
v 0.834086 -0.855 0.432292
v 0.844997 -0.855 0.453384
v 0.858166 -0.855 0.473521
v 0.873455 -0.855 0.49235
v 0.89065 -0.855 0.509545
v 0.909479 -0.855 0.524834
v 0.929616 -0.855 0.538003
v 0.950708 -0.855 0.548914
v 1.14529 -0.855 0.548914
v 1.16638 -0.855 0.538003
v 1.18652 -0.855 0.524834
v 1.20535 -0.855 0.509545
v 1.22255 -0.855 0.49235
v 1.23783 -0.855 0.473521
v 1.251 -0.855 0.453384
v 1.26191 -0.855 0.432292
v 1.26191 -0.855 0.237708
v 1.251 -0.855 0.216616
v 1.23783 -0.855 0.196479
v 1.22255 -0.855 0.17765
v 1.20535 -0.855 0.160455
v 1.18652 -0.855 0.145166
v 1.16638 -0.855 0.131997
v 1.14529 -0.855 0.121086
v 0.950708 -0.855 0.121086
v 0.929616 -0.855 0.131997
v 0.909479 -0.855 0.145166
v 0.89065 -0.855 0.160455
v 0.873455 -0.855 0.17765
v 0.858166 -0.855 0.196479
v 0.844997 -0.855 0.216616
v 0.834086 -0.855 0.237708
v 0.834086 -0.935 0.237708
v 0.844997 -0.935 0.216616
v 0.858166 -0.935 0.196479
v 0.873455 -0.935 0.17765
v 0.89065 -0.935 0.160455
v 0.909479 -0.935 0.145166
v 0.929616 -0.935 0.131997
v 0.950708 -0.935 0.121086
v 1.14529 -0.935 0.121086
v 1.16638 -0.935 0.131997
v 1.18652 -0.935 0.145166
v 1.20535 -0.935 0.160455
v 1.22255 -0.935 0.17765
v 1.23783 -0.935 0.196479
v 1.251 -0.935 0.216616
v 1.26191 -0.935 0.237708
v 1.26191 -0.935 0.432292
v 1.251 -0.935 0.453384
v 1.23783 -0.935 0.473521
v 1.22255 -0.935 0.49235
v 1.20535 -0.935 0.509545
v 1.18652 -0.935 0.524834
v 1.16638 -0.935 0.538003
v 1.14529 -0.935 0.548914
v 0.950708 -0.935 0.548914
v 0.929616 -0.935 0.538003
v 0.909479 -0.935 0.524834
v 0.89065 -0.935 0.509545
v 0.873455 -0.935 0.49235
v 0.858166 -0.935 0.473521
v 0.844997 -0.935 0.453384
v 0.834086 -0.935 0.432292
vn -0.894427 -0.447214 -2.98794e-16
vn -0.704246 -0.707107 0.0635367
vn -0.695302 -0.707107 0.128667
vn -0.679812 -0.707107 0.194566
vn -0.65746 -0.707107 0.260282
vn -0.628112 -0.707107 0.32477
vn -0.591845 -0.707107 0.386936
vn -0.548965 -0.707107 0.445688
vn -0.5 -0.707107 0.5
vn -0.445688 -0.707107 0.548965
vn -0.386936 -0.707107 0.591845
vn -0.32477 -0.707107 0.628112
vn -0.260282 -0.707107 0.65746
vn -0.194566 -0.707107 0.679812
vn -0.128667 -0.707107 0.695302
vn -0.0635367 -0.707107 0.704246
vn 7.92084e-17 -0.707107 0.707107
vn 0.0635367 -0.707107 0.704246
vn 0.128667 -0.707107 0.695302
vn 0.194566 -0.707107 0.679812
vn 0.260282 -0.707107 0.65746
vn 0.32477 -0.707107 0.628112
vn 0.386936 -0.707107 0.591845
vn 0.445688 -0.707107 0.548965
vn 0.5 -0.707107 0.5
vn 0.548965 -0.707107 0.445688
vn 0.591845 -0.707107 0.386936
vn 0.628112 -0.707107 0.32477
vn 0.65746 -0.707107 0.260282
vn 0.679812 -0.707107 0.194566
vn 0.695302 -0.707107 0.128667
vn 0.704246 -0.707107 0.0635367
vn 0.707107 -0.707107 9.44871e-16
vn 0.704246 -0.707107 -0.0635367
vn 0.695302 -0.707107 -0.128667
vn 0.679812 -0.707107 -0.194566
vn 0.65746 -0.707107 -0.260282
vn 0.628112 -0.707107 -0.32477
vn 0.591845 -0.707107 -0.386936
vn 0.548965 -0.707107 -0.445688
vn 0.5 -0.707107 -0.5
vn 0.445688 -0.707107 -0.548965
vn 0.386936 -0.707107 -0.591845
vn 0.32477 -0.707107 -0.628112
vn 0.260282 -0.707107 -0.65746
vn 0.194566 -0.707107 -0.679812
vn 0.128667 -0.707107 -0.695302
vn 0.0635367 -0.707107 -0.704246
vn 9.63932e-17 -0.707107 -0.707107
vn -0.0635367 -0.707107 -0.704246
vn -0.128667 -0.707107 -0.695302
vn -0.194566 -0.707107 -0.679812
vn -0.260282 -0.707107 -0.65746
vn -0.32477 -0.707107 -0.628112
vn -0.386936 -0.707107 -0.591845
vn -0.445688 -0.707107 -0.548965
vn -0.5 -0.707107 -0.5
vn -0.548965 -0.707107 -0.445688
vn -0.591845 -0.707107 -0.386936
vn -0.628112 -0.707107 -0.32477
vn -0.65746 -0.707107 -0.260282
vn -0.679812 -0.707107 -0.194566
vn -0.695302 -0.707107 -0.128667
vn -0.704246 -0.707107 -0.0635367
vn -1 0 -2.50547e-16
vn -0.995955 0 0.0898544
vn -0.983305 0 0.181963
vn -0.961399 0 0.275158
vn -0.929788 0 0.368095
vn -0.888284 0 0.459295
vn -0.836996 0 0.54721
vn -0.776353 0 0.630298
vn -0.707107 0 0.707107
vn -0.630298 0 0.776353
vn -0.54721 0 0.836996
vn -0.459295 0 0.888284
vn -0.368095 0 0.929788
vn -0.275158 0 0.961399
vn -0.181963 0 0.983305
vn -0.0898544 0 0.995955
vn 3.34062e-16 -0 1
vn 0.0898544 -0 0.995955
vn 0.181963 -0 0.983305
vn 0.275158 -0 0.961399
vn 0.368095 -0 0.929788
vn 0.459295 -0 0.888284
vn 0.54721 -0 0.836996
vn 0.630298 -0 0.776353
vn 0.707107 -0 0.707107
vn 0.776353 -0 0.630298
vn 0.836996 -0 0.54721
vn 0.888284 -0 0.459295
vn 0.929788 -0 0.368095
vn 0.961399 -0 0.275158
vn 0.983305 -0 0.181963
vn 0.995955 -0 0.0898544
vn 1 -0 1.67031e-15
vn 0.995955 0 -0.0898544
vn 0.983305 0 -0.181963
vn 0.961399 0 -0.275158
vn 0.929788 0 -0.368095
vn 0.888284 0 -0.459295
vn 0.836996 0 -0.54721
vn 0.776353 0 -0.630298
vn 0.707107 0 -0.707107
vn 0.630298 0 -0.776353
vn 0.54721 0 -0.836996
vn 0.459295 0 -0.888284
vn 0.368095 0 -0.929788
vn 0.275158 0 -0.961399
vn 0.181963 0 -0.983305
vn 0.0898544 0 -0.995955
vn 2.08789e-17 0 -1
vn -0.0898544 0 -0.995955
vn -0.181963 0 -0.983305
vn -0.275158 0 -0.961399
vn -0.368095 0 -0.929788
vn -0.459295 0 -0.888284
vn -0.54721 0 -0.836996
vn -0.630298 0 -0.776353
vn -0.707107 0 -0.707107
vn -0.776353 0 -0.630298
vn -0.836996 0 -0.54721
vn -0.888284 0 -0.459295
vn -0.929788 0 -0.368095
vn -0.961399 0 -0.275158
vn -0.983305 0 -0.181963
vn -0.995955 0 -0.0898544
vn -0.894427 0.447214 -2.98794e-16
vn -0.704246 0.707107 0.0635367
vn -0.695302 0.707107 0.128667
vn -0.679812 0.707107 0.194566
vn -0.65746 0.707107 0.260282
vn -0.628112 0.707107 0.32477
vn -0.591845 0.707107 0.386936
vn -0.548965 0.707107 0.445688
vn -0.5 0.707107 0.5
vn -0.445688 0.707107 0.548965
vn -0.386936 0.707107 0.591845
vn -0.32477 0.707107 0.628112
vn -0.260282 0.707107 0.65746
vn -0.194566 0.707107 0.679812
vn -0.128667 0.707107 0.695302
vn -0.0635367 0.707107 0.704246
vn 2.36218e-16 0.707107 0.707107
vn 0.0635367 0.707107 0.704246
vn 0.128667 0.707107 0.695302
vn 0.194566 0.707107 0.679812
vn 0.260282 0.707107 0.65746
vn 0.32477 0.707107 0.628112
vn 0.386936 0.707107 0.591845
vn 0.445688 0.707107 0.548965
vn 0.5 0.707107 0.5
vn 0.548965 0.707107 0.445688
vn 0.591845 0.707107 0.386936
vn 0.628112 0.707107 0.32477
vn 0.65746 0.707107 0.260282
vn 0.679812 0.707107 0.194566
vn 0.695302 0.707107 0.128667
vn 0.704246 0.707107 0.0635367
vn 0.707107 0.707107 9.44871e-16
vn 0.704246 0.707107 -0.0635367
vn 0.695302 0.707107 -0.128667
vn 0.679812 0.707107 -0.194566
vn 0.65746 0.707107 -0.260282
vn 0.628112 0.707107 -0.32477
vn 0.591845 0.707107 -0.386936
vn 0.548965 0.707107 -0.445688
vn 0.5 0.707107 -0.5
vn 0.445688 0.707107 -0.548965
vn 0.386936 0.707107 -0.591845
vn 0.32477 0.707107 -0.628112
vn 0.260282 0.707107 -0.65746
vn 0.194566 0.707107 -0.679812
vn 0.128667 0.707107 -0.695302
vn 0.0635367 0.707107 -0.704246
vn -3.94554e-18 0.707107 -0.707107
vn -0.0635367 0.707107 -0.704246
vn -0.128667 0.707107 -0.695302
vn -0.194566 0.707107 -0.679812
vn -0.260282 0.707107 -0.65746
vn -0.32477 0.707107 -0.628112
vn -0.386936 0.707107 -0.591845
vn -0.445688 0.707107 -0.548965
vn -0.5 0.707107 -0.5
vn -0.548965 0.707107 -0.445688
vn -0.591845 0.707107 -0.386936
vn -0.628112 0.707107 -0.32477
vn -0.65746 0.707107 -0.260282
vn -0.679812 0.707107 -0.194566
vn -0.695302 0.707107 -0.128667
vn -0.704246 0.707107 -0.0635367
vn 0 1 -0
vn 0 1 -0
vn 0 1 -0
vn 0 1 -0
vn 0 1 -0
vn 0 1 -0
vn 0 1 -0
vn 0 1 -0
vn 0 1 -0
vn 0 1 -0
vn 0 1 -0
vn 0 1 -0
vn 1.89848e-16 1 -0
vn 0 1 -0
vn 0 1 -0
vn -3.21965e-17 1 0
vn 1.60982e-17 1 -0
vn 5.55112e-17 1 -0
vn 5.55112e-17 1 -0
vn -1.02973e-16 1 0
vn -1.58484e-16 1 0
vn 8.04912e-18 1 -0
vn -1.58484e-16 1 0
vn 3.58047e-17 1 -0
vn -8.04912e-18 1 0
vn -4.02456e-18 1 0
vn 1.50435e-16 1 -0
vn 8.04912e-18 1 -0
vn -1.02973e-16 1 0
vn -6.35603e-17 1 0
vn 0 1 -0
vn 9.49241e-17 1 -0
vn -7.21645e-18 -1 0
vn 1.59317e-16 -1 0
vn 5.55112e-17 -1 0
vn -1.62925e-16 -1 0
vn -5.55112e-17 -1 0
vn -1.07414e-16 -1 0
vn 8.50708e-17 -1 0
vn -3.60822e-18 -1 0
vn 2.05391e-17 -1 0
vn 7.78544e-17 -1 0
vn -1.07414e-16 -1 0
vn 3.60822e-18 -1 0
vn -1.07414e-16 -1 0
vn 1.11022e-16 -1 0
vn -5.55112e-17 -1 0
vn 0 -1 0
vn 0 -1 0
vn 0 -1 0
vn 0 -1 0
vn 2.07612e-16 -1 0
vn 0 -1 0
vn 0 -1 0
vn 2.22045e-16 -1 0
vn 0 -1 0
vn 0 -1 0
vn 2.22045e-16 -1 0
vn 0 -1 0
vn 0 -1 0
vn 0 -1 0
vn -2.07612e-16 -1 0
vn 0 -1 0
vn 0 -1 0
g RimRR_chrome
usemtl chrome
f 3099//3099 3100//3100 3164//3164
f 3099//3099 3164//3164 3163//3163
f 3100//3100 3101//3101 3165//3165
f 3100//3100 3165//3165 3164//3164
f 3101//3101 3102//3102 3166//3166
f 3101//3101 3166//3166 3165//3165
f 3102//3102 3103//3103 3167//3167
f 3102//3102 3167//3167 3166//3166
f 3103//3103 3104//3104 3168//3168
f 3103//3103 3168//3168 3167//3167
f 3104//3104 3105//3105 3169//3169
f 3104//3104 3169//3169 3168//3168
f 3105//3105 3106//3106 3170//3170
f 3105//3105 3170//3170 3169//3169
f 3106//3106 3107//3107 3171//3171
f 3106//3106 3171//3171 3170//3170
f 3107//3107 3108//3108 3172//3172
f 3107//3107 3172//3172 3171//3171
f 3108//3108 3109//3109 3173//3173
f 3108//3108 3173//3173 3172//3172
f 3109//3109 3110//3110 3174//3174
f 3109//3109 3174//3174 3173//3173
f 3110//3110 3111//3111 3175//3175
f 3110//3110 3175//3175 3174//3174
f 3111//3111 3112//3112 3176//3176
f 3111//3111 3176//3176 3175//3175
f 3112//3112 3113//3113 3177//3177
f 3112//3112 3177//3177 3176//3176
f 3113//3113 3114//3114 3178//3178
f 3113//3113 3178//3178 3177//3177
f 3114//3114 3115//3115 3179//3179
f 3114//3114 3179//3179 3178//3178
f 3115//3115 3116//3116 3180//3180
f 3115//3115 3180//3180 3179//3179
f 3116//3116 3117//3117 3181//3181
f 3116//3116 3181//3181 3180//3180
f 3117//3117 3118//3118 3182//3182
f 3117//3117 3182//3182 3181//3181
f 3118//3118 3119//3119 3183//3183
f 3118//3118 3183//3183 3182//3182
f 3119//3119 3120//3120 3184//3184
f 3119//3119 3184//3184 3183//3183
f 3120//3120 3121//3121 3185//3185
f 3120//3120 3185//3185 3184//3184
f 3121//3121 3122//3122 3186//3186
f 3121//3121 3186//3186 3185//3185
f 3122//3122 3123//3123 3187//3187
f 3122//3122 3187//3187 3186//3186
f 3123//3123 3124//3124 3188//3188
f 3123//3123 3188//3188 3187//3187
f 3124//3124 3125//3125 3189//3189
f 3124//3124 3189//3189 3188//3188
f 3125//3125 3126//3126 3190//3190
f 3125//3125 3190//3190 3189//3189
f 3126//3126 3127//3127 3191//3191
f 3126//3126 3191//3191 3190//3190
f 3127//3127 3128//3128 3192//3192
f 3127//3127 3192//3192 3191//3191
f 3128//3128 3129//3129 3193//3193
f 3128//3128 3193//3193 3192//3192
f 3129//3129 3130//3130 3194//3194
f 3129//3129 3194//3194 3193//3193
f 3130//3130 3131//3131 3195//3195
f 3130//3130 3195//3195 3194//3194
f 3131//3131 3132//3132 3196//3196
f 3131//3131 3196//3196 3195//3195
f 3132//3132 3133//3133 3197//3197
f 3132//3132 3197//3197 3196//3196
f 3133//3133 3134//3134 3198//3198
f 3133//3133 3198//3198 3197//3197
f 3134//3134 3135//3135 3199//3199
f 3134//3134 3199//3199 3198//3198
f 3135//3135 3136//3136 3200//3200
f 3135//3135 3200//3200 3199//3199
f 3136//3136 3137//3137 3201//3201
f 3136//3136 3201//3201 3200//3200
f 3137//3137 3138//3138 3202//3202
f 3137//3137 3202//3202 3201//3201
f 3138//3138 3139//3139 3203//3203
f 3138//3138 3203//3203 3202//3202
f 3139//3139 3140//3140 3204//3204
f 3139//3139 3204//3204 3203//3203
f 3140//3140 3141//3141 3205//3205
f 3140//3140 3205//3205 3204//3204
f 3141//3141 3142//3142 3206//3206
f 3141//3141 3206//3206 3205//3205
f 3142//3142 3143//3143 3207//3207
f 3142//3142 3207//3207 3206//3206
f 3143//3143 3144//3144 3208//3208
f 3143//3143 3208//3208 3207//3207
f 3144//3144 3145//3145 3209//3209
f 3144//3144 3209//3209 3208//3208
f 3145//3145 3146//3146 3210//3210
f 3145//3145 3210//3210 3209//3209
f 3146//3146 3147//3147 3211//3211
f 3146//3146 3211//3211 3210//3210
f 3147//3147 3148//3148 3212//3212
f 3147//3147 3212//3212 3211//3211
f 3148//3148 3149//3149 3213//3213
f 3148//3148 3213//3213 3212//3212
f 3149//3149 3150//3150 3214//3214
f 3149//3149 3214//3214 3213//3213
f 3150//3150 3151//3151 3215//3215
f 3150//3150 3215//3215 3214//3214
f 3151//3151 3152//3152 3216//3216
f 3151//3151 3216//3216 3215//3215
f 3152//3152 3153//3153 3217//3217
f 3152//3152 3217//3217 3216//3216
f 3153//3153 3154//3154 3218//3218
f 3153//3153 3218//3218 3217//3217
f 3154//3154 3155//3155 3219//3219
f 3154//3154 3219//3219 3218//3218
f 3155//3155 3156//3156 3220//3220
f 3155//3155 3220//3220 3219//3219
f 3156//3156 3157//3157 3221//3221
f 3156//3156 3221//3221 3220//3220
f 3157//3157 3158//3158 3222//3222
f 3157//3157 3222//3222 3221//3221
f 3158//3158 3159//3159 3223//3223
f 3158//3158 3223//3223 3222//3222
f 3159//3159 3160//3160 3224//3224
f 3159//3159 3224//3224 3223//3223
f 3160//3160 3161//3161 3225//3225
f 3160//3160 3225//3225 3224//3224
f 3161//3161 3162//3162 3226//3226
f 3161//3161 3226//3226 3225//3225
f 3162//3162 3099//3099 3163//3163
f 3162//3162 3163//3163 3226//3226
f 3163//3163 3164//3164 3228//3228
f 3163//3163 3228//3228 3227//3227
f 3164//3164 3165//3165 3229//3229
f 3164//3164 3229//3229 3228//3228
f 3165//3165 3166//3166 3230//3230
f 3165//3165 3230//3230 3229//3229
f 3166//3166 3167//3167 3231//3231
f 3166//3166 3231//3231 3230//3230
f 3167//3167 3168//3168 3232//3232
f 3167//3167 3232//3232 3231//3231
f 3168//3168 3169//3169 3233//3233
f 3168//3168 3233//3233 3232//3232
f 3169//3169 3170//3170 3234//3234
f 3169//3169 3234//3234 3233//3233
f 3170//3170 3171//3171 3235//3235
f 3170//3170 3235//3235 3234//3234
f 3171//3171 3172//3172 3236//3236
f 3171//3171 3236//3236 3235//3235
f 3172//3172 3173//3173 3237//3237
f 3172//3172 3237//3237 3236//3236
f 3173//3173 3174//3174 3238//3238
f 3173//3173 3238//3238 3237//3237
f 3174//3174 3175//3175 3239//3239
f 3174//3174 3239//3239 3238//3238
f 3175//3175 3176//3176 3240//3240
f 3175//3175 3240//3240 3239//3239
f 3176//3176 3177//3177 3241//3241
f 3176//3176 3241//3241 3240//3240
f 3177//3177 3178//3178 3242//3242
f 3177//3177 3242//3242 3241//3241
f 3178//3178 3179//3179 3243//3243
f 3178//3178 3243//3243 3242//3242
f 3179//3179 3180//3180 3244//3244
f 3179//3179 3244//3244 3243//3243
f 3180//3180 3181//3181 3245//3245
f 3180//3180 3245//3245 3244//3244
f 3181//3181 3182//3182 3246//3246
f 3181//3181 3246//3246 3245//3245
f 3182//3182 3183//3183 3247//3247
f 3182//3182 3247//3247 3246//3246
f 3183//3183 3184//3184 3248//3248
f 3183//3183 3248//3248 3247//3247
f 3184//3184 3185//3185 3249//3249
f 3184//3184 3249//3249 3248//3248
f 3185//3185 3186//3186 3250//3250
f 3185//3185 3250//3250 3249//3249
f 3186//3186 3187//3187 3251//3251
f 3186//3186 3251//3251 3250//3250
f 3187//3187 3188//3188 3252//3252
f 3187//3187 3252//3252 3251//3251
f 3188//3188 3189//3189 3253//3253
f 3188//3188 3253//3253 3252//3252
f 3189//3189 3190//3190 3254//3254
f 3189//3189 3254//3254 3253//3253
f 3190//3190 3191//3191 3255//3255
f 3190//3190 3255//3255 3254//3254
f 3191//3191 3192//3192 3256//3256
f 3191//3191 3256//3256 3255//3255
f 3192//3192 3193//3193 3257//3257
f 3192//3192 3257//3257 3256//3256
f 3193//3193 3194//3194 3258//3258
f 3193//3193 3258//3258 3257//3257
f 3194//3194 3195//3195 3259//3259
f 3194//3194 3259//3259 3258//3258
f 3195//3195 3196//3196 3260//3260
f 3195//3195 3260//3260 3259//3259
f 3196//3196 3197//3197 3261//3261
f 3196//3196 3261//3261 3260//3260
f 3197//3197 3198//3198 3262//3262
f 3197//3197 3262//3262 3261//3261
f 3198//3198 3199//3199 3263//3263
f 3198//3198 3263//3263 3262//3262
f 3199//3199 3200//3200 3264//3264
f 3199//3199 3264//3264 3263//3263
f 3200//3200 3201//3201 3265//3265
f 3200//3200 3265//3265 3264//3264
f 3201//3201 3202//3202 3266//3266
f 3201//3201 3266//3266 3265//3265
f 3202//3202 3203//3203 3267//3267
f 3202//3202 3267//3267 3266//3266
f 3203//3203 3204//3204 3268//3268
f 3203//3203 3268//3268 3267//3267
f 3204//3204 3205//3205 3269//3269
f 3204//3204 3269//3269 3268//3268
f 3205//3205 3206//3206 3270//3270
f 3205//3205 3270//3270 3269//3269
f 3206//3206 3207//3207 3271//3271
f 3206//3206 3271//3271 3270//3270
f 3207//3207 3208//3208 3272//3272
f 3207//3207 3272//3272 3271//3271
f 3208//3208 3209//3209 3273//3273
f 3208//3208 3273//3273 3272//3272
f 3209//3209 3210//3210 3274//3274
f 3209//3209 3274//3274 3273//3273
f 3210//3210 3211//3211 3275//3275
f 3210//3210 3275//3275 3274//3274
f 3211//3211 3212//3212 3276//3276
f 3211//3211 3276//3276 3275//3275
f 3212//3212 3213//3213 3277//3277
f 3212//3212 3277//3277 3276//3276
f 3213//3213 3214//3214 3278//3278
f 3213//3213 3278//3278 3277//3277
f 3214//3214 3215//3215 3279//3279
f 3214//3214 3279//3279 3278//3278
f 3215//3215 3216//3216 3280//3280
f 3215//3215 3280//3280 3279//3279
f 3216//3216 3217//3217 3281//3281
f 3216//3216 3281//3281 3280//3280
f 3217//3217 3218//3218 3282//3282
f 3217//3217 3282//3282 3281//3281
f 3218//3218 3219//3219 3283//3283
f 3218//3218 3283//3283 3282//3282
f 3219//3219 3220//3220 3284//3284
f 3219//3219 3284//3284 3283//3283
f 3220//3220 3221//3221 3285//3285
f 3220//3220 3285//3285 3284//3284
f 3221//3221 3222//3222 3286//3286
f 3221//3221 3286//3286 3285//3285
f 3222//3222 3223//3223 3287//3287
f 3222//3222 3287//3287 3286//3286
f 3223//3223 3224//3224 3288//3288
f 3223//3223 3288//3288 3287//3287
f 3224//3224 3225//3225 3289//3289
f 3224//3224 3289//3289 3288//3288
f 3225//3225 3226//3226 3290//3290
f 3225//3225 3290//3290 3289//3289
f 3226//3226 3163//3163 3227//3227
f 3226//3226 3227//3227 3290//3290
f 3290//3290 3227//3227 3228//3228
f 3290//3290 3228//3228 3229//3229
f 3290//3290 3229//3229 3230//3230
f 3290//3290 3230//3230 3231//3231
f 3290//3290 3231//3231 3291//3291
f 3290//3290 3291//3291 3232//3232
f 3290//3290 3232//3232 3292//3292
f 3290//3290 3292//3292 3233//3233
f 3290//3290 3233//3233 3293//3293
f 3290//3290 3293//3293 3234//3234
f 3290//3290 3234//3234 3294//3294
f 3290//3290 3294//3294 3235//3235
f 3290//3290 3235//3235 3295//3295
f 3290//3290 3295//3295 3236//3236
f 3290//3290 3236//3236 3296//3296
f 3290//3290 3296//3296 3237//3237
f 3290//3290 3237//3237 3297//3297
f 3290//3290 3297//3297 3238//3238
f 3290//3290 3238//3238 3298//3298
f 3290//3290 3298//3298 3239//3239
f 3290//3290 3239//3239 3240//3240
f 3290//3290 3240//3240 3241//3241
f 3290//3290 3241//3241 3242//3242
f 3290//3290 3242//3242 3243//3243
f 3290//3290 3243//3243 3244//3244
f 3290//3290 3244//3244 3245//3245
f 3290//3290 3245//3245 3246//3246
f 3290//3290 3246//3246 3247//3247
f 3290//3290 3247//3247 3299//3299
f 3290//3290 3299//3299 3248//3248
f 3290//3290 3248//3248 3300//3300
f 3290//3290 3300//3300 3249//3249
f 3290//3290 3249//3249 3301//3301
f 3290//3290 3301//3301 3250//3250
f 3290//3290 3250//3250 3302//3302
f 3290//3290 3302//3302 3251//3251
f 3290//3290 3251//3251 3303//3303
f 3290//3290 3303//3303 3252//3252
f 3290//3290 3252//3252 3304//3304
f 3290//3290 3304//3304 3253//3253
f 3290//3290 3253//3253 3305//3305
f 3290//3290 3305//3305 3254//3254
f 3290//3290 3254//3254 3306//3306
f 3290//3290 3306//3306 3255//3255
f 3290//3290 3255//3255 3256//3256
f 3290//3290 3256//3256 3257//3257
f 3290//3290 3257//3257 3258//3258
f 3290//3290 3258//3258 3259//3259
f 3290//3290 3259//3259 3260//3260
f 3290//3290 3260//3260 3261//3261
f 3290//3290 3261//3261 3262//3262
f 3290//3290 3262//3262 3263//3263
f 3290//3290 3263//3263 3307//3307
f 3290//3290 3307//3307 3264//3264
f 3290//3290 3264//3264 3308//3308
f 3290//3290 3308//3308 3265//3265
f 3290//3290 3265//3265 3309//3309
f 3290//3290 3309//3309 3266//3266
f 3290//3290 3266//3266 3310//3310
f 3290//3290 3310//3310 3267//3267
f 3290//3290 3267//3267 3311//3311
f 3290//3290 3311//3311 3268//3268
f 3290//3290 3268//3268 3312//3312
f 3290//3290 3312//3312 3269//3269
f 3290//3290 3269//3269 3313//3313
f 3290//3290 3313//3313 3270//3270
f 3290//3290 3270//3270 3314//3314
f 3290//3290 3314//3314 3271//3271
f 3290//3290 3271//3271 3272//3272
f 3290//3290 3272//3272 3273//3273
f 3290//3290 3273//3273 3274//3274
f 3290//3290 3274//3274 3275//3275
f 3290//3290 3275//3275 3276//3276
f 3290//3290 3276//3276 3277//3277
f 3290//3290 3277//3277 3278//3278
f 3290//3290 3278//3278 3279//3279
f 3290//3290 3279//3279 3315//3315
f 3290//3290 3315//3315 3280//3280
f 3290//3290 3280//3280 3316//3316
f 3290//3290 3316//3316 3281//3281
f 3290//3290 3281//3281 3317//3317
f 3290//3290 3317//3317 3282//3282
f 3290//3290 3282//3282 3318//3318
f 3290//3290 3318//3318 3283//3283
f 3290//3290 3283//3283 3319//3319
f 3290//3290 3319//3319 3284//3284
f 3290//3290 3284//3284 3320//3320
f 3290//3290 3320//3320 3285//3285
f 3290//3290 3285//3285 3321//3321
f 3290//3290 3321//3321 3286//3286
f 3290//3290 3286//3286 3322//3322
f 3290//3290 3322//3322 3287//3287
f 3290//3290 3287//3287 3288//3288
f 3288//3288 3289//3289 3290//3290
f 3100//3100 3099//3099 3162//3162
f 3100//3100 3162//3162 3161//3161
f 3100//3100 3161//3161 3160//3160
f 3100//3100 3160//3160 3159//3159
f 3100//3100 3159//3159 3323//3323
f 3100//3100 3323//3323 3158//3158
f 3100//3100 3158//3158 3324//3324
f 3100//3100 3324//3324 3157//3157
f 3100//3100 3157//3157 3325//3325
f 3100//3100 3325//3325 3156//3156
f 3100//3100 3156//3156 3326//3326
f 3100//3100 3326//3326 3155//3155
f 3100//3100 3155//3155 3327//3327
f 3100//3100 3327//3327 3154//3154
f 3100//3100 3154//3154 3328//3328
f 3100//3100 3328//3328 3153//3153
f 3100//3100 3153//3153 3329//3329
f 3100//3100 3329//3329 3152//3152
f 3100//3100 3152//3152 3330//3330
f 3100//3100 3330//3330 3151//3151
f 3100//3100 3151//3151 3150//3150
f 3100//3100 3150//3150 3149//3149
f 3100//3100 3149//3149 3148//3148
f 3100//3100 3148//3148 3147//3147
f 3100//3100 3147//3147 3146//3146
f 3100//3100 3146//3146 3145//3145
f 3100//3100 3145//3145 3144//3144
f 3100//3100 3144//3144 3143//3143
f 3100//3100 3143//3143 3331//3331
f 3100//3100 3331//3331 3142//3142
f 3100//3100 3142//3142 3332//3332
f 3100//3100 3332//3332 3141//3141
f 3100//3100 3141//3141 3333//3333
f 3100//3100 3333//3333 3140//3140
f 3100//3100 3140//3140 3334//3334
f 3100//3100 3334//3334 3139//3139
f 3100//3100 3139//3139 3335//3335
f 3100//3100 3335//3335 3138//3138
f 3100//3100 3138//3138 3336//3336
f 3100//3100 3336//3336 3137//3137
f 3100//3100 3137//3137 3337//3337
f 3100//3100 3337//3337 3136//3136
f 3100//3100 3136//3136 3338//3338
f 3100//3100 3338//3338 3135//3135
f 3100//3100 3135//3135 3134//3134
f 3100//3100 3134//3134 3133//3133
f 3100//3100 3133//3133 3132//3132
f 3100//3100 3132//3132 3131//3131
f 3100//3100 3131//3131 3130//3130
f 3100//3100 3130//3130 3129//3129
f 3100//3100 3129//3129 3128//3128
f 3100//3100 3128//3128 3127//3127
f 3100//3100 3127//3127 3339//3339
f 3100//3100 3339//3339 3126//3126
f 3100//3100 3126//3126 3340//3340
f 3100//3100 3340//3340 3125//3125
f 3100//3100 3125//3125 3341//3341
f 3100//3100 3341//3341 3124//3124
f 3100//3100 3124//3124 3342//3342
f 3100//3100 3342//3342 3123//3123
f 3100//3100 3123//3123 3343//3343
f 3100//3100 3343//3343 3122//3122
f 3100//3100 3122//3122 3344//3344
f 3100//3100 3344//3344 3121//3121
f 3100//3100 3121//3121 3345//3345
f 3100//3100 3345//3345 3120//3120
f 3100//3100 3120//3120 3346//3346
f 3100//3100 3346//3346 3119//3119
f 3100//3100 3119//3119 3118//3118
f 3100//3100 3118//3118 3117//3117
f 3100//3100 3117//3117 3116//3116
f 3100//3100 3116//3116 3115//3115
f 3100//3100 3115//3115 3114//3114
f 3100//3100 3114//3114 3113//3113
f 3100//3100 3113//3113 3112//3112
f 3100//3100 3112//3112 3111//3111
f 3100//3100 3111//3111 3347//3347
f 3100//3100 3347//3347 3110//3110
f 3100//3100 3110//3110 3348//3348
f 3100//3100 3348//3348 3109//3109
f 3100//3100 3109//3109 3349//3349
f 3100//3100 3349//3349 3108//3108
f 3100//3100 3108//3108 3350//3350
f 3100//3100 3350//3350 3107//3107
f 3100//3100 3107//3107 3351//3351
f 3100//3100 3351//3351 3106//3106
f 3100//3100 3106//3106 3352//3352
f 3100//3100 3352//3352 3105//3105
f 3100//3100 3105//3105 3353//3353
f 3100//3100 3353//3353 3104//3104
f 3100//3100 3104//3104 3354//3354
f 3100//3100 3354//3354 3103//3103
f 3100//3100 3103//3103 3102//3102
f 3102//3102 3101//3101 3100//3100
o Lower
v 0.703587 -0.898076 0.199798
v 0.672145 -0.892286 0.193604
v 0.640885 -0.88605 0.186955
v 0.603483 -0.877932 0.17861
v 0.566265 -0.869106 0.170163
v 0.516864 -0.85617 0.159229
v 0.467643 -0.841797 0.149301
v 0.434917 -0.831363 0.143614
v 0.402261 -0.820208 0.13897
v 0.380546 -0.81236 0.1366
v 0.358889 -0.804176 0.13493
v 0.337314 -0.795653 0.134076
v 0.315856 -0.786796 0.134167
v 0.294563 -0.777619 0.135354
v 0.273506 -0.768147 0.137802
v 0.25278 -0.758422 0.141692
v 0.232513 -0.748512 0.147217
v 0.212872 -0.738515 0.154565
v 0.194065 -0.728565 0.163904
v 0.185048 -0.723658 0.169357
v 0.176331 -0.718829 0.175342
v 0.159859 -0.709468 0.188794
v 0.144674 -0.700556 0.203946
v 0.130726 -0.692125 0.220492
v 0.11793 -0.684175 0.238162
v 0.0953513 -0.669627 0.276095
v 0.0761612 -0.656716 0.31638
v 0.0675993 -0.650787 0.337134
v 0.0596118 -0.64516 0.358199
v 0.0521248 -0.639798 0.379512
v 0.0450867 -0.634679 0.401035
v 0.0364199 -0.628271 0.430045
v 0.0286065 -0.622391 0.459409
v 0.021676 -0.617093 0.489103
v 0.0156448 -0.612417 0.519096
v 0.0105141 -0.608391 0.549351
v 0.00629334 -0.605046 0.579828
v 0.00303574 -0.602443 0.610497
v 0.00143312 -0.601155 0.631026
v 0.000630968 -0.600509 0.644741
v 0.000218865 -0.600177 0.653894
v 2.04133e-11 -0.6 0.66
v -0.000119456 -0.598985 0.664027
v -0.000364159 -0.59688 0.676085
v -0.000464107 -0.59601 0.688291
v -0.000448517 -0.596146 0.700522
v -0.000207368 -0.598233 0.724888
v -6.44879e-12 -0.6 0.741091
v 0.000166147 -0.600134 0.759414
v 0.000177856 -0.600144 0.773903
v 9.92418e-05 -0.60008 0.783562
v -2.66511e-16 -0.6 0.79
v -6.43208e-05 -0.599455 0.793179
v -0.00043792 -0.596239 0.806661
v -0.000883111 -0.592295 0.82
v -0.000883111 -0.310275 0.82
v -0.000467787 -0.305392 0.807588
v -0.000145108 -0.301661 0.796593
v 7.70996e-05 -0.299122 0.785249
v 0.000178748 -0.297968 0.773685
v 0.000178089 -0.297975 0.762071
v -2.58566e-05 -0.300295 0.738962
v -0.000223125 -0.302558 0.723657
v -0.000343947 -0.303954 0.713437
v -0.000408201 -0.304699 0.706601
v -0.000452315 -0.305212 0.699742
v -0.000470021 -0.305418 0.692866
v -0.000455107 -0.305244 0.685989
v -0.0004018 -0.304624 0.679136
v -0.000305309 -0.303507 0.672347
v -0.000162398 -0.30186 0.665666
v 2.8034e-05 -0.29968 0.659141
v 0.00053777 -0.293928 0.646629
v 0.00118539 -0.286772 0.634883
v 0.00194093 -0.278611 0.623827
v 0.00278323 -0.269713 0.613367
v 0.00467276 -0.250336 0.593901
v 0.00676544 -0.229503 0.57604
v 0.00899912 -0.207611 0.55952
v 0.0113189 -0.184862 0.544217
v 0.0136705 -0.161364 0.530098
v 0.0152278 -0.145313 0.521363
v 0.0167562 -0.128964 0.513193
v 0.0182367 -0.112328 0.505617
v 0.0196488 -0.0954149 0.498665
v 0.0209714 -0.0782375 0.492374
v 0.0221823 -0.0608106 0.486785
v 0.0232588 -0.0431524 0.481943
v 0.0241782 -0.0252858 0.477895
v 0.024918 -0.00723952 0.474695
v 0.0254566 0.0109512 0.472394
v 0.0257744 0.0292433 0.471049
v 0.0258543 0.047585 0.470712
v 0.0256829 0.0659157 0.471435
v 0.0252516 0.0841655 0.473267
v 0.0245576 0.102256 0.476248
v 0.0236044 0.1201 0.480412
v 0.0224029 0.137603 0.485783
v 0.0209714 0.154668 0.492374
v 0.0193359 0.171192 0.500184
v 0.017529 0.187073 0.5092
v 0.0155917 0.202214 0.519383
v 0.0135807 0.216582 0.530615
v 0.0115505 0.230173 0.54277
v 0.00954639 0.242968 0.555764
v 0.00760969 0.254923 0.569546
v 0.00578009 0.265955 0.584092
v 0.00409794 0.275946 0.599392
v 0.0026066 0.284725 0.61544
v 0.00135453 0.292066 0.632221
v 0.000396079 0.29768 0.649682
v -0.000211199 0.301238 0.667697
v -0.000455161 0.302668 0.686
v -0.000235517 0.30138 0.722679
v 6.70171e-05 0.299607 0.747064
v 0.000165503 0.29903 0.759291
v 0.00018566 0.298912 0.771527
v 9.66124e-05 0.299434 0.783773
v -0.000129358 0.300758 0.795964
v -0.000481626 0.302823 0.808015
v -0.000883111 0.305179 0.82
v -0.000883111 0.598044 0.82
v -0.000456104 0.598997 0.807227
v -9.28119e-05 0.599797 0.794441
v 0.000120932 0.600263 0.781673
v 0.000189504 0.600412 0.768896
v 0.00013936 0.600303 0.755152
v 3.79101e-06 0.600008 0.74141
v -0.000339021 0.599256 0.713899
v -0.000456623 0.598996 0.686311
v -0.000308639 0.599323 0.672536
v 3.99978e-05 0.600087 0.658783
v 0.0014071 0.602999 0.631418
v 0.00361322 0.60744 0.604285
v 0.00658422 0.612982 0.57748
v 0.0102705 0.619273 0.550939
v 0.0196778 0.633161 0.498525
v 0.0318093 0.647966 0.446931
v 0.0388952 0.655495 0.42143
v 0.0466472 0.66302 0.396123
v 0.0521755 0.668007 0.379362
v 0.0579893 0.67296 0.362688
v 0.0705887 0.682822 0.329678
v 0.0798348 0.689425 0.308025
v 0.0898841 0.696095 0.286752
v 0.100859 0.702864 0.265971
v 0.112899 0.70976 0.245827
v 0.126157 0.716806 0.226513
v 0.140796 0.724017 0.20828
v 0.156975 0.731393 0.191458
v 0.174813 0.738913 0.176461
v 0.184368 0.742711 0.169798
v 0.194325 0.746517 0.163756
v 0.215264 0.754068 0.15355
v 0.237268 0.761433 0.145749
v 0.26001 0.768531 0.14015
v 0.283228 0.775328 0.1365
v 0.306729 0.781826 0.134532
v 0.354134 0.794045 0.134668
v 0.401571 0.805498 0.138885
v 0.425205 0.811061 0.142112
v 0.448763 0.816589 0.14591
v 0.472202 0.822132 0.15016
v 0.495562 0.82772 0.15477
v 0.542097 0.839002 0.164738
v 0.603951 0.854154 0.178716
v 0.645224 0.864226 0.187901
v 0.672817 0.870879 0.193742
v 0.691262 0.875269 0.197441
v 0.703587 0.87817 0.199798
v 0.0251317 0 0.473779
v 0.703587 0 0.199798
v -0.000771547 -0.308969 0.816679
v -0.000771547 -0.593276 0.816679
v -0.000771547 0.598292 0.816679
v -0.000771547 0.304527 0.816679
v -0.000659334 -0.307663 0.813359
v -0.000659334 -0.594257 0.813359
v -0.000659334 0.598539 0.813359
v -0.000659334 0.303875 0.813359
v -0.000548244 -0.306358 0.810042
v -0.000548244 -0.595238 0.810042
v -0.000548244 0.598787 0.810042
v -0.000548244 0.303222 0.810042
v -0.00044005 -0.3051 0.806727
v -0.00044005 -0.596219 0.806727
v -0.00044005 0.599028 0.806727
v -0.00044005 0.302603 0.806727
v -0.000336525 -0.303978 0.803416
v -0.000336525 -0.597011 0.803416
v -0.000336525 0.599235 0.803416
v -0.000336525 0.302037 0.803416
v -0.000239443 -0.302856 0.80011
v -0.000239443 -0.597799 0.80011
v -0.000239443 0.599442 0.80011
v -0.000239443 0.30147 0.80011
v -0.000150576 -0.301734 0.796808
v -0.000150576 -0.598587 0.796808
v -0.000150576 0.599649 0.796808
v -0.000150576 0.300903 0.796808
v -7.16967e-05 -0.300973 0.793513
v -7.16967e-05 -0.599375 0.793513
v -7.16967e-05 0.599831 0.793513
v -7.16967e-05 0.300493 0.793513
v 0.000161833 -0.298289 0.776896
v 0.000161833 -0.600124 0.776896
v 0.000161833 0.600319 0.776896
v 0.000161833 0.299141 0.776896
v 0.000171142 -0.29814 0.760424
v 0.000171142 -0.600135 0.760424
v 0.000171142 0.600345 0.760424
v 0.000171142 0.299019 0.760424
v 3.45782e-05 -0.299781 0.744071
v 3.45782e-05 -0.600022 0.744071
v 3.45782e-05 0.600066 0.744071
v 3.45782e-05 0.299824 0.744071
v -0.000169511 -0.301944 0.727808
v -0.000169511 -0.598552 0.727808
v -0.000169511 0.599637 0.727808
v -0.000169511 0.301006 0.727808
v -0.000362779 -0.304153 0.711609
v -0.000362779 -0.597097 0.711609
v -0.000362779 0.599235 0.711609
v -0.000362779 0.301769 0.711609
v -0.000466878 -0.30534 0.695445
v -0.000466878 -0.59609 0.695445
v -0.000466878 0.599082 0.695445
v -0.000466878 0.302336 0.695445
v -0.00040346 -0.304638 0.67929
v -0.00040346 -0.596652 0.67929
v -0.00040346 0.599163 0.67929
v -0.00040346 0.302144 0.67929
v -9.41782e-05 -0.301008 0.663116
v -9.41782e-05 -0.599215 0.663116
v -9.41782e-05 0.599847 0.663116
v -9.41782e-05 0.300332 0.663116
v 0.000474448 -0.294541 0.647964
v 0.000474448 -0.600392 0.647964
v 0.000474448 0.60124 0.647964
v 0.000474448 0.297127 0.647964
v 0.001318 -0.285223 0.632785
v 0.001318 -0.601072 0.632785
v 0.001318 0.602854 0.632785
v 0.001318 0.292248 0.632785
v 0.00242818 -0.273308 0.617593
v 0.00242818 -0.601997 0.617593
v 0.00242818 0.605262 0.617593
v 0.00242818 0.285667 0.617593
v 0.00379667 -0.258801 0.602402
v 0.00379667 -0.603129 0.602402
v 0.00379667 0.607829 0.602402
v 0.00379667 0.277593 0.602402
v 0.00541517 -0.242556 0.587226
v 0.00541517 -0.604417 0.587226
v 0.00541517 0.610965 0.587226
v 0.00541517 0.268003 0.587226
v 0.00727535 -0.224258 0.572077
v 0.00727535 -0.605894 0.572077
v 0.00727535 0.61426 0.572077
v 0.00727535 0.256844 0.572077
v 0.00936892 -0.203828 0.556971
v 0.00936892 -0.607552 0.556971
v 0.00936892 0.61784 0.556971
v 0.00936892 0.244017 0.556971
v 0.0116876 -0.181047 0.541921
v 0.0116876 -0.609377 0.541921
v 0.0116876 0.621649 0.541921
v 0.0116876 0.229224 0.541921
v 0.0134291 -0.163689 0.531492
v 0.0134291 -0.610763 0.531492
v 0.0134291 0.624404 0.531492
v 0.0134291 0.217564 0.531492
v 0.015277 -0.144775 0.521093
v 0.015277 -0.61215 0.521093
v 0.015277 0.627159 0.521093
v 0.015277 0.204404 0.521093
v 0.0172327 -0.123538 0.510721
v 0.0172327 -0.61372 0.510721
v 0.0172327 0.629914 0.510721
v 0.0172327 0.189336 0.510721
v 0.0192975 -0.0995665 0.500371
v 0.0192975 -0.615333 0.500371
v 0.0192975 0.63267 0.500371
v 0.0192975 0.171522 0.500371
v 0.0214731 -0.0709592 0.490039
v 0.0214731 -0.616946 0.490039
v 0.0214731 0.635591 0.490039
v 0.0214731 0.148625 0.490039
v 0.0237608 -0.0333552 0.479723
v 0.0237608 -0.618765 0.479723
v 0.0237608 0.638549 0.479723
v 0.0237608 0.117147 0.479723
v 0.0261621 -0.620604 0.469418
v 0.0261621 0.641506 0.469418
v 0.0286785 -0.622449 0.45912
v 0.0286785 0.644464 0.45912
v 0.0313114 -0.62451 0.448827
v 0.0313114 0.647421 0.448827
v 0.0340623 -0.626571 0.438533
v 0.0340623 0.650447 0.438533
v 0.0369327 -0.628671 0.428236
v 0.0369327 0.653487 0.428236
v 0.0399239 -0.630949 0.417932
v 0.0399239 0.656537 0.417932
v 0.0430376 -0.633227 0.407617
v 0.0430376 0.659606 0.407617
v 0.046275 -0.635572 0.397287
v 0.046275 0.662675 0.397287
v 0.0496377 -0.638034 0.386939
v 0.0496377 0.665755 0.386939
v 0.0531272 -0.640539 0.376569
v 0.0531272 0.668838 0.376569
v 0.058416 -0.644329 0.3615
v 0.058416 0.673313 0.3615
v 0.063991 -0.648297 0.346441
v 0.063991 0.677801 0.346441
v 0.0698691 -0.652402 0.331452
v 0.0698691 0.682289 0.331452
v 0.0760671 -0.656653 0.316598
v 0.0760671 0.686796 0.316598
v 0.0826018 -0.661264 0.301941
v 0.0826018 0.691314 0.301941
v 0.08949 -0.665881 0.287544
v 0.08949 0.695843 0.287544
v 0.0967487 -0.670592 0.27347
v 0.0967487 0.70039 0.27347
v 0.104394 -0.675711 0.259781
v 0.104394 0.704945 0.259781
v 0.112444 -0.68083 0.246541
v 0.112444 0.709509 0.246541
v 0.120915 -0.686082 0.233811
v 0.120915 0.714085 0.233811
v 0.129823 -0.691582 0.221656
v 0.129823 0.718665 0.221656
v 0.139186 -0.697311 0.210138
v 0.139186 0.72325 0.210138
v 0.14902 -0.703173 0.19932
v 0.14902 0.727838 0.19932
v 0.159342 -0.709175 0.189264
v 0.159342 0.732425 0.189264
v 0.170169 -0.715404 0.180034
v 0.170169 0.73701 0.180034
v 0.181518 -0.721723 0.171691
v 0.181518 0.741593 0.171691
v 0.205688 -0.734782 0.157836
v 0.205688 0.750675 0.157836
v 0.231781 -0.748148 0.147453
v 0.231781 0.759633 0.147453
v 0.259588 -0.761657 0.140235
v 0.259588 0.768402 0.140235
v 0.288912 -0.775107 0.135877
v 0.288912 0.77692 0.135877
v 0.319569 -0.788344 0.134077
v 0.319569 0.7852 0.134077
v 0.351383 -0.801231 0.134535
v 0.351383 0.793352 0.134535
v 0.384193 -0.813687 0.136953
v 0.384193 0.801352 0.136953
v 0.417849 -0.82556 0.14104
v 0.417849 0.809339 0.14104
v 0.452212 -0.836898 0.146508
v 0.452212 0.817409 0.146508
v 0.487159 -0.847527 0.153074
v 0.487159 0.825716 0.153074
v 0.522576 -0.857674 0.160457
v 0.522576 0.834289 0.160457
v 0.558362 -0.867047 0.168378
v 0.558362 0.843005 0.168378
v 0.594429 -0.87579 0.176557
v 0.594429 0.851832 0.176557
v 0.630697 -0.883842 0.184713
v 0.630697 0.860686 0.184713
v 0.667102 -0.89128 0.192559
v 0.667102 0.869502 0.192559
v 0.0261621 0 0.469418
v 0.0286785 0 0.45912
v 0.0313114 0 0.448827
v 0.0340623 0 0.438533
v 0.0369327 0 0.428236
v 0.0399239 0 0.417932
v 0.0430376 0 0.407617
v 0.046275 0 0.397287
v 0.0496377 0 0.386939
v 0.0531272 0 0.376569
v 0.058416 0 0.3615
v 0.063991 0 0.346441
v 0.0698691 0 0.331452
v 0.0760671 0 0.316598
v 0.0826018 0 0.301941
v 0.08949 0 0.287544
v 0.0967487 0 0.27347
v 0.104394 0 0.259781
v 0.112444 0 0.246541
v 0.120915 0 0.233811
v 0.129823 0 0.221656
v 0.139186 0 0.210138
v 0.14902 0 0.19932
v 0.159342 0 0.189264
v 0.170169 0 0.180034
v 0.181518 0 0.171691
v 0.205688 0 0.157836
v 0.231781 0 0.147453
v 0.259588 0 0.140235
v 0.288912 0 0.135877
v 0.319569 0 0.134077
v 0.351383 0 0.134535
v 0.384193 0 0.136953
v 0.417849 0 0.14104
v 0.452212 0 0.146508
v 0.487159 0 0.153074
v 0.522576 0 0.160457
v 0.558362 0 0.168378
v 0.594429 0 0.176557
v 0.630697 0 0.184713
v 0.667102 0 0.192559
v 1.38301 -0.938557 0.177936
v 1.38833 -0.938484 0.189861
v 1.40172 -0.938293 0.226721
v 1.41121 -0.938151 0.264772
v 1.41665 -0.938067 0.303612
v 1.41792 -0.938047 0.34281
v 1.41501 -0.938092 0.381921
v 1.40798 -0.9382 0.420505
v 1.39691 -0.938363 0.458127
v 1.38192 -0.938571 0.494367
v 1.36318 -0.938808 0.528815
v 1.34089 -0.939049 0.561086
v 1.31532 -0.939264 0.590817
v 1.28674 -0.939412 0.617675
v 1.25547 -0.939448 0.641356
v 1.22188 -0.939315 0.661596
v 1.18634 -0.938958 0.678166
v 1.14924 -0.938315 0.690879
v 1.11102 -0.937332 0.699594
v 1.07209 -0.935959 0.704215
v 1.03292 -0.934163 0.704693
v 0.993937 -0.931926 0.701029
v 0.955586 -0.929251 0.693273
v 0.918297 -0.926173 0.681521
v 0.882481 -0.922753 0.665913
v 0.848532 -0.919071 0.646629
v 0.816816 -0.915228 0.623884
v 0.787675 -0.91134 0.597928
v 0.761425 -0.907533 0.56904
v 0.738353 -0.903941 0.537531
v 0.718717 -0.900696 0.503738
v 0.702741 -0.897927 0.468028
v 0.690616 -0.895744 0.430793
v 0.682488 -0.894243 0.392454
v 0.67846 -0.893487 0.353448
v 0.678588 -0.893511 0.314227
v 0.682899 -0.894319 0.275253
v 0.686588 -0.895004 0.255999
v 0.691271 -0.895864 0.23697
v 0.696935 -0.89689 0.218216
v 0.695707 0.876318 0.221995
v 0.688733 0.87467 0.246752
v 0.683458 0.873418 0.271949
v 0.679926 0.872577 0.297466
v 0.67819 0.872163 0.323178
v 0.678263 0.872181 0.348952
v 0.680131 0.872626 0.374655
v 0.683782 0.873495 0.400154
v 0.689193 0.874779 0.425321
v 0.696335 0.876466 0.450028
v 0.705164 0.878539 0.474153
v 0.715632 0.880975 0.497578
v 0.727682 0.88375 0.520192
v 0.741247 0.88683 0.541888
v 0.756259 0.89018 0.562568
v 0.772642 0.893758 0.58214
v 0.790317 0.897516 0.600517
v 0.8092 0.901403 0.617621
v 0.829206 0.905363 0.633378
v 0.850247 0.909336 0.64772
v 0.872232 0.913261 0.660585
v 0.895065 0.917074 0.671914
v 0.918648 0.920713 0.681652
v 0.942876 0.924121 0.689752
v 0.967642 0.927242 0.696168
v 0.99283 0.930031 0.700864
v 1.01832 0.932467 0.703808
v 1.04398 0.934559 0.704978
v 1.06969 0.936321 0.704364
v 1.09531 0.937773 0.701963
v 1.12071 0.93894 0.697785
v 1.14578 0.939848 0.691847
v 1.17037 0.940525 0.684177
v 1.19438 0.940999 0.674813
v 1.21768 0.941298 0.663799
v 1.24016 0.941452 0.651189
v 1.2617 0.941486 0.637045
v 1.28221 0.941425 0.621436
v 1.30158 0.941292 0.604436
v 1.31972 0.941107 0.58613
v 1.33655 0.94089 0.566605
v 1.35197 0.940655 0.545957
v 1.36592 0.940417 0.524286
v 1.37832 0.940186 0.501696
v 1.38912 0.939973 0.478297
v 1.39827 0.939783 0.454202
v 1.40572 0.939623 0.429529
v 1.41143 0.939498 0.404398
v 1.41538 0.93941 0.378929
v 1.41755 0.939361 0.353247
v 1.41792 0.939353 0.327476
v 1.41649 0.939385 0.301743
v 1.41324 0.939458 0.276175
v 1.40823 0.939569 0.250894
v 1.4015 0.939714 0.226016
v 1.3931 0.939891 0.201653
v 1.38301 0.940095 0.177936
v 1.38301 0 0.177936
v 0.692352 -0.896074 0.233101
v 0.692352 0.875574 0.233101
v 0.684226 -0.894589 0.267678
v 0.684226 0.873631 0.267678
v 0.679496 -0.89377 0.301909
v 0.679496 0.872507 0.301909
v 0.678 -0.893498 0.335
v 0.678 0.872171 0.335
v 0.679497 -0.893776 0.368246
v 0.679497 0.872516 0.368246
v 0.684177 -0.894631 0.402326
v 0.684177 0.873606 0.402326
v 0.692282 -0.896096 0.436809
v 0.692282 0.875563 0.436809
v 0.703978 -0.898169 0.471195
v 0.703978 0.878283 0.471195
v 0.719335 -0.900809 0.504939
v 0.719335 0.88187 0.504939
v 0.738312 -0.903935 0.537468
v 0.738312 0.886193 0.537468
v 0.760749 -0.907435 0.56821
v 0.760749 0.891192 0.56821
v 0.78637 -0.91116 0.59663
v 0.78637 0.8967 0.59663
v 0.81479 -0.914968 0.622251
v 0.81479 0.90253 0.622251
v 0.845532 -0.918718 0.644688
v 0.845532 0.90846 0.644688
v 0.878061 -0.922282 0.663665
v 0.878061 0.914243 0.663665
v 0.911805 -0.925559 0.679022
v 0.911805 0.919663 0.679022
v 0.946191 -0.928477 0.690718
v 0.946191 0.924539 0.690718
v 0.980674 -0.930997 0.698823
v 0.980674 0.928682 0.698823
v 1.01475 -0.933113 0.703503
v 1.01475 0.932124 0.703503
v 1.048 -0.934857 0.705
v 1.048 0.934836 0.705
v 1.08125 -0.936285 0.703503
v 1.08125 0.936979 0.703503
v 1.11533 -0.937443 0.698823
v 1.11533 0.938694 0.698823
v 1.14981 -0.938325 0.690718
v 1.14981 0.939959 0.690718
v 1.1842 -0.93892 0.679022
v 1.1842 0.940797 0.679022
v 1.21794 -0.939275 0.663665
v 1.21794 0.9413 0.663665
v 1.25047 -0.939427 0.644688
v 1.25047 0.941468 0.644688
v 1.28121 -0.939419 0.622251
v 1.28121 0.941428 0.622251
v 1.30963 -0.939295 0.59663
v 1.30963 0.941211 0.59663
v 1.33525 -0.939099 0.56821
v 1.33525 0.940907 0.56821
v 1.35769 -0.938871 0.537468
v 1.35769 0.940561 0.537468
v 1.37667 -0.938643 0.504939
v 1.37667 0.940219 0.504939
v 1.39202 -0.938438 0.471195
v 1.39202 0.939916 0.471195
v 1.40372 -0.93827 0.436809
v 1.40372 0.93967 0.436809
v 1.41182 -0.938149 0.402326
v 1.41182 0.939491 0.402326
v 1.4165 -0.938077 0.368246
v 1.4165 0.93939 0.368246
v 1.418 -0.938051 0.335
v 1.418 0.939355 0.335
v 1.41597 -0.938083 0.296441
v 1.41597 0.9394 0.296441
v 1.40949 -0.938182 0.256453
v 1.40949 0.939544 0.256453
v 1.39834 -0.938346 0.216206
v 1.39834 0.939785 0.216206
v 0.692352 0 0.233101
v 0.684226 0 0.267678
v 0.679496 0 0.301909
v 0.678 0 0.335
v 0.679497 0 0.368246
v 0.684177 0 0.402326
v 0.692282 0 0.436809
v 0.703978 0 0.471195
v 0.719335 0 0.504939
v 0.738312 0 0.537468
v 0.760749 0 0.56821
v 0.78637 0 0.59663
v 0.81479 0 0.622251
v 0.845532 0 0.644688
v 0.878061 0 0.663665
v 0.911805 0 0.679022
v 0.946191 0 0.690718
v 0.980674 0 0.698823
v 1.01475 0 0.703503
v 1.048 0 0.705
v 1.08125 0 0.703503
v 1.11533 0 0.698823
v 1.14981 0 0.690718
v 1.1842 0 0.679022
v 1.21794 0 0.663665
v 1.25047 0 0.644688
v 1.28121 0 0.622251
v 1.30963 0 0.59663
v 1.33525 0 0.56821
v 1.35769 0 0.537468
v 1.37667 0 0.504939
v 1.39202 0 0.471195
v 1.40372 0 0.436809
v 1.41182 0 0.402326
v 1.4165 0 0.368246
v 1.418 0 0.335
v 1.41597 0 0.296441
v 1.40949 0 0.256453
v 1.39834 0 0.216206
v 3.53013 -0.93956 0.167409
v 3.48397 -0.938679 0.168138
v 3.43782 -0.937684 0.168874
v 3.33482 -0.935552 0.170557
v 3.23181 -0.93423 0.172306
v 3.12879 -0.933728 0.174135
v 3.02578 -0.933824 0.176049
v 2.92277 -0.934289 0.17796
v 2.81975 -0.934889 0.179733
v 2.76824 -0.935167 0.180524
v 2.71673 -0.935396 0.18123
v 2.61371 -0.935696 0.182318
v 2.51068 -0.935796 0.182867
v 2.40764 -0.935707 0.182748
v 2.30461 -0.935441 0.181842
v 2.20159 -0.935008 0.180036
v 2.0986 -0.934446 0.1773
v 1.99562 -0.933897 0.174051
v 1.89264 -0.933531 0.170851
v 1.78963 -0.93352 0.168291
v 1.71528 -0.933829 0.1672
v 1.64093 -0.934476 0.167044
v 1.59136 -0.935126 0.167598
v 1.54181 -0.935922 0.168785
v 1.47579 -0.937078 0.171507
v 1.43181 -0.937825 0.174145
v 1.40252 -0.938281 0.176306
v 1.45549 0.938463 0.172637
v 1.52806 0.936649 0.169238
v 1.57955 0.935434 0.16782
v 1.63107 0.934416 0.167108
v 1.6826 0.933667 0.167
v 1.73413 0.933169 0.167399
v 1.83715 0.932813 0.169353
v 1.94015 0.933104 0.172285
v 2.04312 0.933789 0.175578
v 2.09461 0.934198 0.17718
v 2.1461 0.934607 0.17866
v 2.1976 0.934984 0.179946
v 2.24911 0.9353 0.180988
v 2.30062 0.935552 0.18179
v 2.35214 0.93574 0.182366
v 2.45517 0.935936 0.182894
v 2.5582 0.935903 0.182689
v 2.66123 0.935653 0.181876
v 2.76425 0.935201 0.180582
v 2.86727 0.934591 0.178941
v 2.97028 0.934013 0.177088
v 3.06939 0.933697 0.175231
v 3.16851 0.933821 0.17342
v 3.23459 0.934245 0.172258
v 3.30067 0.93501 0.171129
v 3.34471 0.935735 0.170393
v 3.38876 0.93662 0.169669
v 3.44748 0.937909 0.168719
v 3.48663 0.938747 0.168095
v 3.51273 0.93926 0.167683
v 3.53013 0.939573 0.167409
v 3.53013 0 0.167409
v 1.43292 -0.937807 0.17407
v 1.43292 0.938973 0.17407
v 1.48254 -0.93696 0.171163
v 1.48254 0.937788 0.171163
v 1.53203 -0.936093 0.169101
v 1.53203 0.936555 0.169101
v 1.58149 -0.935284 0.167781
v 1.58149 0.935396 0.167781
v 1.63103 -0.934606 0.167108
v 1.63103 0.934417 0.167108
v 1.68071 -0.934129 0.166994
v 1.68071 0.933694 0.166994
v 1.73059 -0.933765 0.167358
v 1.73059 0.933203 0.167358
v 1.78071 -0.933557 0.16812
v 1.78071 0.933007 0.16812
v 1.8311 -0.933524 0.169205
v 1.8311 0.932833 0.169205
v 1.88176 -0.93353 0.17054
v 1.88176 0.932939 0.17054
v 1.93267 -0.933673 0.172053
v 1.93267 0.933083 0.172053
v 1.98382 -0.933855 0.173671
v 1.98382 0.933395 0.173671
v 2.03514 -0.934108 0.175323
v 2.03514 0.933736 0.175323
v 2.08659 -0.934382 0.176937
v 2.08659 0.934134 0.176937
v 2.13807 -0.934661 0.17844
v 2.13807 0.934543 0.17844
v 2.18949 -0.934942 0.179759
v 2.18949 0.934924 0.179759
v 2.24753 -0.9352 0.18096
v 2.24753 0.93529 0.18096
v 2.30536 -0.935442 0.181852
v 2.30536 0.935569 0.181852
v 2.363 -0.935591 0.182459
v 2.363 0.935761 0.182459
v 2.42047 -0.935718 0.182804
v 2.42047 0.93587 0.182804
v 2.47778 -0.935768 0.182907
v 2.47778 0.935929 0.182907
v 2.53496 -0.935772 0.182793
v 2.53496 0.93591 0.182793
v 2.59202 -0.935717 0.182483
v 2.59202 0.935821 0.182483
v 2.64898 -0.935593 0.182
v 2.64898 0.935683 0.182
v 2.70585 -0.935428 0.181367
v 2.70585 0.935457 0.181367
v 2.76266 -0.935192 0.180605
v 2.76266 0.935208 0.180605
v 2.81943 -0.934891 0.179738
v 2.81943 0.934874 0.179738
v 2.87617 -0.93456 0.178787
v 2.87617 0.934541 0.178787
v 2.93291 -0.934243 0.177776
v 2.93291 0.934222 0.177776
v 2.98965 -0.933987 0.176727
v 2.98965 0.933951 0.176727
v 3.04642 -0.933805 0.175662
v 3.04642 0.93377 0.175662
v 3.10324 -0.933752 0.174603
v 3.10324 0.933739 0.174603
v 3.12982 -0.933733 0.174117
v 3.12982 0.933772 0.174117
v 3.15639 -0.933862 0.173637
v 3.15639 0.933805 0.173637
v 3.18292 -0.933991 0.173163
v 3.18292 0.933913 0.173163
v 3.20938 -0.93412 0.172697
v 3.20938 0.934083 0.172697
v 3.23578 -0.934281 0.172237
v 3.23578 0.934259 0.172237
v 3.26212 -0.934618 0.171784
v 3.26212 0.934563 0.171784
v 3.2884 -0.934956 0.171336
v 3.2884 0.934868 0.171336
v 3.31467 -0.935294 0.170894
v 3.31467 0.93524 0.170894
v 3.34094 -0.93568 0.170456
v 3.34094 0.935673 0.170456
v 3.36726 -0.936229 0.170021
v 3.36726 0.936189 0.170021
v 3.39368 -0.936777 0.169588
v 3.39368 0.936729 0.169588
v 3.42028 -0.937325 0.169157
v 3.42028 0.937315 0.169157
v 3.44712 -0.937887 0.168725
v 3.44712 0.937901 0.168725
v 3.4743 -0.938473 0.168291
v 3.4743 0.938485 0.168291
v 3.50193 -0.939026 0.167853
v 3.50193 0.939049 0.167853
v 1.43292 0 0.17407
v 1.48254 0 0.171163
v 1.53203 0 0.169101
v 1.58149 0 0.167781
v 1.63103 0 0.167108
v 1.68071 0 0.166994
v 1.73059 0 0.167358
v 1.78071 0 0.16812
v 1.8311 0 0.169205
v 1.88176 0 0.17054
v 1.93267 0 0.172053
v 1.98382 0 0.173671
v 2.03514 0 0.175323
v 2.08659 0 0.176937
v 2.13807 0 0.17844
v 2.18949 0 0.179759
v 2.24753 0 0.18096
v 2.30536 0 0.181852
v 2.363 0 0.182459
v 2.42047 0 0.182804
v 2.47778 0 0.182907
v 2.53496 0 0.182793
v 2.59202 0 0.182483
v 2.64898 0 0.182
v 2.70585 0 0.181367
v 2.76266 0 0.180605
v 2.81943 0 0.179738
v 2.87617 0 0.178787
v 2.93291 0 0.177776
v 2.98965 0 0.176727
v 3.04642 0 0.175662
v 3.10324 0 0.174603
v 3.12982 0 0.174117
v 3.15639 0 0.173637
v 3.18292 0 0.173163
v 3.20938 0 0.172697
v 3.23578 0 0.172237
v 3.26212 0 0.171784
v 3.2884 0 0.171336
v 3.31467 0 0.170894
v 3.34094 0 0.170456
v 3.36726 0 0.170021
v 3.39368 0 0.169588
v 3.42028 0 0.169157
v 3.44712 0 0.168725
v 3.4743 0 0.168291
v 3.50193 0 0.167853
v 4.1845 -0.878355 0.157228
v 4.18737 -0.877551 0.162591
v 4.19845 -0.874393 0.185646
v 4.20793 -0.87162 0.209452
v 4.21579 -0.869269 0.233884
v 4.22199 -0.867383 0.258831
v 4.22645 -0.866005 0.284179
v 4.22913 -0.865171 0.309801
v 4.23 -0.8649 0.33556
v 4.22906 -0.865193 0.361316
v 4.22634 -0.866041 0.386932
v 4.22184 -0.867428 0.412273
v 4.2156 -0.869326 0.437209
v 4.20766 -0.8717 0.461613
v 4.19807 -0.874505 0.485369
v 4.18687 -0.877691 0.508364
v 4.17414 -0.881202 0.530495
v 4.15993 -0.884977 0.551663
v 4.14432 -0.888955 0.571779
v 4.12737 -0.893074 0.590757
v 4.10917 -0.897269 0.608518
v 4.0898 -0.901481 0.624985
v 4.06934 -0.90565 0.640087
v 4.04787 -0.909721 0.653755
v 4.02549 -0.913642 0.665926
v 4.00231 -0.917369 0.676539
v 3.97841 -0.920863 0.685541
v 3.95392 -0.92409 0.692882
v 3.92894 -0.927026 0.698521
v 3.9036 -0.929654 0.702422
v 3.87802 -0.931966 0.704561
v 3.85232 -0.933958 0.70492
v 3.82665 -0.935642 0.703494
v 3.80111 -0.937034 0.700284
v 3.77585 -0.938153 0.695303
v 3.75098 -0.939025 0.688575
v 3.72664 -0.939675 0.680131
v 3.70294 -0.940131 0.670012
v 3.68 -0.940421 0.658266
v 3.65794 -0.940571 0.644951
v 3.63685 -0.940608 0.630133
v 3.61684 -0.940556 0.613882
v 3.59802 -0.940438 0.596278
v 3.58047 -0.940273 0.577407
v 3.56427 -0.940079 0.55736
v 3.54951 -0.939872 0.536234
v 3.53625 -0.939663 0.514132
v 3.52457 -0.939463 0.49116
v 3.51451 -0.939281 0.467431
v 3.50613 -0.939123 0.443059
v 3.49947 -0.938993 0.418162
v 3.49455 -0.938895 0.392862
v 3.49141 -0.938832 0.367281
v 3.49006 -0.938804 0.341544
v 3.4905 -0.938813 0.315774
v 3.49276 -0.938859 0.2901
v 3.49682 -0.93894 0.264648
v 3.50263 -0.939055 0.239539
v 3.51013 -0.939199 0.214884
v 3.5193 -0.939369 0.190797
v 3.52406 0.939467 0.179979
v 3.51847 0.939366 0.192776
v 3.50666 0.939145 0.22556
v 3.49791 0.938974 0.259292
v 3.49234 0.938863 0.293695
v 3.49006 0.938817 0.328472
v 3.49108 0.938838 0.363307
v 3.49538 0.938924 0.397891
v 3.50292 0.939073 0.431918
v 3.51362 0.939277 0.465084
v 3.5274 0.939525 0.497095
v 3.54412 0.939802 0.527669
v 3.56365 0.940083 0.556533
v 3.58581 0.94034 0.583432
v 3.6104 0.940534 0.608127
v 3.6372 0.940618 0.6304
v 3.66598 0.940539 0.650052
v 3.69649 0.940235 0.666908
v 3.72843 0.93964 0.680819
v 3.76154 0.938686 0.69166
v 3.79551 0.937306 0.699336
v 3.83003 0.935439 0.703784
v 3.86477 0.933034 0.704969
v 3.89944 0.930054 0.702892
v 3.9337 0.926493 0.697587
v 3.96725 0.922376 0.689115
v 3.9998 0.91775 0.677571
v 4.03109 0.912691 0.663069
v 4.06084 0.907297 0.645746
v 4.08883 0.901685 0.625754
v 4.11483 0.89599 0.60326
v 4.13863 0.890359 0.578441
v 4.16005 0.884944 0.55149
v 4.1789 0.879901 0.522616
v 4.19502 0.875382 0.492046
v 4.20824 0.87153 0.460029
v 4.21842 0.868472 0.426838
v 4.22546 0.866312 0.392772
v 4.22928 0.865126 0.358147
v 4.22981 0.864958 0.323297
v 4.22704 0.865822 0.288563
v 4.22099 0.867687 0.254289
v 4.21181 0.870467 0.220786
v 4.19962 0.874056 0.188333
v 4.19243 0.876122 0.172591
v 4.1845 0.878355 0.157228
v 4.1845 0 0.157228
v 3.51257 -0.939247 0.207986
v 3.51257 0.939263 0.207986
v 3.49976 -0.939003 0.250964
v 3.49976 0.939017 0.250964
v 3.49233 -0.938853 0.293766
v 3.49233 0.938863 0.293766
v 3.49 -0.938807 0.335
v 3.49 0.938821 0.335
v 3.4915 -0.938834 0.368246
v 3.4915 0.93885 0.368246
v 3.49618 -0.938932 0.402326
v 3.49618 0.938944 0.402326
v 3.50428 -0.93909 0.436809
v 3.50428 0.939103 0.436809
v 3.51598 -0.93931 0.471195
v 3.51598 0.939324 0.471195
v 3.53133 -0.939582 0.504939
v 3.53133 0.939595 0.504939
v 3.55031 -0.939883 0.537468
v 3.55031 0.939896 0.537468
v 3.57275 -0.940183 0.56821
v 3.57275 0.940192 0.56821
v 3.59837 -0.94044 0.59663
v 3.59837 0.940441 0.59663
v 3.62679 -0.940582 0.622251
v 3.62679 0.940586 0.622251
v 3.65753 -0.940572 0.644688
v 3.65753 0.940562 0.644688
v 3.69006 -0.940293 0.663665
v 3.69006 0.940298 0.663665
v 3.7238 -0.939729 0.679022
v 3.7238 0.939725 0.679022
v 3.75819 -0.938772 0.690718
v 3.75819 0.938782 0.690718
v 3.79267 -0.937408 0.698823
v 3.79267 0.937422 0.698823
v 3.82675 -0.935635 0.703503
v 3.82675 0.935618 0.703503
v 3.86 -0.933361 0.705
v 3.86 0.933368 0.705
v 3.89325 -0.930584 0.703503
v 3.89325 0.930579 0.703503
v 3.92733 -0.927192 0.698823
v 3.92733 0.927151 0.698823
v 3.96181 -0.923051 0.690718
v 3.96181 0.923043 0.690718
v 3.9962 -0.918266 0.679022
v 3.9962 0.918266 0.679022
v 4.02994 -0.912871 0.663665
v 4.02994 0.912879 0.663665
v 4.06247 -0.906969 0.644688
v 4.06247 0.906979 0.644688
v 4.09321 -0.900756 0.622251
v 4.09321 0.900754 0.622251
v 4.12163 -0.894429 0.59663
v 4.12163 0.894436 0.59663
v 4.14725 -0.888235 0.56821
v 4.14725 0.888259 0.56821
v 4.16969 -0.882429 0.537468
v 4.16969 0.882463 0.537468
v 4.18867 -0.877212 0.504939
v 4.18867 0.877269 0.504939
v 4.20402 -0.872827 0.471195
v 4.20402 0.872865 0.471195
v 4.21572 -0.869296 0.436809
v 4.21572 0.869389 0.436809
v 4.22382 -0.866885 0.402326
v 4.22382 0.86692 0.402326
v 4.2285 -0.865424 0.368246
v 4.2285 0.865475 0.368246
v 4.23 -0.864906 0.335
v 4.23 0.865015 0.335
v 4.22736 -0.86578 0.291146
v 4.22736 0.865759 0.291146
v 4.21893 -0.868384 0.245593
v 4.21893 0.868408 0.245593
v 4.20438 -0.872712 0.199976
v 4.20438 0.872751 0.199976
v 3.51257 0 0.207986
v 3.49976 0 0.250964
v 3.49233 0 0.293766
v 3.49 0 0.335
v 3.4915 0 0.368246
v 3.49618 0 0.402326
v 3.50428 0 0.436809
v 3.51598 0 0.471195
v 3.53133 0 0.504939
v 3.55031 0 0.537468
v 3.57275 0 0.56821
v 3.59837 0 0.59663
v 3.62679 0 0.622251
v 3.65753 0 0.644688
v 3.69006 0 0.663665
v 3.7238 0 0.679022
v 3.75819 0 0.690718
v 3.79267 0 0.698823
v 3.82675 0 0.703503
v 3.86 0 0.705
v 3.89325 0 0.703503
v 3.92733 0 0.698823
v 3.96181 0 0.690718
v 3.9962 0 0.679022
v 4.02994 0 0.663665
v 4.06247 0 0.644688
v 4.09321 0 0.622251
v 4.12163 0 0.59663
v 4.14725 0 0.56821
v 4.16969 0 0.537468
v 4.18867 0 0.504939
v 4.20402 0 0.471195
v 4.21572 0 0.436809
v 4.22382 0 0.402326
v 4.2285 0 0.368246
v 4.23 0 0.335
v 4.22736 0 0.291146
v 4.21893 0 0.245593
v 4.20438 0 0.199976
v 4.639 -0.578095 0.149
v 4.63302 -0.593042 0.149121
v 4.62624 -0.607895 0.149258
v 4.61869 -0.622374 0.14941
v 4.61035 -0.636415 0.149577
v 4.60121 -0.649952 0.149759
v 4.59134 -0.662954 0.149955
v 4.5808 -0.675422 0.150162
v 4.55801 -0.698768 0.150607
v 4.53333 -0.720102 0.151083
v 4.50719 -0.739596 0.15158
v 4.45165 -0.77389 0.152614
v 4.42276 -0.789035 0.15314
v 4.39332 -0.803081 0.153669
v 4.36345 -0.816178 0.154197
v 4.33325 -0.828471 0.154724
v 4.30279 -0.840084 0.155249
v 4.27208 -0.851053 0.155771
v 4.2308 -0.86465 0.156464
v 4.20307 -0.873052 0.156923
v 4.21413 0.869769 0.15674
v 4.24359 0.860578 0.15625
v 4.27659 0.849488 0.155695
v 4.30934 0.837649 0.155137
v 4.33101 0.829351 0.154763
v 4.35255 0.820715 0.154388
v 4.39514 0.802246 0.153636
v 4.42305 0.788888 0.153135
v 4.45047 0.774539 0.152635
v 4.47727 0.759058 0.152141
v 4.49471 0.748035 0.151815
v 4.51174 0.736391 0.151494
v 4.52829 0.724078 0.151179
v 4.54429 0.711044 0.150873
v 4.55963 0.697243 0.150576
v 4.5742 0.682634 0.150292
v 4.58789 0.667186 0.150023
v 4.60054 0.650883 0.149772
v 4.61203 0.633733 0.149543
v 4.62225 0.615796 0.149339
v 4.63121 0.597207 0.149158
v 4.639 0.578095 0.149
v 4.639 0 0.149
v 4.41391 -0.793257 0.1533
v 4.41391 0.793264 0.1533
v 4.41391 0 0.1533
v 3.47773 -0.938549 0.82
v 3.50601 -0.93912 0.811966
v 3.53436 -0.939631 0.804192
v 3.56278 -0.940059 0.796622
v 3.59124 -0.94038 0.789243
v 3.64462 -0.940606 0.775932
v 3.69816 -0.940204 0.763228
v 3.75181 -0.938999 0.75108
v 3.80555 -0.936811 0.739432
v 3.84139 -0.934712 0.731916
v 3.87723 -0.932032 0.724579
v 3.91305 -0.928715 0.717403
v 3.94882 -0.924717 0.710356
v 3.98452 -0.920002 0.703315
v 4.02008 -0.914543 0.696127
v 4.05545 -0.908318 0.68864
v 4.09058 -0.901317 0.680702
v 4.12541 -0.893538 0.672153
v 4.15986 -0.884995 0.662824
v 4.19386 -0.875714 0.652527
v 4.22728 -0.865748 0.641064
v 4.26001 -0.855165 0.628202
v 4.29193 -0.844047 0.613854
v 4.31282 -0.83634 0.603758
v 4.33354 -0.828359 0.59351
v 4.36104 -0.817192 0.580029
v 4.38856 -0.805237 0.567265
v 4.41617 -0.792289 0.555698
v 4.44381 -0.778152 0.545695
v 4.47131 -0.762644 0.537479
v 4.48492 -0.754324 0.534066
v 4.49839 -0.745598 0.531112
v 4.51165 -0.736453 0.52857
v 4.52466 -0.726876 0.526287
v 4.54966 -0.706372 0.521953
v 4.57293 -0.68398 0.517265
v 4.59396 -0.659647 0.511675
v 4.60347 -0.646765 0.508444
v 4.61222 -0.633432 0.504915
v 4.62735 -0.605606 0.497006
v 4.63378 -0.591254 0.492645
v 4.63952 -0.576692 0.48802
v 4.64461 -0.56198 0.483141
v 4.64911 -0.547145 0.478055
v 4.65653 -0.517156 0.467601
v 4.66637 -0.455796 0.447595
v 4.66937 -0.424381 0.439111
v 4.6714 -0.392505 0.432248
v 4.67269 -0.360272 0.42723
v 4.67347 -0.327795 0.423893
v 4.67388 -0.295216 0.421981
v 4.67399 -0.262586 0.421458
v 4.67352 -0.197421 0.423682
v 4.67251 -0.132337 0.427991
v 4.6718 -0.0889495 0.430779
v 4.67124 -0.0455304 0.432839
v 4.671 -0.00203917 0.433689
v 4.6712 0.0414561 0.432978
v 4.67173 0.0848791 0.431011
v 4.67244 0.12826 0.42827
v 4.67336 0.186076 0.424362
v 4.67381 0.22466 0.422336
v 4.67399 0.263294 0.421456
v 4.67383 0.301934 0.422259
v 4.67321 0.34048 0.425022
v 4.67203 0.378813 0.429885
v 4.66994 0.416702 0.437287
v 4.66658 0.453954 0.447056
v 4.66156 0.490525 0.458523
v 4.65444 0.526468 0.470845
v 4.64992 0.544223 0.47704
v 4.64466 0.561822 0.483087
v 4.63856 0.579261 0.488851
v 4.63154 0.596468 0.494251
v 4.62351 0.61336 0.499283
v 4.61441 0.629814 0.503927
v 4.60419 0.645717 0.508173
v 4.59291 0.660989 0.512
v 4.56755 0.689507 0.518451
v 4.55371 0.702737 0.521207
v 4.53923 0.715301 0.523795
v 4.52421 0.727213 0.526363
v 4.50875 0.738502 0.529102
v 4.50088 0.743921 0.530609
v 4.49294 0.74919 0.532256
v 4.47688 0.759293 0.536028
v 4.46066 0.768842 0.540451
v 4.44433 0.777875 0.545525
v 4.4115 0.794554 0.557549
v 4.37873 0.809608 0.571706
v 4.34613 0.823332 0.587285
v 4.31343 0.836109 0.603458
v 4.29692 0.842235 0.611477
v 4.28025 0.848205 0.619286
v 4.26339 0.854023 0.626762
v 4.2463 0.859698 0.633812
v 4.22899 0.865215 0.640435
v 4.21149 0.870562 0.646667
v 4.17594 0.880711 0.658105
v 4.10318 0.898599 0.677697
v 4.02895 0.913057 0.694288
v 3.9915 0.918991 0.701923
v 3.95388 0.924093 0.709362
v 3.91617 0.928394 0.716784
v 3.8784 0.931934 0.724341
v 3.84063 0.934764 0.732073
v 3.80286 0.93695 0.740004
v 3.72738 0.939665 0.756544
v 3.65211 0.940601 0.774118
v 3.61458 0.940556 0.783341
v 3.57713 0.940248 0.792877
v 3.55221 0.939924 0.799413
v 3.52733 0.939524 0.806098
v 3.5025 0.939065 0.812946
v 3.47773 0.938562 0.82
v 4.67101 0 0.433656
v 3.47773 0 0.82
v 4.67397 -0.258578 0.421595
v 4.67397 -0.271133 0.421595
v 4.67397 0.269985 0.421595
v 4.67397 0.257196 0.421595
v 4.6728 -0.15023 0.426809
v 4.6728 -0.356161 0.426809
v 4.6728 0.354535 0.426809
v 4.6728 0.149914 0.426809
v 4.67147 -0.0635529 0.431985
v 4.67147 -0.390811 0.431985
v 4.67147 0.389507 0.431985
v 4.67147 0.0633953 0.431985
v 4.66999 -0.415036 0.437111
v 4.66999 0.415793 0.437111
v 4.66835 -0.435606 0.44217
v 4.66835 0.435176 0.44217
v 4.66654 -0.454117 0.447148
v 4.66654 0.45424 0.447148
v 4.66456 -0.468825 0.452031
v 4.66456 0.469571 0.452031
v 4.6624 -0.483154 0.456803
v 4.6624 0.484902 0.456803
v 4.66005 -0.497482 0.461451
v 4.66005 0.498776 0.461451
v 4.65752 -0.511811 0.465958
v 4.65752 0.511806 0.465958
v 4.65479 -0.524634 0.470312
v 4.65479 0.524836 0.470312
v 4.65187 -0.53656 0.474495
v 4.65187 0.536784 0.474495
v 4.64874 -0.548388 0.478495
v 4.64874 0.548324 0.478495
v 4.64541 -0.559438 0.482296
v 4.64541 0.55943 0.482296
v 4.64186 -0.570086 0.485883
v 4.64186 0.570048 0.485883
v 4.63535 -0.587392 0.491462
v 4.63535 0.587327 0.491462
v 4.62825 -0.603636 0.496435
v 4.62825 0.603533 0.496435
v 4.62064 -0.618338 0.500853
v 4.62064 0.618671 0.500853
v 4.61255 -0.632853 0.504768
v 4.61255 0.632781 0.504768
v 4.60404 -0.645913 0.508232
v 4.60404 0.645933 0.508232
v 4.59516 -0.658046 0.511296
v 4.59516 0.657995 0.511296
v 4.58597 -0.669069 0.514011
v 4.58597 0.668991 0.514011
v 4.57651 -0.679931 0.516429
v 4.57651 0.679636 0.516429
v 4.56684 -0.689909 0.518602
v 4.56684 0.69019 0.518602
v 4.55702 -0.699363 0.520581
v 4.55702 0.699598 0.520581
v 4.54708 -0.708489 0.522417
v 4.54708 0.708498 0.522417
v 4.5371 -0.716675 0.524162
v 4.5371 0.716991 0.524162
v 4.52711 -0.724861 0.525867
v 4.52711 0.724911 0.525867
v 4.51717 -0.732372 0.527585
v 4.51717 0.732331 0.527585
v 4.50734 -0.739403 0.529365
v 4.50734 0.73947 0.529365
v 4.49766 -0.746062 0.53126
v 4.49766 0.746047 0.53126
v 4.48008 -0.757255 0.53523
v 4.48008 0.757254 0.53523
v 4.46316 -0.767143 0.539729
v 4.46316 0.767347 0.539729
v 4.44685 -0.776395 0.544702
v 4.44685 0.776461 0.544702
v 4.43107 -0.784574 0.550096
v 4.43107 0.784484 0.550096
v 4.41576 -0.792475 0.555857
v 4.41576 0.79233 0.555857
v 4.40087 -0.799394 0.561931
v 4.40087 0.799355 0.561931
v 4.38632 -0.806196 0.568264
v 4.38632 0.806057 0.568264
v 4.37206 -0.812364 0.574802
v 4.37206 0.812384 0.574802
v 4.35801 -0.818415 0.581492
v 4.35801 0.818289 0.581492
v 4.34411 -0.824046 0.588279
v 4.34411 0.824118 0.588279
v 4.33031 -0.829601 0.595109
v 4.33031 0.829507 0.595109
v 4.31654 -0.83491 0.60193
v 4.31654 0.834896 0.60193
v 4.30272 -0.840075 0.608685
v 4.30272 0.840089 0.608685
v 4.28881 -0.845149 0.615323
v 4.28881 0.845152 0.615323
v 4.27473 -0.850087 0.621788
v 4.27473 0.850124 0.621788
v 4.26042 -0.855024 0.628027
v 4.26042 0.85502 0.628027
v 4.24117 -0.861309 0.635826
v 4.24117 0.861345 0.635826
v 4.22145 -0.86751 0.643172
v 4.22145 0.86753 0.643172
v 4.20131 -0.87352 0.650098
v 4.20131 0.873501 0.650098
v 4.18078 -0.879314 0.656634
v 4.18078 0.879348 0.656634
v 4.1599 -0.884984 0.662812
v 4.1599 0.884725 0.662812
v 4.13871 -0.890259 0.668665
v 4.13871 0.88996 0.668665
v 4.11726 -0.895369 0.674224
v 4.11726 0.895195 0.674224
v 4.09558 -0.900208 0.679521
v 4.09558 0.900096 0.679521
v 4.07371 -0.904689 0.684588
v 4.07371 0.904377 0.684588
v 4.05169 -0.908982 0.689457
v 4.05169 0.908657 0.689457
v 4.02956 -0.912877 0.694159
v 4.02956 0.912938 0.694159
v 4.00737 -0.916495 0.698726
v 4.00737 0.916478 0.698726
v 3.98514 -0.919907 0.703191
v 3.98514 0.919852 0.703191
v 3.96293 -0.922852 0.707584
v 3.96293 0.922865 0.707584
v 3.94077 -0.925615 0.711938
v 3.94077 0.925585 0.711938
v 3.9187 -0.928081 0.716284
v 3.9187 0.928104 0.716284
v 3.86889 -0.932654 0.726272
v 3.86889 0.932645 0.726272
v 3.81964 -0.935984 0.736453
v 3.81964 0.935976 0.736453
v 3.77087 -0.938221 0.746894
v 3.77087 0.938097 0.746894
v 3.72244 -0.939658 0.757661
v 3.72244 0.939726 0.757661
v 3.67427 -0.940383 0.768822
v 3.67427 0.940325 0.768822
v 3.62623 -0.940528 0.780443
v 3.62623 0.94057 0.780443
v 3.57823 -0.940233 0.792591
v 3.57823 0.940257 0.792591
v 3.53015 -0.939555 0.805332
v 3.53015 0.93957 0.805332
v 3.52688 -0.939496 0.806222
v 3.52688 0.939516 0.806222
v 3.5236 -0.939437 0.807114
v 3.5236 0.939455 0.807114
v 3.52033 -0.939378 0.80801
v 3.52033 0.939395 0.80801
v 3.51705 -0.939319 0.80891
v 3.51705 0.939334 0.80891
v 3.51378 -0.93926 0.809812
v 3.51378 0.939273 0.809812
v 3.5105 -0.939201 0.810719
v 3.5105 0.939213 0.810719
v 3.50722 -0.939142 0.811628
v 3.50722 0.939152 0.811628
v 3.50395 -0.939079 0.812542
v 3.50395 0.939092 0.812542
v 3.50067 -0.939012 0.81346
v 3.50067 0.939028 0.81346
v 3.49739 -0.938946 0.814381
v 3.49739 0.938961 0.814381
v 3.49411 -0.93888 0.815307
v 3.49411 0.938894 0.815307
v 3.49084 -0.938814 0.816237
v 3.49084 0.938828 0.816237
v 3.48756 -0.938748 0.817171
v 3.48756 0.938761 0.817171
v 3.48428 -0.938682 0.818109
v 3.48428 0.938695 0.818109
v 3.48101 -0.938616 0.819052
v 3.48101 0.938628 0.819052
v 4.66999 0 0.437111
v 4.66835 0 0.44217
v 4.66654 0 0.447148
v 4.66456 0 0.452031
v 4.6624 0 0.456803
v 4.66005 0 0.461451
v 4.65752 0 0.465958
v 4.65479 0 0.470312
v 4.65187 0 0.474495
v 4.64874 0 0.478495
v 4.64541 0 0.482296
v 4.64186 0 0.485883
v 4.63535 0 0.491462
v 4.62825 0 0.496435
v 4.62064 0 0.500853
v 4.61255 0 0.504768
v 4.60404 0 0.508232
v 4.59516 0 0.511296
v 4.58597 0 0.514011
v 4.57651 0 0.516429
v 4.56684 0 0.518602
v 4.55702 0 0.520581
v 4.54708 0 0.522417
v 4.5371 0 0.524162
v 4.52711 0 0.525867
v 4.51717 0 0.527585
v 4.50734 0 0.529365
v 4.49766 0 0.53126
v 4.48008 0 0.53523
v 4.46316 0 0.539729
v 4.44685 0 0.544702
v 4.43107 0 0.550096
v 4.41576 0 0.555857
v 4.40087 0 0.561931
v 4.38632 0 0.568264
v 4.37206 0 0.574802
v 4.35801 0 0.581492
v 4.34411 0 0.588279
v 4.33031 0 0.595109
v 4.31654 0 0.60193
v 4.30272 0 0.608685
v 4.28881 0 0.615323
v 4.27473 0 0.621788
v 4.26042 0 0.628027
v 4.24117 0 0.635826
v 4.22145 0 0.643172
v 4.20131 0 0.650098
v 4.18078 0 0.656634
v 4.1599 0 0.662812
v 4.13871 0 0.668665
v 4.11726 0 0.674224
v 4.09558 0 0.679521
v 4.07371 0 0.684588
v 4.05169 0 0.689457
v 4.02956 0 0.694159
v 4.00737 0 0.698726
v 3.98514 0 0.703191
v 3.96293 0 0.707584
v 3.94077 0 0.711938
v 3.9187 0 0.716284
v 3.86889 0 0.726272
v 3.81964 0 0.736453
v 3.77087 0 0.746894
v 3.72244 0 0.757661
v 3.67427 0 0.768822
v 3.62623 0 0.780443
v 3.57823 0 0.792591
v 3.53015 0 0.805332
v 3.52688 0 0.806222
v 3.5236 0 0.807114
v 3.52033 0 0.80801
v 3.51705 0 0.80891
v 3.51378 0 0.809812
v 3.5105 0 0.810719
v 3.50722 0 0.811628
v 3.50395 0 0.812542
v 3.50067 0 0.81346
v 3.49739 0 0.814381
v 3.49411 0 0.815307
v 3.49084 0 0.816237
v 3.48756 0 0.817171
v 3.48428 0 0.818109
v 3.48101 0 0.819052
v 4.64103 0.572538 0.152132
v 4.6517 0.537586 0.171345
v 4.65961 0.501669 0.190093
v 4.66528 0.464866 0.207905
v 4.66915 0.427076 0.224072
v 4.67162 0.388112 0.237554
v 4.67304 0.347994 0.247305
v 4.67347 0.327628 0.250744
v 4.67377 0.307126 0.253253
v 4.674 0.265867 0.255238
v 4.67381 0.224618 0.25358
v 4.67333 0.183548 0.249583
v 4.67268 0.142583 0.244677
v 4.67199 0.101579 0.239964
v 4.6714 0.0604735 0.236232
v 4.67105 0.0191856 0.234105
v 4.671 -0.00148225 0.233842
v 4.67106 -0.0221489 0.234191
v 4.67144 -0.06337 0.236449
v 4.67204 -0.104482 0.240274
v 4.67295 -0.159111 0.246688
v 4.67349 -0.19554 0.250905
v 4.67377 -0.219881 0.253211
v 4.67394 -0.244286 0.254757
v 4.67399 -0.268739 0.255229
v 4.6739 -0.293184 0.254381
v 4.67364 -0.317537 0.252104
v 4.67319 -0.341718 0.248462
v 4.67252 -0.365667 0.243533
v 4.67156 -0.389276 0.237206
v 4.67023 -0.412469 0.229557
v 4.66846 -0.435237 0.220805
v 4.66616 -0.457609 0.211201
v 4.66326 -0.479627 0.200964
v 4.65967 -0.501322 0.190268
v 4.6553 -0.52271 0.179247
v 4.65004 -0.543781 0.168004
v 4.64378 -0.564503 0.156624
v 4.671 0 0.23386
v 4.65125 -0.539234 0.170414
v 4.65125 0.539255 0.170414
v 4.66048 -0.496712 0.19253
v 4.66048 0.496591 0.19253
v 4.66717 -0.448203 0.215229
v 4.66717 0.447679 0.215229
v 4.67175 -0.384842 0.238393
v 4.67175 -0.084274 0.238393
v 4.67175 0.0842816 0.238393
v 4.67175 0.38465 0.238393
v 4.65125 0 0.170414
v 4.66048 0 0.19253
v 4.66717 0 0.215229
v -0.000448298 -0.596148 0.82
v -1.10805e-16 -0.6 0.82
v 0.0379228 -0.629391 0.82
v 0.0769665 -0.657268 0.82
v 0.120095 -0.685534 0.82
v 0.164329 -0.71204 0.82
v 0.255695 -0.759814 0.82
v 0.35028 -0.80082 0.82
v 0.546736 -0.864164 0.82
v 0.748823 -0.9056 0.82
v 0.851025 -0.919356 0.82
v 0.953685 -0.929106 0.82
v 1.05658 -0.9353 0.82
v 1.1596 -0.938524 0.82
v 1.26264 -0.939452 0.82
v 1.36568 -0.938778 0.82
v 1.4687 -0.937202 0.82
v 1.52021 -0.936295 0.82
v 1.57172 -0.935428 0.82
v 1.62323 -0.934687 0.82
v 1.67474 -0.934136 0.82
v 1.72625 -0.933763 0.82
v 1.77777 -0.933549 0.82
v 1.8808 -0.933508 0.82
v 1.98383 -0.933842 0.82
v 2.08686 -0.934379 0.82
v 2.18989 -0.934949 0.82
v 2.29292 -0.9354 0.82
v 2.39595 -0.935685 0.82
v 2.49898 -0.935795 0.82
v 2.60201 -0.935717 0.82
v 2.70504 -0.93544 0.82
v 2.75655 -0.935224 0.82
v 2.80807 -0.934955 0.82
v 2.9111 -0.934354 0.82
v 3.01413 -0.933863 0.82
v 3.11716 -0.933713 0.82
v 3.22019 -0.934136 0.82
v 3.29746 -0.934964 0.82
v 3.33609 -0.935575 0.82
v 3.37472 -0.936318 0.82
v 3.42623 -0.937428 0.82
v 3.43641 0.937664 0.82
v 3.39508 0.936756 0.82
v 3.35376 0.935906 0.82
v 3.31243 0.935186 0.82
v 3.26092 0.934506 0.82
v 3.2094 0.934046 0.82
v 3.10637 0.933681 0.82
v 3.00334 0.933871 0.82
v 2.90031 0.934391 0.82
v 2.79728 0.935016 0.82
v 2.69425 0.93553 0.82
v 2.59122 0.935846 0.82
v 2.48819 0.93595 0.82
v 2.38516 0.935829 0.82
v 2.28213 0.935469 0.82
v 2.1791 0.934854 0.82
v 2.07608 0.934049 0.82
v 1.97305 0.933293 0.82
v 1.87002 0.932847 0.82
v 1.76698 0.93297 0.82
v 1.71547 0.933322 0.82
v 1.66395 0.933907 0.82
v 1.61244 0.934754 0.82
v 1.56094 0.935857 0.82
v 1.50944 0.937113 0.82
v 1.45794 0.938403 0.82
v 1.35492 0.940607 0.82
v 1.25187 0.941483 0.82
v 1.14874 0.939941 0.82
v 1.09722 0.93787 0.82
v 1.04575 0.934691 0.82
v 0.994333 0.930186 0.82
v 0.968679 0.927365 0.82
v 0.943071 0.924147 0.82
v 0.89201 0.91658 0.82
v 0.841166 0.907647 0.82
v 0.79063 0.897582 0.82
v 0.740283 0.886613 0.82
v 0.63997 0.86295 0.82
v 0.601923 0.853657 0.82
v 0.563885 0.844331 0.82
v 0.52584 0.835042 0.82
v 0.487772 0.82585 0.82
v 0.462374 0.8198 0.82
v 0.43696 0.813818 0.82
v 0.411542 0.807851 0.82
v 0.386136 0.801828 0.82
v 0.352309 0.793592 0.82
v 0.318576 0.784978 0.82
v 0.27383 0.772626 0.82
v 0.229484 0.758888 0.82
v 0.200256 0.748715 0.82
v 0.171401 0.737519 0.82
v 0.152442 0.729383 0.82
v 0.133762 0.720621 0.82
v 0.115431 0.711148 0.82
v 0.0975384 0.700868 0.82
v 0.0801992 0.689676 0.82
v 0.0635626 0.677458 0.82
v 0.0478198 0.664103 0.82
v 0.0332093 0.64951 0.82
v 0.0200167 0.633616 0.82
v 0.0140499 0.625177 0.82
v 0.00855786 0.616423 0.82
v 0.00357677 0.607369 0.82
v 0.00274387 0.283919 0.82
v 0.00633331 0.26264 0.82
v 0.0115176 0.230387 0.82
v 0.0161445 0.198049 0.82
v 0.0181492 0.181847 0.82
v 0.0199154 0.165618 0.82
v 0.0227384 0.133089 0.82
v 0.0256493 0.0678742 0.82
v 0.025235 0.00256293 0.82
v 0.0220648 -0.0625952 0.82
v 0.0168795 -0.127613 0.82
v 0.00833296 -0.214124 0.82
v 0.00258468 -0.271793 0.82
v 0.0251103 0 0.82
v 1.73842 -0.933713 0.82
v 1.73842 0.933165 0.82
v 1.73842 0 0.82
v 4.67166 -0.08 0.3
v 4.67176 -0.0862731 0.3
v 4.6719 -0.0956826 0.3
v 4.6721 -0.108228 0.3
v 4.67231 -0.120774 0.3
v 4.67252 -0.13332 0.3
v 4.67274 -0.145866 0.3
v 4.67294 -0.158411 0.3
v 4.67314 -0.170957 0.3
v 4.67333 -0.183504 0.3
v 4.6735 -0.19605 0.3
v 4.67365 -0.208597 0.3
v 4.67378 -0.221143 0.3
v 4.67388 -0.23369 0.3
v 4.67395 -0.246238 0.3
v 4.67399 -0.258785 0.3
v 4.67397 -0.28 0.3
v 4.67397 -0.28 0.302353
v 4.67397 -0.28 0.305882
v 4.67397 -0.28 0.311175
v 4.67397 -0.28 0.319115
v 4.67397 -0.28 0.331026
v 4.67397 -0.28 0.343573
v 4.67397 -0.28 0.356121
v 4.67397 -0.28 0.368668
v 4.67397 -0.28 0.381216
v 4.67397 -0.28 0.393763
v 4.67397 -0.28 0.4
v 4.67399 -0.273726 0.4
v 4.674 -0.264316 0.4
v 4.67397 -0.251768 0.4
v 4.67391 -0.239221 0.4
v 4.67383 -0.226674 0.4
v 4.67371 -0.214127 0.4
v 4.67357 -0.20158 0.4
v 4.67341 -0.189033 0.4
v 4.67323 -0.176487 0.4
v 4.67303 -0.163941 0.4
v 4.67283 -0.151395 0.4
v 4.67262 -0.13885 0.4
v 4.67241 -0.126304 0.4
v 4.67219 -0.113758 0.4
v 4.67199 -0.101212 0.4
v 4.67179 -0.0886663 0.4
v 4.67166 -0.08 0.4
v 4.67166 -0.08 0.393726
v 4.67166 -0.08 0.384316
v 4.67166 -0.08 0.371768
v 4.67166 -0.08 0.359221
v 4.67166 -0.08 0.346673
v 4.67166 -0.08 0.334126
v 4.67166 -0.08 0.321578
v 4.67166 -0.08 0.309031
v 4.67397 0.28 0.3
v 4.67399 0.273726 0.3
v 4.674 0.264316 0.3
v 4.67397 0.251768 0.3
v 4.67391 0.239221 0.3
v 4.67383 0.226674 0.3
v 4.67371 0.214127 0.3
v 4.67357 0.20158 0.3
v 4.67341 0.189033 0.3
v 4.67323 0.176487 0.3
v 4.67303 0.163941 0.3
v 4.67283 0.151395 0.3
v 4.67262 0.13885 0.3
v 4.67241 0.126304 0.3
v 4.67219 0.113758 0.3
v 4.67199 0.101212 0.3
v 4.67166 0.08 0.3
v 4.67166 0.08 0.302353
v 4.67166 0.08 0.305882
v 4.67166 0.08 0.311175
v 4.67166 0.08 0.319115
v 4.67166 0.08 0.331026
v 4.67166 0.08 0.343573
v 4.67166 0.08 0.356121
v 4.67166 0.08 0.368668
v 4.67166 0.08 0.381216
v 4.67166 0.08 0.393763
v 4.67166 0.08 0.4
v 4.67176 0.0862731 0.4
v 4.6719 0.0956826 0.4
v 4.6721 0.108228 0.4
v 4.67231 0.120774 0.4
v 4.67252 0.13332 0.4
v 4.67274 0.145866 0.4
v 4.67294 0.158411 0.4
v 4.67314 0.170957 0.4
v 4.67333 0.183504 0.4
v 4.6735 0.19605 0.4
v 4.67365 0.208597 0.4
v 4.67378 0.221143 0.4
v 4.67388 0.23369 0.4
v 4.67395 0.246238 0.4
v 4.67399 0.258785 0.4
v 4.67399 0.271333 0.4
v 4.67397 0.28 0.4
v 4.67397 0.28 0.393726
v 4.67397 0.28 0.384316
v 4.67397 0.28 0.371768
v 4.67397 0.28 0.359221
v 4.67397 0.28 0.346673
v 4.67397 0.28 0.334126
v 4.67397 0.28 0.321578
v 4.67397 0.28 0.309031
v 8.07793e-05 -0.600065 0.75
v 3.75681 -0.93884 0.75
v 3.75732 0.938828 0.75
v 8.84778e-05 0.600193 0.75
v 0.0525155 -0.64008 0.378397
v 0.0525155 -0.64008 0.82
v 0.106734 -0.677045 0.256916
v 0.106734 -0.677045 0.82
v 0.162535 -0.71101 0.186601
v 0.162535 -0.71101 0.82
v 0.219801 -0.742088 0.151966
v 0.219801 -0.742088 0.82
v 0.278412 -0.77039 0.13723
v 0.278412 -0.77039 0.82
v 0.338249 -0.79603 0.134113
v 0.338249 -0.79603 0.82
v 0.399192 -0.819121 0.138636
v 0.399192 -0.819121 0.82
v 0.461122 -0.839775 0.148171
v 0.461122 -0.839775 0.82
v 0.52392 -0.858107 0.160796
v 0.52392 -0.858107 0.82
v 0.587467 -0.874228 0.174981
v 0.587467 -0.874228 0.82
v 0.651643 -0.888251 0.189246
v 0.651643 -0.888251 0.82
v 0.71633 -0.90029 0.498407
v 0.71633 -0.90029 0.82
v 0.781408 -0.910457 0.591035
v 0.781408 -0.910457 0.82
v 0.846757 -0.918866 0.645357
v 0.846757 -0.918866 0.82
v 0.912259 -0.925629 0.678891
v 0.912259 -0.925629 0.82
v 0.977794 -0.930859 0.697764
v 0.977794 -0.930859 0.82
v 1.01786 -0.933354 0.703277
v 1.01786 -0.933354 0.82
v 1.0579 -0.935359 0.704388
v 1.0579 -0.935359 0.82
v 1.09791 -0.936913 0.70115
v 1.09791 -0.936913 0.82
v 1.1379 -0.938059 0.693467
v 1.1379 -0.938059 0.82
v 1.17786 -0.938836 0.681072
v 1.17786 -0.938836 0.82
v 1.2178 -0.939286 0.663499
v 1.2178 -0.939286 0.82
v 1.25773 -0.93945 0.639651
v 1.25773 -0.93945 0.82
v 1.29764 -0.939368 0.607433
v 1.29764 -0.939368 0.82
v 1.33753 -0.939081 0.564991
v 1.33753 -0.939081 0.82
v 1.37742 -0.938631 0.502639
v 1.37742 -0.938631 0.82
v 1.4173 -0.938057 0.351169
v 1.4173 -0.938057 0.323552
v 1.4173 -0.938057 0.175216
v 1.4173 -0.938057 0.82
v 1.45717 -0.937401 0.172624
v 1.45717 -0.937401 0.82
v 1.49704 -0.936704 0.170631
v 1.49704 -0.936704 0.82
v 1.53691 -0.936006 0.168987
v 1.53691 -0.936006 0.82
v 1.57678 -0.935348 0.167948
v 1.57678 -0.935348 0.82
v 1.61665 -0.934772 0.167315
v 1.61665 -0.934772 0.82
v 1.65308 -0.934345 0.167069
v 1.65308 -0.934345 0.82
v 1.68951 -0.934011 0.167146
v 1.68951 -0.934011 0.82
v 1.72595 -0.933765 0.167357
v 1.72595 -0.933765 0.82
v 1.76239 -0.933598 0.167891
v 1.76239 -0.933598 0.82
v 1.79884 -0.933502 0.16852
v 1.79884 -0.933502 0.82
v 1.83529 -0.93347 0.169426
v 1.83529 -0.93347 0.82
v 1.87174 -0.933494 0.170332
v 1.87174 -0.933494 0.82
v 1.9082 -0.933568 0.171335
v 1.9082 -0.933568 0.82
v 1.94467 -0.933682 0.172468
v 1.94467 -0.933682 0.82
v 1.98113 -0.93383 0.173601
v 1.98113 -0.93383 0.82
v 2.0176 -0.934004 0.174745
v 2.0176 -0.934004 0.82
v 2.05408 -0.934197 0.175895
v 2.05408 -0.934197 0.82
v 2.09055 -0.9344 0.177046
v 2.09055 -0.9344 0.82
v 2.12703 -0.934607 0.178055
v 2.12703 -0.934607 0.82
v 2.16352 -0.934809 0.179024
v 2.16352 -0.934809 0.82
v 2.2 -0.935 0.179993
v 2.2 -0.935 0.82
v 2.34178 -0.935556 0.182169
v 2.34178 -0.935556 0.82
v 2.48354 -0.93579 0.182836
v 2.48354 -0.93579 0.82
v 2.62521 -0.935673 0.182197
v 2.62521 -0.935673 0.82
v 2.76673 -0.935174 0.180545
v 2.76673 -0.935174 0.82
v 2.83742 -0.934786 0.179429
v 2.83742 -0.934786 0.82
v 2.9081 -0.934371 0.178213
v 2.9081 -0.934371 0.82
v 2.97878 -0.934004 0.176921
v 2.97878 -0.934004 0.82
v 3.04951 -0.933761 0.175608
v 3.04951 -0.933761 0.82
v 3.12032 -0.933717 0.174292
v 3.12032 -0.933717 0.82
v 3.19125 -0.933947 0.173026
v 3.19125 -0.933947 0.82
v 3.26231 -0.934526 0.171788
v 3.26231 -0.934526 0.82
v 3.33356 -0.93553 0.170579
v 3.33356 -0.93553 0.82
v 3.3675 -0.936171 0.170023
v 3.3675 -0.936171 0.82
v 3.40148 -0.936885 0.169468
v 3.40148 -0.936885 0.82
v 3.43547 -0.937633 0.168913
v 3.43547 -0.937633 0.82
v 3.46948 -0.938375 0.168369
v 3.46948 -0.938375 0.82
v 3.50347 -0.939071 0.16783
v 3.50347 -0.939071 0.23678
v 3.50347 -0.939071 0.433116
v 3.50347 -0.939071 0.812688
v 3.53744 -0.939682 0.516113
v 3.53744 -0.939682 0.803372
v 3.57138 -0.940169 0.566156
v 3.57138 -0.940169 0.794393
v 3.60526 -0.940491 0.603051
v 3.60526 -0.940491 0.78575
v 3.63909 -0.940609 0.631705
v 3.63909 -0.940609 0.777315
v 3.67283 -0.940483 0.653937
v 3.67283 -0.940483 0.769245
v 3.70649 -0.940074 0.671524
v 3.70649 -0.940074 0.761347
v 3.74003 -0.939341 0.684774
v 3.74003 -0.939341 0.753752
v 3.77346 -0.938246 0.694657
v 3.77346 -0.938246 0.746396
v 3.80676 -0.936749 0.700993
v 3.80676 -0.936749 0.739178
v 3.83991 -0.934809 0.70423
v 3.83991 -0.934809 0.732227
v 3.8729 -0.932388 0.704633
v 3.8729 -0.932388 0.725468
v 3.90135 -0.929871 0.702611
v 3.90135 -0.929871 0.719751
v 3.92968 -0.926943 0.698353
v 3.92968 -0.926943 0.71413
v 3.95792 -0.923586 0.691682
v 3.95792 -0.923586 0.708563
v 3.98609 -0.919778 0.682652
v 3.98609 -0.919778 0.702999
v 4.01418 -0.915502 0.671104
v 4.01418 -0.915502 0.697319
v 4.04224 -0.910738 0.656819
v 4.04224 -0.910738 0.691437
v 4.07027 -0.905467 0.639401
v 4.07027 -0.905467 0.685293
v 4.09828 -0.899669 0.617774
v 4.09828 -0.899669 0.678811
v 4.12631 -0.893325 0.591794
v 4.12631 -0.893325 0.671909
v 4.15436 -0.886416 0.558834
v 4.15436 -0.886416 0.664312
v 4.18246 -0.878922 0.516036
v 4.18246 -0.878922 0.655978
v 4.21061 -0.870825 0.452554
v 4.21061 -0.870825 0.217771
v 4.21061 -0.870825 0.156798
v 4.21061 -0.870825 0.646777
v 4.23884 -0.862104 0.156328
v 4.23884 -0.862104 0.636515
v 4.26717 -0.852741 0.155854
v 4.26717 -0.852741 0.624978
v 4.2956 -0.842716 0.155371
v 4.2956 -0.842716 0.612075
v 4.32417 -0.83201 0.154881
v 4.32417 -0.83201 0.598139
v 4.34518 -0.823716 0.154516
v 4.34518 -0.823716 0.587803
v 4.36619 -0.815021 0.154149
v 4.36619 -0.815021 0.57765
v 4.3871 -0.805896 0.153779
v 4.3871 -0.805896 0.567947
v 4.40782 -0.796316 0.153409
v 4.40782 -0.796316 0.559214
v 4.42828 -0.786254 0.15304
v 4.42828 -0.786254 0.551345
v 4.44838 -0.775684 0.152674
v 4.44838 -0.775684 0.54435
v 4.46803 -0.76458 0.152318
v 4.46803 -0.76458 0.538474
v 4.48715 -0.752916 0.151964
v 4.48715 -0.752916 0.533582
v 4.50565 -0.740664 0.15161
v 4.50565 -0.740664 0.529729
v 4.52344 -0.727799 0.151275
v 4.52344 -0.727799 0.526503
v 4.54044 -0.714294 0.15095
v 4.54044 -0.714294 0.523591
v 4.55656 -0.700122 0.150637
v 4.55656 -0.700122 0.52061
v 4.5717 -0.685259 0.150346
v 4.5717 -0.685259 0.517524
v 4.58579 -0.669676 0.150066
v 4.58579 -0.669676 0.51393
v 4.59874 -0.653348 0.149809
v 4.59874 -0.653348 0.510081
v 4.61046 -0.636249 0.149575
v 4.61046 -0.636249 0.50565
v 4.61976 -0.620436 0.149389
v 4.61976 -0.620436 0.50116
v 4.62809 -0.604043 0.149222
v 4.62809 -0.604043 0.496526
v 4.63549 -0.587117 0.149073
v 4.63549 -0.587117 0.49132
v 4.64202 -0.569704 0.153724
v 4.64202 -0.569704 0.48569
v 4.64775 -0.55185 0.163607
v 4.64775 -0.55185 0.479658
v 4.65271 -0.533603 0.173464
v 4.65271 -0.533603 0.473295
v 4.65698 -0.515009 0.183238
v 4.65698 -0.515009 0.466887
v 4.66061 -0.496115 0.192849
v 4.66061 -0.496115 0.46065
v 4.66365 -0.476968 0.202206
v 4.66365 -0.476968 0.454414
v 4.66616 -0.457614 0.448178
v 4.66819 -0.4381 0.21958
v 4.66819 -0.4381 0.442806
v 4.66981 -0.418473 0.227253
v 4.66981 -0.418473 0.437837
v 4.67107 -0.398779 0.234074
v 4.67107 -0.398779 0.433597
v 4.67202 -0.379065 0.239942
v 4.67202 -0.379065 0.430157
v 4.67272 -0.359377 0.244825
v 4.67272 -0.359377 0.427139
v 4.67323 -0.339764 0.248755
v 4.67323 -0.339764 0.425126
v 4.67388 -0.295958 0.254121
v 4.67388 -0.295958 0.422025
v 4.67398 -0.252686 0.254919
v 4.67398 -0.252686 0.421794
v 4.67398 -0.252686 0.3
v 4.67398 -0.252686 0.4
v 4.67366 -0.209872 0.252264
v 4.67366 -0.209872 0.423255
v 4.67366 -0.209872 0.3
v 4.67366 -0.209872 0.4
v 4.67309 -0.16744 0.247654
v 4.67309 -0.16744 0.425661
v 4.67309 -0.16744 0.3
v 4.67309 -0.16744 0.4
v 4.67239 -0.125313 0.242725
v 4.67239 -0.125313 0.428441
v 4.67239 -0.125313 0.3
v 4.67239 -0.125313 0.4
v 4.67171 -0.0834145 0.238316
v 4.67171 -0.0834145 0.431042
v 4.67171 -0.0834145 0.3
v 4.67171 -0.0834145 0.4
v 4.6712 -0.0416691 0.235261
v 4.6712 -0.0416691 0.432915
v 4.671 -6.52256e-16 0.433656
v 4.6712 0.0416691 0.235264
v 4.6712 0.0416691 0.432968
v 4.67171 0.0834145 0.238317
v 4.67171 0.0834145 0.431078
v 4.67171 0.0834145 0.3
v 4.67171 0.0834145 0.4
v 4.67239 0.125313 0.242695
v 4.67239 0.125313 0.428456
v 4.67239 0.125313 0.3
v 4.67239 0.125313 0.4
v 4.67309 0.16744 0.247658
v 4.67309 0.16744 0.425617
v 4.67309 0.16744 0.3
v 4.67309 0.16744 0.4
v 4.67366 0.209872 0.252149
v 4.67366 0.209872 0.423111
v 4.67366 0.209872 0.3
v 4.67366 0.209872 0.4
v 4.67398 0.252686 0.25471
v 4.67398 0.252686 0.421697
v 4.67398 0.252686 0.3
v 4.67398 0.252686 0.4
v 4.67388 0.295958 0.253788
v 4.67388 0.295958 0.422135
v 4.67323 0.339764 0.248692
v 4.67323 0.339764 0.424971
v 4.67272 0.359377 0.244532
v 4.67272 0.359377 0.427423
v 4.67202 0.379065 0.239749
v 4.67202 0.379065 0.429934
v 4.67107 0.398779 0.233867
v 4.67107 0.398779 0.433784
v 4.66981 0.418473 0.227054
v 4.66981 0.418473 0.437749
v 4.66819 0.4381 0.219376
v 4.66819 0.4381 0.442886
v 4.66616 0.457614 0.211025
v 4.66616 0.457614 0.448195
v 4.66365 0.476968 0.20209
v 4.66365 0.476968 0.454246
v 4.66061 0.496115 0.192808
v 4.66061 0.496115 0.460418
v 4.65698 0.515009 0.183199
v 4.65698 0.515009 0.466877
v 4.65271 0.533603 0.173455
v 4.65271 0.533603 0.473321
v 4.64775 0.55185 0.163604
v 4.64775 0.55185 0.479645
v 4.64202 0.569704 0.153723
v 4.64202 0.569704 0.485674
v 4.63549 0.587117 0.149074
v 4.63549 0.587117 0.491297
v 4.62809 0.604043 0.149224
v 4.62809 0.604043 0.496487
v 4.61976 0.620436 0.149391
v 4.61976 0.620436 0.501259
v 4.61046 0.636249 0.149576
v 4.61046 0.636249 0.505624
v 4.59874 0.653348 0.14981
v 4.59874 0.653348 0.510065
v 4.58579 0.669676 0.150065
v 4.58579 0.669676 0.513908
v 4.5717 0.685259 0.150342
v 4.5717 0.685259 0.517455
v 4.55656 0.700122 0.150637
v 4.55656 0.700122 0.520653
v 4.54044 0.714294 0.150948
v 4.54044 0.714294 0.523583
v 4.52344 0.727799 0.151273
v 4.52344 0.727799 0.526502
v 4.50565 0.740664 0.15161
v 4.50565 0.740664 0.529699
v 4.48715 0.752916 0.151957
v 4.48715 0.752916 0.533629
v 4.46803 0.764581 0.152313
v 4.46803 0.764581 0.538455
v 4.44838 0.775685 0.152674
v 4.44838 0.775685 0.544275
v 4.42828 0.786254 0.15304
v 4.42828 0.786254 0.551446
v 4.40782 0.796316 0.153409
v 4.40782 0.796316 0.559151
v 4.3871 0.805896 0.153779
v 4.3871 0.805896 0.568113
v 4.36619 0.81502 0.154148
v 4.36619 0.81502 0.577712
v 4.34518 0.823716 0.154517
v 4.34518 0.823716 0.587754
v 4.32417 0.832009 0.154881
v 4.32417 0.832009 0.598139
v 4.29561 0.842715 0.155371
v 4.29561 0.842715 0.612094
v 4.26717 0.85274 0.155853
v 4.26717 0.85274 0.625087
v 4.23884 0.862103 0.156329
v 4.23884 0.862103 0.636664
v 4.21061 0.870823 0.156798
v 4.21061 0.870823 0.217608
v 4.21061 0.870823 0.45228
v 4.21061 0.870823 0.646948
v 4.18246 0.878921 0.515869
v 4.18246 0.878921 0.656005
v 4.15437 0.886414 0.558643
v 4.15437 0.886414 0.663908
v 4.12632 0.893323 0.591281
v 4.12632 0.893323 0.671462
v 4.09829 0.899667 0.617567
v 4.09829 0.899667 0.678791
v 4.07027 0.905465 0.63901
v 4.07027 0.905465 0.685054
v 4.04224 0.910736 0.656575
v 4.04224 0.910736 0.691318
v 4.01419 0.9155 0.670906
v 4.01419 0.9155 0.697299
v 3.98609 0.919777 0.682438
v 3.98609 0.919777 0.702994
v 3.95793 0.923584 0.691472
v 3.95793 0.923584 0.708564
v 3.92969 0.926943 0.698209
v 3.92969 0.926943 0.714128
v 3.90135 0.929871 0.702597
v 3.90135 0.929871 0.719755
v 3.8729 0.932389 0.704484
v 3.8729 0.932389 0.725471
v 3.83991 0.934811 0.70412
v 3.83991 0.934811 0.732226
v 3.80675 0.936752 0.700783
v 3.80675 0.936752 0.739188
v 3.77345 0.938251 0.694348
v 3.77345 0.938251 0.746465
v 3.74002 0.939347 0.684608
v 3.74002 0.939347 0.753784
v 3.70647 0.940081 0.671249
v 3.70647 0.940081 0.761438
v 3.67281 0.940492 0.65382
v 3.67281 0.940492 0.769296
v 3.63906 0.940619 0.631668
v 3.63906 0.940619 0.777327
v 3.60524 0.940502 0.602941
v 3.60524 0.940502 0.785721
v 3.57135 0.94018 0.565875
v 3.57135 0.94018 0.794393
v 3.53741 0.939694 0.515398
v 3.53741 0.939694 0.80339
v 3.50344 0.939083 0.433528
v 3.50344 0.939083 0.237978
v 3.50344 0.939083 0.16783
v 3.50344 0.939083 0.812688
v 3.46945 0.938386 0.168369
v 3.46945 0.938386 0.82
v 3.43545 0.937643 0.168914
v 3.43545 0.937643 0.82
v 3.40145 0.936894 0.169463
v 3.40145 0.936894 0.82
v 3.36748 0.936178 0.170018
v 3.36748 0.936178 0.82
v 3.33355 0.935534 0.170579
v 3.33355 0.935534 0.82
v 3.26233 0.934521 0.171784
v 3.26233 0.934521 0.82
v 3.19129 0.933932 0.173019
v 3.19129 0.933932 0.82
v 3.12039 0.933693 0.174299
v 3.12039 0.933693 0.82
v 3.04959 0.933731 0.175602
v 3.04959 0.933731 0.82
v 2.97886 0.933973 0.176927
v 2.97886 0.933973 0.82
v 2.90816 0.934345 0.178205
v 2.90816 0.934345 0.82
v 2.83745 0.934775 0.179416
v 2.83745 0.934775 0.82
v 2.76669 0.935188 0.180543
v 2.76669 0.935188 0.82
v 2.62497 0.935765 0.182162
v 2.62497 0.935765 0.82
v 2.48313 0.935949 0.182838
v 2.48313 0.935949 0.82
v 2.34139 0.935706 0.182246
v 2.34139 0.935706 0.82
v 2.2 0.935 0.179995
v 2.2 0.935 0.82
v 2.12741 0.934461 0.178123
v 2.12741 0.934461 0.82
v 2.0549 0.933881 0.175944
v 2.0549 0.933881 0.82
v 1.98237 0.933352 0.173634
v 1.98237 0.933352 0.82
v 1.90976 0.932966 0.171419
v 1.90976 0.932966 0.82
v 1.83699 0.932813 0.16935
v 1.83699 0.932813 0.82
v 1.76398 0.932985 0.167964
v 1.76398 0.932985 0.82
v 1.69065 0.933573 0.167062
v 1.69065 0.933573 0.82
v 1.61692 0.934669 0.167304
v 1.61692 0.934669 0.82
v 1.57637 0.935505 0.167908
v 1.57637 0.935505 0.82
v 1.53573 0.93646 0.169027
v 1.53573 0.93646 0.82
v 1.49504 0.937476 0.170785
v 1.49504 0.937476 0.82
v 1.45434 0.938492 0.172721
v 1.45434 0.938492 0.82
v 1.41369 0.939448 0.175691
v 1.41369 0.939448 0.279683
v 1.41369 0.939448 0.38985
v 1.41369 0.939448 0.82
v 1.37313 0.940285 0.511151
v 1.37313 0.940285 0.82
v 1.3327 0.940943 0.571062
v 1.3327 0.940943 0.82
v 1.29246 0.941363 0.612434
v 1.29246 0.941363 0.82
v 1.25245 0.941484 0.643112
v 1.25245 0.941484 0.82
v 1.21272 0.941247 0.666141
v 1.21272 0.941247 0.82
v 1.1733 0.940592 0.683031
v 1.1733 0.940592 0.82
v 1.13426 0.93946 0.69457
v 1.13426 0.93946 0.82
v 1.09564 0.93779 0.701909
v 1.09564 0.93779 0.82
v 1.05747 0.935523 0.704655
v 1.05747 0.935523 0.82
v 1.01982 0.932599 0.703876
v 1.01982 0.932599 0.82
v 0.982722 0.928959 0.698986
v 0.982722 0.928959 0.82
v 0.950933 0.925177 0.691846
v 0.950933 0.925177 0.82
v 0.919495 0.920838 0.681937
v 0.919495 0.920838 0.82
v 0.888303 0.915973 0.668562
v 0.888303 0.915973 0.82
v 0.857252 0.910613 0.651821
v 0.857252 0.910613 0.82
v 0.826238 0.904787 0.631038
v 0.826238 0.904787 0.82
v 0.795155 0.898525 0.604894
v 0.795155 0.898525 0.82
v 0.763898 0.891859 0.571683
v 0.763898 0.891859 0.82
v 0.732364 0.884818 0.527669
v 0.732364 0.884818 0.82
v 0.700447 0.877433 0.461252
v 0.700447 0.877433 0.208652
v 0.700447 0.877433 0.199196
v 0.700447 0.877433 0.82
v 0.668042 0.869735 0.192724
v 0.668042 0.869735 0.82
v 0.635045 0.861752 0.185613
v 0.635045 0.861752 0.82
v 0.601351 0.853517 0.178116
v 0.601351 0.853517 0.82
v 0.566855 0.845058 0.170257
v 0.566855 0.845058 0.82
v 0.531452 0.836407 0.162425
v 0.531452 0.836407 0.82
v 0.495037 0.827594 0.154666
v 0.495037 0.827594 0.82
v 0.457507 0.818649 0.147486
v 0.457507 0.818649 0.82
v 0.441201 0.814813 0.144684
v 0.441201 0.814813 0.82
v 0.424708 0.810945 0.142044
v 0.424708 0.810945 0.82
v 0.40806 0.807031 0.139767
v 0.40806 0.807031 0.82
v 0.391291 0.803058 0.137967
v 0.391291 0.803058 0.82
v 0.374434 0.799014 0.136467
v 0.374434 0.799014 0.82
v 0.357521 0.794883 0.134968
v 0.357521 0.794883 0.82
v 0.340586 0.790652 0.134629
v 0.340586 0.790652 0.82
v 0.323662 0.786309 0.13458
v 0.323662 0.786309 0.82
v 0.306781 0.78184 0.134532
v 0.306781 0.78184 0.82
v 0.289978 0.77723 0.135933
v 0.289978 0.77723 0.82
v 0.273284 0.772467 0.138058
v 0.273284 0.772467 0.82
v 0.256733 0.767537 0.140951
v 0.256733 0.767537 0.82
v 0.240359 0.762426 0.144982
v 0.240359 0.762426 0.82
v 0.224193 0.757121 0.150365
v 0.224193 0.757121 0.82
v 0.208269 0.751609 0.156933
v 0.208269 0.751609 0.82
v 0.192621 0.745876 0.164785
v 0.192621 0.745876 0.82
v 0.177281 0.739908 0.174731
v 0.177281 0.739908 0.82
v 0.162282 0.733692 0.18695
v 0.162282 0.733692 0.82
v 0.147657 0.727215 0.201082
v 0.147657 0.727215 0.82
v 0.133439 0.720462 0.217368
v 0.133439 0.720462 0.82
v 0.119662 0.713421 0.235892
v 0.119662 0.713421 0.82
v 0.106358 0.706077 0.256682
v 0.106358 0.706077 0.82
v 0.0935603 0.698418 0.279705
v 0.0935603 0.698418 0.82
v 0.0813022 0.69043 0.304867
v 0.0813022 0.69043 0.82
v 0.0696166 0.682099 0.332153
v 0.0696166 0.682099 0.82
v 0.0585366 0.673412 0.361208
v 0.0585366 0.673412 0.82
v 0.0480951 0.664355 0.391676
v 0.0480951 0.664355 0.82
v 0.0383252 0.654915 0.423426
v 0.0383252 0.654915 0.82
v 0.02926 0.645078 0.45724
v 0.02926 0.645078 0.82
v 0.0209325 0.63483 0.492858
v 0.0209325 0.63483 0.82
v 0.0133757 0.62416 0.532805
v 0.0133757 0.62416 0.82
v 0.00662272 0.613051 0.577193
v 0.00662272 0.613051 0.82
v 0.00134709 0.602874 0.632599
v 0.00134709 0.602874 0.82
v 0.0525155 -0.64008 0.75
v 0.106734 -0.677045 0.75
v 0.162535 -0.71101 0.75
v 0.219801 -0.742088 0.75
v 0.278412 -0.77039 0.75
v 0.338249 -0.79603 0.75
v 0.399192 -0.819121 0.75
v 0.461122 -0.839775 0.75
v 0.52392 -0.858107 0.75
v 0.587467 -0.874228 0.75
v 0.651643 -0.888251 0.75
v 0.71633 -0.90029 0.75
v 0.781408 -0.910457 0.75
v 0.846757 -0.918866 0.75
v 0.912259 -0.925629 0.75
v 0.977794 -0.930859 0.75
v 1.01786 -0.933354 0.75
v 1.0579 -0.935359 0.75
v 1.09791 -0.936913 0.75
v 1.1379 -0.938059 0.75
v 1.17786 -0.938836 0.75
v 1.2178 -0.939286 0.75
v 1.25773 -0.93945 0.75
v 1.29764 -0.939368 0.75
v 1.33753 -0.939081 0.75
v 1.37742 -0.938631 0.75
v 1.4173 -0.938057 0.75
v 1.45717 -0.937401 0.75
v 1.49704 -0.936704 0.75
v 1.53691 -0.936006 0.75
v 1.57678 -0.935348 0.75
v 1.61665 -0.934772 0.75
v 1.65308 -0.934345 0.75
v 1.68951 -0.934011 0.75
v 1.72595 -0.933765 0.75
v 1.76239 -0.933598 0.75
v 1.79884 -0.933502 0.75
v 1.83529 -0.93347 0.75
v 1.87174 -0.933494 0.75
v 1.9082 -0.933568 0.75
v 1.94467 -0.933682 0.75
v 1.98113 -0.93383 0.75
v 2.0176 -0.934004 0.75
v 2.05408 -0.934197 0.75
v 2.09055 -0.9344 0.75
v 2.12703 -0.934607 0.75
v 2.16352 -0.934809 0.75
v 2.2 -0.935 0.75
v 2.34178 -0.935556 0.75
v 2.48354 -0.93579 0.75
v 2.62521 -0.935673 0.75
v 2.76673 -0.935174 0.75
v 2.83742 -0.934786 0.75
v 2.9081 -0.934371 0.75
v 2.97878 -0.934004 0.75
v 3.04951 -0.933761 0.75
v 3.12032 -0.933717 0.75
v 3.19125 -0.933947 0.75
v 3.26231 -0.934526 0.75
v 3.33356 -0.93553 0.75
v 3.3675 -0.936171 0.75
v 3.40148 -0.936885 0.75
v 3.43547 -0.937633 0.75
v 3.46948 -0.938375 0.75
v 3.50347 -0.939071 0.75
v 3.53744 -0.939682 0.75
v 3.57138 -0.940169 0.75
v 3.60526 -0.940491 0.75
v 3.63909 -0.940609 0.75
v 3.67283 -0.940483 0.75
v 3.70649 -0.940074 0.75
v 3.74003 -0.939341 0.75
v 3.74002 0.939347 0.75
v 3.70647 0.940081 0.75
v 3.67281 0.940492 0.75
v 3.63906 0.940619 0.75
v 3.60524 0.940502 0.75
v 3.57135 0.94018 0.75
v 3.53741 0.939694 0.75
v 3.50344 0.939083 0.75
v 3.46945 0.938386 0.75
v 3.43545 0.937643 0.75
v 3.40145 0.936894 0.75
v 3.36748 0.936178 0.75
v 3.33355 0.935534 0.75
v 3.26233 0.934521 0.75
v 3.19129 0.933932 0.75
v 3.12039 0.933693 0.75
v 3.04959 0.933731 0.75
v 2.97886 0.933973 0.75
v 2.90816 0.934345 0.75
v 2.83745 0.934775 0.75
v 2.76669 0.935188 0.75
v 2.62497 0.935765 0.75
v 2.48313 0.935949 0.75
v 2.34139 0.935706 0.75
v 2.2 0.935 0.75
v 2.12741 0.934461 0.75
v 2.0549 0.933881 0.75
v 1.98237 0.933352 0.75
v 1.90976 0.932966 0.75
v 1.83699 0.932813 0.75
v 1.76398 0.932985 0.75
v 1.69065 0.933573 0.75
v 1.61692 0.934669 0.75
v 1.57637 0.935505 0.75
v 1.53573 0.93646 0.75
v 1.49504 0.937476 0.75
v 1.45434 0.938492 0.75
v 1.41369 0.939448 0.75
v 1.37313 0.940285 0.75
v 1.3327 0.940943 0.75
v 1.29246 0.941363 0.75
v 1.25245 0.941484 0.75
v 1.21272 0.941247 0.75
v 1.1733 0.940592 0.75
v 1.13426 0.93946 0.75
v 1.09564 0.93779 0.75
v 1.05747 0.935523 0.75
v 1.01982 0.932599 0.75
v 0.982722 0.928959 0.75
v 0.950933 0.925177 0.75
v 0.919495 0.920838 0.75
v 0.888303 0.915973 0.75
v 0.857252 0.910613 0.75
v 0.826238 0.904787 0.75
v 0.795155 0.898525 0.75
v 0.763898 0.891859 0.75
v 0.732364 0.884818 0.75
v 0.700447 0.877433 0.75
v 0.668042 0.869735 0.75
v 0.635045 0.861752 0.75
v 0.601351 0.853517 0.75
v 0.566855 0.845058 0.75
v 0.531452 0.836407 0.75
v 0.495037 0.827594 0.75
v 0.457507 0.818649 0.75
v 0.441201 0.814813 0.75
v 0.424708 0.810945 0.75
v 0.40806 0.807031 0.75
v 0.391291 0.803058 0.75
v 0.374434 0.799014 0.75
v 0.357521 0.794883 0.75
v 0.340586 0.790652 0.75
v 0.323662 0.786309 0.75
v 0.306781 0.78184 0.75
v 0.289978 0.77723 0.75
v 0.273284 0.772467 0.75
v 0.256733 0.767537 0.75
v 0.240359 0.762426 0.75
v 0.224193 0.757121 0.75
v 0.208269 0.751609 0.75
v 0.192621 0.745876 0.75
v 0.177281 0.739908 0.75
v 0.162282 0.733692 0.75
v 0.147657 0.727215 0.75
v 0.133439 0.720462 0.75
v 0.119662 0.713421 0.75
v 0.106358 0.706077 0.75
v 0.0935603 0.698418 0.75
v 0.0813022 0.69043 0.75
v 0.0696166 0.682099 0.75
v 0.0585366 0.673412 0.75
v 0.0480951 0.664355 0.75
v 0.0383252 0.654915 0.75
v 0.02926 0.645078 0.75
v 0.0209325 0.63483 0.75
v 0.0133757 0.62416 0.75
v 0.00662272 0.613051 0.75
v 0.00134709 0.602874 0.75
v 9.0661e-05 0.299469 0.75
v 7.1359e-05 -0.299187 0.75
v -0.000780189 0.304575 0.816926
v -0.000780189 0.304575 0.82
v 0.00166669 0.290238 0.628041
v 0.00166669 0.290238 0.82
v 0.00410487 0.275905 0.599329
v 0.00410487 0.275905 0.82
v 0.00650791 0.261591 0.578341
v 0.00650791 0.261591 0.82
v 0.00884937 0.24731 0.560774
v 0.00884937 0.24731 0.82
v 0.0111028 0.233077 0.545724
v 0.0111028 0.233077 0.82
v 0.0132418 0.218905 0.532697
v 0.0132418 0.218905 0.82
v 0.0152399 0.204809 0.521417
v 0.0152399 0.204809 0.82
v 0.0170707 0.190804 0.511717
v 0.0170707 0.190804 0.82
v 0.0223767 0.137945 0.485916
v 0.0223767 0.137945 0.82
v 0.0251793 0.0864354 0.473642
v 0.0251793 0.0864354 0.82
v 0.0258328 0.0360834 0.470923
v 0.0258328 0.0360834 0.82
v 0.0246916 -0.0133018 0.475768
v 0.0246916 -0.0133018 0.82
v 0.02211 -0.0619111 0.487137
v 0.02211 -0.0619111 0.82
v 0.0184425 -0.109935 0.504632
v 0.0184425 -0.109935 0.82
v 0.0140433 -0.157565 0.528029
v 0.0140433 -0.157565 0.82
v 0.00926696 -0.204992 0.557759
v 0.00926696 -0.204992 0.82
v 0.00446773 -0.252407 0.595983
v 0.00446773 -0.252407 0.82
v -1.14492e-16 -0.3 0.660099
v -1.11022e-16 -0.3 0.741902
v -1.14492e-16 -0.3 0.789173
v -1.14492e-16 -0.3 0.82
v 0.00166669 0.290238 0.75
v 0.00410487 0.275905 0.75
v 0.00650791 0.261591 0.75
v 0.00884937 0.24731 0.75
v 0.0111028 0.233077 0.75
v 0.0132418 0.218905 0.75
v 0.0152399 0.204809 0.75
v 0.0170707 0.190804 0.75
v 0.0223767 0.137945 0.75
v 0.0251793 0.0864354 0.75
v 0.0258328 0.0360834 0.75
v 0.0246916 -0.0133018 0.75
v 0.02211 -0.0619111 0.75
v 0.0184425 -0.109935 0.75
v 0.0140433 -0.157565 0.75
v 0.00926696 -0.204992 0.75
v 0.00446773 -0.252407 0.75
v 4.52 -0.28 0.3
v 4.52 -0.08 0.3
v 4.52 -0.28 0.4
v 4.52 -0.08 0.4
v 4.52 -0.18 0.3
v 4.52 -0.28 0.35
v 4.52 -0.18 0.35
v 4.52 -0.08 0.35
v 4.52 -0.18 0.4
v 4.52 0.08 0.3
v 4.52 0.28 0.3
v 4.52 0.08 0.4
v 4.52 0.28 0.4
v 4.52 0.18 0.3
v 4.52 0.08 0.35
v 4.52 0.18 0.35
v 4.52 0.28 0.35
v 4.52 0.18 0.4
vn 0.629147 -0.658519 -0.412948
vn 0.00959942 -0.708028 -0.706119
vn 0.00757896 -0.707893 -0.706279
vn -0.000385465 -0.707063 -0.70715
vn -0.0141875 -0.705353 -0.708714
vn -0.0417263 -0.70136 -0.711585
vn -0.0804073 -0.694839 -0.714656
vn -0.1131 -0.688691 -0.716179
vn -0.152077 -0.68075 -0.716556
vn -0.181957 -0.674282 -0.715706
vn -0.215284 -0.666737 -0.713523
vn -0.252352 -0.657991 -0.709483
vn -0.293436 -0.647926 -0.702913
vn -0.338738 -0.636448 -0.692958
vn -0.388293 -0.623508 -0.678576
vn -0.441846 -0.60915 -0.658566
vn -0.498667 -0.593552 -0.631686
vn -0.557389 -0.577078 -0.596908
vn -0.615927 -0.56029 -0.553813
vn -0.644318 -0.551999 -0.529293
vn -0.671344 -0.543971 -0.503382
vn -0.71708 -0.529653 -0.453061
vn -0.752776 -0.517519 -0.40682
vn -0.780431 -0.507221 -0.365588
vn -0.801898 -0.498414 -0.329459
vn -0.832016 -0.48412 -0.270881
vn -0.851288 -0.472953 -0.22721
vn -0.85836 -0.468196 -0.209786
vn -0.864218 -0.463863 -0.194831
vn -0.86911 -0.459885 -0.182083
vn -0.873539 -0.456143 -0.169889
vn -0.879044 -0.451473 -0.153146
vn -0.884025 -0.447209 -0.136028
vn -0.888424 -0.443392 -0.118772
vn -0.892202 -0.440051 -0.101638
vn -0.895352 -0.437202 -0.0848514
vn -0.897964 -0.434838 -0.0676552
vn -0.900038 -0.432991 -0.0495053
vn -0.901089 -0.432073 -0.0367638
vn -0.901627 -0.43161 -0.0279412
vn -0.901909 -0.431371 -0.0219001
vn -0.946222 -0.323311 -0.0115946
vn -0.998205 -0.0583213 -0.0136148
vn -0.998329 -0.0573616 -0.00692716
vn -0.998375 -0.0569656 -0.00150282
vn -0.998369 -0.0570275 0.00254669
vn -0.998297 -0.0579755 0.00644004
vn -0.946293 -0.32328 0.00430917
vn -0.902213 -0.431282 0.00288965
vn -0.902212 -0.431287 -0.00231711
vn -0.902204 -0.431255 -0.00684016
vn -0.946277 -0.323287 -0.00671069
vn -0.998225 -0.0585327 -0.0109696
vn -0.998241 -0.0570765 -0.0160271
vn -0.898657 -0.0497697 0.43582
vn -0.89935 0.0378148 0.435592
vn -0.998951 0.042828 -0.0161991
vn -0.998976 0.0434298 -0.0126693
vn -0.999015 0.0438257 -0.00696571
vn -0.999029 0.0440022 -0.00200903
vn -0.99903 0.044001 0.00187923
vn -0.999028 0.0436427 0.00617118
vn -0.999042 0.043284 0.00637158
vn -0.999059 0.0430585 0.00529848
vn -0.99907 0.0429366 0.00403566
vn -0.999079 0.0428522 0.00232861
vn -0.999083 0.0428181 0.000175388
vn -0.999079 0.0428468 -0.00241909
vn -0.999062 0.0429491 -0.00543905
vn -0.99903 0.0431321 -0.00885447
vn -0.998978 0.0433982 -0.0126202
vn -0.998905 0.0437439 -0.0165981
vn -0.998713 0.0446193 -0.0241172
vn -0.998478 0.0456328 -0.0309816
vn -0.998214 0.0466858 -0.0372837
vn -0.99793 0.0477075 -0.0431145
vn -0.997333 0.0494703 -0.0536551
vn -0.996727 0.0506489 -0.0630084
vn -0.996137 0.0510777 -0.0714232
vn -0.995584 0.0506393 -0.079041
vn -0.995076 0.0492429 -0.0860207
vn -0.994761 0.0477432 -0.0903906
vn -0.994471 0.0457662 -0.0945089
vn -0.994209 0.0432966 -0.0983512
vn -0.993978 0.040323 -0.101893
vn -0.993778 0.0368382 -0.105107
vn -0.993612 0.0328399 -0.10797
vn -0.993478 0.028332 -0.110452
vn -0.993375 0.0233248 -0.112529
vn -0.993301 0.0178365 -0.114171
vn -0.993254 0.0118936 -0.115351
vn -0.993229 0.00553178 -0.116041
vn -0.993224 -0.00120384 -0.116213
vn -0.993233 -0.00825876 -0.115843
vn -0.993254 -0.0155695 -0.114905
vn -0.993284 -0.0230649 -0.11338
vn -0.993319 -0.0306674 -0.11125
vn -0.993358 -0.0382952 -0.108506
vn -0.993399 -0.0458648 -0.105146
vn -0.99344 -0.0532933 -0.101175
vn -0.993482 -0.0605012 -0.0966114
vn -0.993545 -0.0670644 -0.0914877
vn -0.993682 -0.0722536 -0.0858815
vn -0.993883 -0.0762612 -0.0798822
vn -0.994144 -0.0792763 -0.0734421
vn -0.994458 -0.0814563 -0.0664754
vn -0.994809 -0.0829398 -0.0589548
vn -0.99518 -0.0838554 -0.0508379
vn -0.995549 -0.0843292 -0.042071
vn -0.995891 -0.0844898 -0.032595
vn -0.996175 -0.0844682 -0.0223609
vn -0.996367 -0.0843897 -0.0114635
vn -0.996434 -0.084345 -0.00242092
vn -0.996413 -0.0843823 0.00632765
vn -0.996417 -0.0844205 0.00521648
vn -0.996426 -0.0844296 0.00264884
vn -0.996429 -0.0844312 -0.00120514
vn -0.99641 -0.0844242 -0.00629139
vn -0.996355 -0.0844021 -0.012409
vn -0.996302 -0.0843511 -0.0163196
vn -0.896485 -0.0758249 0.436538
vn -0.876909 0.186268 0.443097
vn -0.977468 0.210439 -0.0164842
vn -0.977045 0.212701 -0.0118869
vn -0.976814 0.214022 -0.00544164
vn -0.976736 0.214445 -0.000276456
vn -0.976797 0.214135 0.00373805
vn -0.976969 0.213293 0.00607491
vn -0.977438 0.211151 0.00548679
vn -0.97761 0.21041 -0.00233798
vn -0.97737 0.211346 -0.00894754
vn -0.976782 0.213544 -0.0171968
vn -0.974453 0.222039 -0.0337793
vn -0.970656 0.235344 -0.049405
vn -0.96545 0.252543 -0.0642525
vn -0.958971 0.272403 -0.0785547
vn -0.942777 0.315701 -0.107258
vn -0.922609 0.36041 -0.137467
vn -0.911304 0.38233 -0.152806
vn -0.899374 0.40357 -0.1681
vn -0.891153 0.417242 -0.178198
vn -0.882643 0.430505 -0.188698
vn -0.863773 0.456135 -0.214097
vn -0.849343 0.472747 -0.234792
vn -0.832849 0.489137 -0.259053
vn -0.813558 0.505443 -0.287489
vn -0.790433 0.521825 -0.320803
vn -0.762005 0.538468 -0.359722
vn -0.726254 0.555592 -0.404813
vn -0.680553 0.573431 -0.456098
vn -0.621924 0.592177 -0.512384
vn -0.587049 0.601886 -0.541393
vn -0.550231 0.611462 -0.568647
vn -0.474977 0.629437 -0.614985
vn -0.401428 0.645259 -0.649998
vn -0.333105 0.658606 -0.674743
vn -0.271979 0.669522 -0.691208
vn -0.218742 0.678261 -0.701508
vn -0.135012 0.690567 -0.710555
vn -0.0778515 0.697958 -0.711895
vn -0.0577957 0.70036 -0.711446
vn -0.0428629 0.702085 -0.710802
vn -0.0323863 0.703265 -0.71019
vn -0.0244638 0.704172 -0.709608
vn -0.0147608 0.705308 -0.708748
vn -0.0125346 0.705573 -0.708527
vn -0.0171111 0.705034 -0.708967
vn -0.0228232 0.70438 -0.709456
vn -0.027866 0.70382 -0.709832
vn 0.609676 0.669376 -0.424535
vn -0.973721 0 -0.227742
vn 0.874766 -0 -0.484546
vn -0.99943 0 -0.0337667
vn -0.99943 0 -0.0337667
vn -0.99943 0 -0.0337667
vn -0.99943 0 -0.0337667
vn -0.999432 0 -0.0337129
vn -0.999432 0 -0.0337129
vn -0.999432 0 -0.0337129
vn -0.999432 0 -0.0337129
vn -0.999451 0 -0.0331331
vn -0.999451 0 -0.0331331
vn -0.999451 0 -0.0331331
vn -0.999451 0 -0.0331331
vn -0.999487 0 -0.0320256
vn -0.999487 0 -0.0320256
vn -0.999487 0 -0.0320256
vn -0.999487 0 -0.0320256
vn -0.999538 0 -0.030388
vn -0.999538 0 -0.030388
vn -0.999538 0 -0.030388
vn -0.999538 0 -0.030388
vn -0.999602 0 -0.0282168
vn -0.999602 0 -0.0282168
vn -0.999602 0 -0.0282168
vn -0.999602 0 -0.0282168
vn -0.999675 0 -0.0255081
vn -0.999675 0 -0.0255081
vn -0.999675 0 -0.0255081
vn -0.999675 0 -0.0255081
vn -0.999752 0 -0.022257
vn -0.999752 0 -0.022257
vn -0.999752 0 -0.022257
vn -0.999752 0 -0.022257
vn -0.999979 0 -0.00655148
vn -0.999979 0 -0.00655148
vn -0.999979 0 -0.00655148
vn -0.999979 0 -0.00655148
vn -0.999989 -0 0.00467362
vn -0.999989 -0 0.00467362
vn -0.999989 -0 0.00467362
vn -0.999989 -0 0.00467362
vn -0.999937 -0 0.0112474
vn -0.999937 -0 0.0112474
vn -0.999937 -0 0.0112474
vn -0.999937 -0 0.0112474
vn -0.999915 -0 0.0130477
vn -0.999915 -0 0.0130477
vn -0.999915 -0 0.0130477
vn -0.999915 -0 0.0130477
vn -0.99995 -0 0.00999777
vn -0.99995 -0 0.00999777
vn -0.99995 -0 0.00999777
vn -0.99995 -0 0.00999777
vn -0.999998 -0 0.00206741
vn -0.999998 -0 0.00206741
vn -0.999998 -0 0.00206741
vn -0.999998 -0 0.00206741
vn -0.999943 0 -0.0107231
vn -0.999943 0 -0.0107231
vn -0.999943 0 -0.0107231
vn -0.999943 0 -0.0107231
vn -0.9996 0 -0.0282942
vn -0.9996 0 -0.0282942
vn -0.9996 0 -0.0282942
vn -0.9996 0 -0.0282942
vn -0.998914 0 -0.0465921
vn -0.998914 0 -0.0465921
vn -0.998914 0 -0.0465921
vn -0.998914 0 -0.0465921
vn -0.997932 0 -0.0642775
vn -0.997932 0 -0.0642775
vn -0.997932 0 -0.0642775
vn -0.997932 0 -0.0642775
vn -0.996682 0 -0.0813889
vn -0.996682 0 -0.0813889
vn -0.996682 0 -0.0813889
vn -0.996682 0 -0.0813889
vn -0.99519 0 -0.0979639
vn -0.99519 0 -0.0979639
vn -0.99519 0 -0.0979639
vn -0.99519 0 -0.0979639
vn -0.993476 0 -0.11404
vn -0.993476 0 -0.11404
vn -0.993476 0 -0.11404
vn -0.993476 0 -0.11404
vn -0.99156 0 -0.129652
vn -0.99156 0 -0.129652
vn -0.99156 0 -0.129652
vn -0.99156 0 -0.129652
vn -0.989456 0 -0.144836
vn -0.989456 0 -0.144836
vn -0.989456 0 -0.144836
vn -0.989456 0 -0.144836
vn -0.987178 0 -0.159626
vn -0.987178 0 -0.159626
vn -0.987178 0 -0.159626
vn -0.987178 0 -0.159626
vn -0.985474 0 -0.169828
vn -0.985474 0 -0.169828
vn -0.985474 0 -0.169828
vn -0.985474 0 -0.169828
vn -0.983647 0 -0.180108
vn -0.983647 0 -0.180108
vn -0.983647 0 -0.180108
vn -0.983647 0 -0.180108
vn -0.981696 0 -0.190453
vn -0.981696 0 -0.190453
vn -0.981696 0 -0.190453
vn -0.981696 0 -0.190453
vn -0.979623 0 -0.200846
vn -0.979623 0 -0.200846
vn -0.979623 0 -0.200846
vn -0.979623 0 -0.200846
vn -0.977427 0 -0.211273
vn -0.977427 0 -0.211273
vn -0.977427 0 -0.211273
vn -0.977427 0 -0.211273
vn -0.975111 0 -0.221717
vn -0.975111 0 -0.221717
vn -0.975111 0 -0.221717
vn -0.975111 0 -0.221717
vn -0.972677 0 -0.232163
vn -0.972677 0 -0.232163
vn -0.970127 0 -0.242596
vn -0.970127 0 -0.242596
vn -0.967466 0 -0.252999
vn -0.967466 0 -0.252999
vn -0.964698 0 -0.263359
vn -0.964698 0 -0.263359
vn -0.961827 0 -0.27366
vn -0.961827 0 -0.27366
vn -0.958858 0 -0.283887
vn -0.958858 0 -0.283887
vn -0.955797 0 -0.294028
vn -0.955797 0 -0.294028
vn -0.95265 0 -0.304069
vn -0.95265 0 -0.304069
vn -0.949424 0 -0.313997
vn -0.949424 0 -0.313997
vn -0.946126 0 -0.3238
vn -0.946126 0 -0.3238
vn -0.940842 0 -0.338845
vn -0.940842 0 -0.338845
vn -0.934564 0 -0.355796
vn -0.934564 0 -0.355796
vn -0.927131 0 -0.374738
vn -0.927131 0 -0.374738
vn -0.918349 0 -0.395771
vn -0.918349 0 -0.395771
vn -0.907982 0 -0.41901
vn -0.907982 0 -0.41901
vn -0.895743 0 -0.444573
vn -0.895743 0 -0.444573
vn -0.881289 0 -0.472578
vn -0.881289 0 -0.472578
vn -0.86421 0 -0.503131
vn -0.86421 0 -0.503131
vn -0.844023 0 -0.536308
vn -0.844023 0 -0.536308
vn -0.820164 0 -0.572129
vn -0.820164 0 -0.572129
vn -0.791992 0 -0.610532
vn -0.791992 0 -0.610532
vn -0.758794 0 -0.651331
vn -0.758794 0 -0.651331
vn -0.719817 0 -0.694164
vn -0.719817 0 -0.694164
vn -0.674311 0 -0.738447
vn -0.674311 0 -0.738447
vn -0.621617 0 -0.783321
vn -0.621617 0 -0.783321
vn -0.561273 0 -0.827631
vn -0.561273 0 -0.827631
vn -0.432401 0 -0.901681
vn -0.432401 0 -0.901681
vn -0.308463 0 -0.951236
vn -0.308463 0 -0.951236
vn -0.196688 0 -0.980466
vn -0.196688 0 -0.980466
vn -0.100362 0 -0.994951
vn -0.100362 0 -0.994951
vn -0.0198778 0 -0.999802
vn -0.0198778 0 -0.999802
vn 0.0459258 -0 -0.998945
vn 0.0459258 -0 -0.998945
vn 0.0987694 -0 -0.99511
vn 0.0987694 -0 -0.99511
vn 0.140386 -0 -0.990097
vn 0.140386 -0 -0.990097
vn 0.172272 -0 -0.985049
vn 0.172272 -0 -0.985049
vn 0.195611 -0 -0.980682
vn 0.195611 -0 -0.980682
vn 0.21126 -0 -0.97743
vn 0.21126 -0 -0.97743
vn 0.219775 -0 -0.975551
vn 0.219775 -0 -0.975551
vn 0.221427 -0 -0.975177
vn 0.221427 -0 -0.975177
vn 0.216223 -0 -0.976344
vn 0.216223 -0 -0.976344
vn 0.20391 -0 -0.97899
vn 0.20391 -0 -0.97899
vn -0.972677 0 -0.232163
vn -0.970127 0 -0.242596
vn -0.967466 0 -0.252999
vn -0.964698 0 -0.263359
vn -0.961827 0 -0.27366
vn -0.958858 0 -0.283887
vn -0.955797 0 -0.294028
vn -0.95265 0 -0.304069
vn -0.949424 0 -0.313997
vn -0.946126 0 -0.3238
vn -0.940842 0 -0.338845
vn -0.934564 0 -0.355796
vn -0.927131 0 -0.374738
vn -0.918349 0 -0.395771
vn -0.907982 0 -0.41901
vn -0.895743 0 -0.444573
vn -0.881289 0 -0.472578
vn -0.86421 0 -0.503131
vn -0.844023 0 -0.536308
vn -0.820164 0 -0.572129
vn -0.791992 0 -0.610532
vn -0.758794 0 -0.651331
vn -0.719817 0 -0.694164
vn -0.674311 0 -0.738447
vn -0.621617 0 -0.783321
vn -0.561273 0 -0.827631
vn -0.432401 0 -0.901681
vn -0.308463 0 -0.951236
vn -0.196688 0 -0.980466
vn -0.100362 0 -0.994951
vn -0.0198778 0 -0.999802
vn 0.0459258 -0 -0.998945
vn 0.0987694 -0 -0.99511
vn 0.140386 -0 -0.990097
vn 0.172272 -0 -0.985049
vn 0.195611 -0 -0.980682
vn 0.21126 -0 -0.97743
vn 0.219775 -0 -0.975551
vn 0.221427 -0 -0.975177
vn 0.216223 -0 -0.976344
vn 0.20391 -0 -0.97899
vn -0.647732 -0.661398 -0.378148
vn -0.645221 -0.711579 0.278109
vn -0.670656 -0.712055 0.20784
vn -0.688459 -0.71238 0.136159
vn -0.698938 -0.712564 0.0611422
vn -0.701402 -0.712607 -0.0150444
vn -0.695819 -0.712509 -0.0903671
vn -0.682328 -0.71227 -0.16462
vn -0.661128 -0.711883 -0.236923
vn -0.632534 -0.711343 -0.306418
vn -0.596976 -0.710651 -0.372283
vn -0.554992 -0.709819 -0.433751
vn -0.507219 -0.708875 -0.490127
vn -0.454371 -0.707868 -0.540804
vn -0.39722 -0.706868 -0.58528
vn -0.336569 -0.705966 -0.623164
vn -0.273219 -0.705268 -0.654178
vn -0.207946 -0.704894 -0.678146
vn -0.141477 -0.704967 -0.694986
vn -0.0744783 -0.705605 -0.704681
vn -0.00754277 -0.706913 -0.707261
vn 0.0588021 -0.708975 -0.702778
vn 0.124119 -0.711847 -0.69128
vn 0.188098 -0.715532 -0.67278
vn 0.250279 -0.719994 -0.647279
vn 0.310162 -0.725156 -0.614776
vn 0.367206 -0.730899 -0.57528
vn 0.42081 -0.737058 -0.528833
vn 0.470302 -0.743418 -0.475548
vn 0.514932 -0.749718 -0.415653
vn 0.55389 -0.755661 -0.349545
vn 0.586338 -0.76093 -0.277837
vn 0.611469 -0.765209 -0.201397
vn 0.628577 -0.768222 -0.121352
vn 0.637138 -0.769759 -0.0390577
vn 0.636851 -0.769709 0.0443808
vn 0.627666 -0.768062 0.12695
vn 0.620012 -0.766696 0.166621
vn 0.610422 -0.765003 0.205318
vn 0.598763 -0.762991 0.243574
vn 0.578547 0.778562 0.243154
vn 0.594517 0.781031 0.191156
vn 0.606671 0.782907 0.137869
vn 0.615001 0.784187 0.0826152
vn 0.619173 0.784826 0.0259478
vn 0.619002 0.7848 -0.0304245
vn 0.614568 0.784119 -0.0863912
vn 0.605937 0.782793 -0.141685
vn 0.59323 0.780838 -0.195883
vn 0.576622 0.778277 -0.248578
vn 0.556342 0.775145 -0.299389
vn 0.532664 0.771485 -0.347966
vn 0.505905 0.76735 -0.393999
vn 0.476413 0.762805 -0.437218
vn 0.444561 0.757924 -0.477405
vn 0.410734 0.752794 -0.514392
vn 0.375314 0.747507 -0.548063
vn 0.338672 0.742162 -0.578357
vn 0.301154 0.736862 -0.605261
vn 0.263068 0.73171 -0.628805
vn 0.224672 0.726806 -0.649058
vn 0.186174 0.722241 -0.666113
vn 0.147722 0.718099 -0.680083
vn 0.109409 0.714448 -0.691082
vn 0.071276 0.711343 -0.699222
vn 0.0332351 0.708821 -0.704605
vn -0.00552659 0.706863 -0.707329
vn -0.0451023 0.705421 -0.707352
vn -0.0853508 0.704447 -0.704606
vn -0.126108 0.70389 -0.699025
vn -0.167189 0.703696 -0.69055
vn -0.208387 0.703813 -0.679134
vn -0.249481 0.704187 -0.66474
vn -0.290233 0.704769 -0.647353
vn -0.330394 0.705507 -0.626976
vn -0.369708 0.706358 -0.603634
vn -0.407913 0.707278 -0.577378
vn -0.444744 0.708229 -0.548283
vn -0.479944 0.709179 -0.516448
vn -0.513258 0.710101 -0.481999
vn -0.544445 0.710971 -0.445084
vn -0.573276 0.711773 -0.405874
vn -0.599539 0.712495 -0.364559
vn -0.623044 0.71313 -0.321345
vn -0.643618 0.713673 -0.276454
vn -0.661115 0.714124 -0.230119
vn -0.675409 0.714483 -0.182583
vn -0.686401 0.714754 -0.134093
vn -0.694014 0.714938 -0.0849036
vn -0.698196 0.715037 -0.035272
vn -0.698916 0.715055 0.0146086
vn -0.696107 0.714988 0.0650204
vn -0.689812 0.714837 0.11475
vn -0.680274 0.714603 0.163002
vn -0.667655 0.714284 0.209845
vn -0.651794 0.713876 0.256019
vn -0.645338 0.663142 -0.379185
vn -0.866568 0 -0.499059
vn 0.961646 -0 0.274293
vn 0.961646 -0 0.274293
vn 0.983166 -0 0.182712
vn 0.983166 -0 0.182712
vn 0.995909 -0 0.0903652
vn 0.995909 -0 0.0903652
vn 1 -0 -4.24349e-16
vn 1 -0 -6.36524e-16
vn 0.995955 -0 -0.0898544
vn 0.995955 -0 -0.0898544
vn 0.983305 -0 -0.181963
vn 0.983305 -0 -0.181963
vn 0.961399 -0 -0.275158
vn 0.961399 -0 -0.275158
vn 0.929788 -0 -0.368095
vn 0.929788 -0 -0.368095
vn 0.888284 -0 -0.459295
vn 0.888284 -0 -0.459295
vn 0.836996 -0 -0.54721
vn 0.836996 -0 -0.54721
vn 0.776353 -0 -0.630298
vn 0.776353 -0 -0.630298
vn 0.707107 -0 -0.707107
vn 0.707107 -0 -0.707107
vn 0.630298 -0 -0.776353
vn 0.630298 -0 -0.776353
vn 0.54721 -0 -0.836996
vn 0.54721 -0 -0.836996
vn 0.459295 -0 -0.888284
vn 0.459295 -0 -0.888284
vn 0.368095 -0 -0.929788
vn 0.368095 -0 -0.929788
vn 0.275158 -0 -0.961399
vn 0.275158 -0 -0.961399
vn 0.181963 -0 -0.983305
vn 0.181963 -0 -0.983305
vn 0.0898544 -0 -0.995955
vn 0.0898544 -0 -0.995955
vn -7.42611e-16 0 -1
vn -4.24349e-16 0 -1
vn -0.0898544 4.47279e-19 -0.995955
vn -0.0898544 4.47279e-19 -0.995955
vn -0.181963 0 -0.983305
vn -0.181963 0 -0.983305
vn -0.275158 3.66235e-18 -0.961399
vn -0.275158 3.66235e-18 -0.961399
vn -0.368095 3.62388e-18 -0.929788
vn -0.368095 3.62388e-18 -0.929788
vn -0.459295 7.05111e-18 -0.888284
vn -0.459295 7.05111e-18 -0.888284
vn -0.54721 6.7321e-18 -0.836996
vn -0.54721 6.7321e-18 -0.836996
vn -0.630298 1.25889e-17 -0.776353
vn -0.630298 1.25889e-17 -0.776353
vn -0.707107 1.14967e-17 -0.707107
vn -0.707107 1.14967e-17 -0.707107
vn -0.776353 0 -0.630298
vn -0.776353 0 -0.630298
vn -0.836996 8.8026e-18 -0.54721
vn -0.836996 8.8026e-18 -0.54721
vn -0.888284 7.29167e-18 -0.459295
vn -0.888284 7.29167e-18 -0.459295
vn -0.929788 5.73864e-18 -0.368095
vn -0.929788 5.73864e-18 -0.368095
vn -0.961399 4.19275e-18 -0.275158
vn -0.961399 4.19275e-18 -0.275158
vn -0.983305 0 -0.181963
vn -0.983305 0 -0.181963
vn -0.995955 0 -0.0898544
vn -0.995955 0 -0.0898544
vn -1 -0 4.88002e-15
vn -1 0 -2.12175e-16
vn -0.994427 -0 0.105424
vn -0.994427 -0 0.105424
vn -0.976989 -0 0.213291
vn -0.976989 -0 0.213291
vn -0.947534 -0 0.319654
vn -0.947534 -0 0.319654
vn 0.961646 -0 0.274293
vn 0.983166 -0 0.182712
vn 0.995909 -0 0.0903652
vn 1 -0 -2.12175e-16
vn 0.995955 -0 -0.0898544
vn 0.983305 -0 -0.181963
vn 0.961399 -0 -0.275158
vn 0.929788 -0 -0.368095
vn 0.888284 -0 -0.459295
vn 0.836996 -0 -0.54721
vn 0.776353 -0 -0.630298
vn 0.707107 -0 -0.707107
vn 0.630298 -0 -0.776353
vn 0.54721 -0 -0.836996
vn 0.459295 -0 -0.888284
vn 0.368095 -0 -0.929788
vn 0.275158 -0 -0.961399
vn 0.181963 -0 -0.983305
vn 0.0898544 -0 -0.995955
vn 1.06087e-16 -0 -1
vn -0.0898544 4.47279e-19 -0.995955
vn -0.181963 0 -0.983305
vn -0.275158 3.66235e-18 -0.961399
vn -0.368095 3.62388e-18 -0.929788
vn -0.459295 7.05111e-18 -0.888284
vn -0.54721 6.7321e-18 -0.836996
vn -0.630298 1.25889e-17 -0.776353
vn -0.707107 1.14967e-17 -0.707107
vn -0.776353 0 -0.630298
vn -0.836996 8.8026e-18 -0.54721
vn -0.888284 7.29167e-18 -0.459295
vn -0.929788 5.73864e-18 -0.368095
vn -0.961399 4.19275e-18 -0.275158
vn -0.983305 0 -0.181963
vn -0.995955 0 -0.0898544
vn -1 -0 3.18262e-15
vn -0.994427 -0 0.105424
vn -0.976989 -0 0.213291
vn -0.947534 -0 0.319654
vn 0.601779 -0.700685 -0.38328
vn -0.0258298 -0.70684 -0.706902
vn -0.0269692 -0.706809 -0.70689
vn -0.0241514 -0.706895 -0.706906
vn -0.0182698 -0.707029 -0.706948
vn -0.0139939 -0.707096 -0.70698
vn -0.0110921 -0.707124 -0.707003
vn -0.00887556 -0.707131 -0.707026
vn -0.00732497 -0.707128 -0.707048
vn -0.00680194 -0.707124 -0.707057
vn -0.0062502 -0.707119 -0.707067
vn -0.00440435 -0.707111 -0.707089
vn -0.00159269 -0.707107 -0.707105
vn 0.00214762 -0.707109 -0.707102
vn 0.00677135 -0.707118 -0.707063
vn 0.0122255 -0.707137 -0.706971
vn 0.0171709 -0.707155 -0.70685
vn 0.0194453 -0.707153 -0.706793
vn 0.0189768 -0.707127 -0.706832
vn 0.0154772 -0.70709 -0.706954
vn 0.0108136 -0.707073 -0.707058
vn 0.00413267 -0.707083 -0.707118
vn -0.00171815 -0.70712 -0.707092
vn -0.00982019 -0.70719 -0.706955
vn -0.0244217 -0.707321 -0.706471
vn -0.0365547 -0.707404 -0.705863
vn -0.0456874 -0.707444 -0.705291
vn -0.02454 0.707408 -0.70638
vn -0.00730851 0.707197 -0.706979
vn 0.00121518 0.707093 -0.707119
vn 0.00673103 0.707049 -0.707132
vn 0.0107069 0.707043 -0.70709
vn 0.0137622 0.707056 -0.707024
vn 0.0174406 0.707108 -0.706891
vn 0.0183858 0.707154 -0.70682
vn 0.0170595 0.707173 -0.706835
vn 0.0156236 0.70717 -0.706871
vn 0.0136775 0.70716 -0.706922
vn 0.0112113 0.707145 -0.70698
vn 0.0087322 0.707131 -0.707029
vn 0.00640713 0.70712 -0.707064
vn 0.0042436 0.707113 -0.707088
vn 0.000431046 0.707107 -0.707106
vn -0.00265121 0.707109 -0.7071
vn -0.00495748 0.707115 -0.707081
vn -0.00645165 0.707124 -0.70706
vn -0.00780875 0.707131 -0.70704
vn -0.00979059 0.70713 -0.707016
vn -0.0122814 0.707115 -0.706992
vn -0.0155416 0.707075 -0.706968
vn -0.0185069 0.707025 -0.706946
vn -0.0221143 0.706947 -0.70692
vn -0.0248147 0.706877 -0.706901
vn -0.0266026 0.706823 -0.70689
vn -0.0268771 0.706811 -0.706891
vn -0.0257285 0.706843 -0.706903
vn -0.0243697 0.706879 -0.706915
vn 0.601781 0.700683 -0.383279
vn 0.848202 0 -0.529673
vn -0.0675212 0 -0.997718
vn -0.0675212 0 -0.997718
vn -0.0497197 0 -0.998763
vn -0.0497197 0 -0.998763
vn -0.0338356 0 -0.999427
vn -0.0338356 0 -0.999427
vn -0.0198306 0 -0.999803
vn -0.0198306 0 -0.999803
vn -0.00764948 0 -0.999971
vn -0.00764948 0 -0.999971
vn 0.00277312 -0 -0.999996
vn 0.00277312 -0 -0.999996
vn 0.0115072 -0 -0.999934
vn 0.0115072 -0 -0.999934
vn 0.018623 -0 -0.999827
vn 0.018623 -0 -0.999827
vn 0.0241872 -0 -0.999707
vn 0.0241872 -0 -0.999707
vn 0.0282599 -0 -0.999601
vn 0.0282599 -0 -0.999601
vn 0.0308927 -0 -0.999523
vn 0.0308927 -0 -0.999523
vn 0.0321265 -0 -0.999484
vn 0.0321265 -0 -0.999484
vn 0.0319896 -0 -0.999488
vn 0.0319896 -0 -0.999488
vn 0.0304962 -0 -0.999535
vn 0.0304962 -0 -0.999535
vn 0.0276444 -0 -0.999618
vn 0.0276444 -0 -0.999618
vn 0.0234139 -0 -0.999726
vn 0.0234139 -0 -0.999726
vn 0.0179971 -0 -0.999838
vn 0.0179971 -0 -0.999838
vn 0.0129227 -0 -0.999916
vn 0.0129227 -0 -0.999916
vn 0.00819996 -0 -0.999966
vn 0.00819996 -0 -0.999966
vn 0.00383711 -0 -0.999993
vn 0.00383711 -0 -0.999993
vn -0.000158176 0 -1
vn -0.000158176 0 -1
vn -0.00377902 0 -0.999993
vn -0.00377902 0 -0.999993
vn -0.0070193 0 -0.999975
vn -0.0070193 0 -0.999975
vn -0.00987365 0 -0.999951
vn -0.00987365 0 -0.999951
vn -0.0123375 0 -0.999924
vn -0.0123375 0 -0.999924
vn -0.014407 0 -0.999896
vn -0.014407 0 -0.999896
vn -0.016079 0 -0.999871
vn -0.016079 0 -0.999871
vn -0.0173513 0 -0.999849
vn -0.0173513 0 -0.999849
vn -0.0182224 0 -0.999834
vn -0.0182224 0 -0.999834
vn -0.0186915 0 -0.999825
vn -0.0186915 0 -0.999825
vn -0.0187586 0 -0.999824
vn -0.0187586 0 -0.999824
vn -0.0184243 0 -0.99983
vn -0.0184243 0 -0.99983
vn -0.0181803 0 -0.999835
vn -0.0181803 0 -0.999835
vn -0.0179478 0 -0.999839
vn -0.0179478 0 -0.999839
vn -0.0177259 0 -0.999843
vn -0.0177259 0 -0.999843
vn -0.017514 0 -0.999847
vn -0.017514 0 -0.999847
vn -0.0173117 0 -0.99985
vn -0.0173117 0 -0.99985
vn -0.0171186 0 -0.999853
vn -0.0171186 0 -0.999853
vn -0.0169346 0 -0.999857
vn -0.0169346 0 -0.999857
vn -0.0167596 0 -0.99986
vn -0.0167596 0 -0.99986
vn -0.0165937 0 -0.999862
vn -0.0165937 0 -0.999862
vn -0.0164369 0 -0.999865
vn -0.0164369 0 -0.999865
vn -0.0162895 0 -0.999867
vn -0.0162895 0 -0.999867
vn -0.0161516 0 -0.99987
vn -0.0161516 0 -0.99987
vn -0.0160237 0 -0.999872
vn -0.0160237 0 -0.999872
vn -0.0159059 0 -0.999873
vn -0.0159059 0 -0.999873
vn -0.0157986 0 -0.999875
vn -0.0157986 0 -0.999875
vn -0.0675212 0 -0.997718
vn -0.0497197 0 -0.998763
vn -0.0338356 0 -0.999427
vn -0.0198306 0 -0.999803
vn -0.00764948 0 -0.999971
vn 0.00277312 -0 -0.999996
vn 0.0115072 -0 -0.999934
vn 0.018623 -0 -0.999827
vn 0.0241872 -0 -0.999707
vn 0.0282599 -0 -0.999601
vn 0.0308927 -0 -0.999523
vn 0.0321265 -0 -0.999484
vn 0.0319896 -0 -0.999488
vn 0.0304962 -0 -0.999535
vn 0.0276444 -0 -0.999618
vn 0.0234139 -0 -0.999726
vn 0.0179971 -0 -0.999838
vn 0.0129227 -0 -0.999916
vn 0.00819996 -0 -0.999966
vn 0.00383711 -0 -0.999993
vn -0.000158176 0 -1
vn -0.00377902 0 -0.999993
vn -0.0070193 0 -0.999975
vn -0.00987365 0 -0.999951
vn -0.0123375 0 -0.999924
vn -0.014407 0 -0.999896
vn -0.016079 0 -0.999871
vn -0.0173513 0 -0.999849
vn -0.0182224 0 -0.999834
vn -0.0186915 0 -0.999825
vn -0.0187586 0 -0.999824
vn -0.0184243 0 -0.99983
vn -0.0181803 0 -0.999835
vn -0.0179478 0 -0.999839
vn -0.0177259 0 -0.999843
vn -0.017514 0 -0.999847
vn -0.0173117 0 -0.99985
vn -0.0171186 0 -0.999853
vn -0.0169346 0 -0.999857
vn -0.0167596 0 -0.99986
vn -0.0165937 0 -0.999862
vn -0.0164369 0 -0.999865
vn -0.0162895 0 -0.999867
vn -0.0161516 0 -0.99987
vn -0.0160237 0 -0.999872
vn -0.0159059 0 -0.999873
vn -0.0157986 0 -0.999875
vn -0.49591 -0.764348 -0.412124
vn -0.49858 -0.780553 0.377034
vn -0.522596 -0.786656 0.328735
vn -0.542788 -0.792041 0.27938
vn -0.559745 -0.796698 0.227944
vn -0.573515 -0.80054 0.173829
vn -0.583795 -0.80343 0.116975
vn -0.590129 -0.805218 0.0580686
vn -0.592185 -0.805801 -0.00127683
vn -0.589993 -0.805176 -0.0599925
vn -0.583652 -0.803376 -0.118056
vn -0.573303 -0.800467 -0.17486
vn -0.559167 -0.796555 -0.229853
vn -0.541531 -0.791772 -0.282561
vn -0.520724 -0.786273 -0.332599
vn -0.497093 -0.780222 -0.379673
vn -0.470993 -0.773786 -0.423581
vn -0.44276 -0.767125 -0.464202
vn -0.412707 -0.760388 -0.501482
vn -0.381109 -0.753709 -0.535423
vn -0.348206 -0.747207 -0.566069
vn -0.314192 -0.740981 -0.59349
vn -0.279228 -0.735114 -0.617769
vn -0.243435 -0.729672 -0.638998
vn -0.206906 -0.724706 -0.657261
vn -0.169709 -0.720251 -0.672635
vn -0.131897 -0.716331 -0.685181
vn -0.0935098 -0.712958 -0.694944
vn -0.0545854 -0.710132 -0.70195
vn -0.0151658 -0.707842 -0.706208
vn 0.0246976 -0.706072 -0.707709
vn 0.0649907 -0.70479 -0.706433
vn 0.105719 -0.703949 -0.702338
vn 0.146746 -0.703503 -0.695377
vn 0.187909 -0.703403 -0.685503
vn 0.229024 -0.703597 -0.672681
vn 0.269886 -0.704034 -0.656885
vn 0.310271 -0.704663 -0.638108
vn 0.349943 -0.705435 -0.616361
vn 0.388653 -0.706303 -0.59168
vn 0.426145 -0.707225 -0.564122
vn 0.462162 -0.708162 -0.533772
vn 0.496447 -0.709083 -0.50074
vn 0.528752 -0.709962 -0.465161
vn 0.558839 -0.710777 -0.427194
vn 0.586484 -0.711515 -0.387019
vn 0.611482 -0.712165 -0.344834
vn 0.633648 -0.712724 -0.300855
vn 0.65282 -0.713192 -0.25531
vn 0.66886 -0.713569 -0.208437
vn 0.681653 -0.713859 -0.160481
vn 0.691109 -0.714068 -0.111692
vn 0.697162 -0.714199 -0.0623246
vn 0.699772 -0.714255 -0.0126349
vn 0.698902 -0.714236 0.0374599
vn 0.694482 -0.714142 0.0877272
vn 0.686658 -0.713972 0.136913
vn 0.67568 -0.713724 0.18454
vn 0.661659 -0.713395 0.230815
vn 0.64438 -0.712977 0.276474
vn 0.635191 0.712752 0.297516
vn 0.645956 0.713015 0.272672
vn 0.668143 0.71355 0.210789
vn 0.684584 0.713928 0.147144
vn 0.69531 0.714164 0.0807133
vn 0.699767 0.714259 0.0126541
vn 0.697788 0.714216 -0.0546531
vn 0.689504 0.714036 -0.121394
vn 0.67502 0.713712 -0.186985
vn 0.654522 0.713233 -0.2508
vn 0.628275 0.712589 -0.312229
vn 0.596628 0.711777 -0.370686
vn 0.560005 0.710803 -0.425621
vn 0.518903 0.709687 -0.476534
vn 0.473878 0.708467 -0.522986
vn 0.425534 0.707201 -0.564614
vn 0.374498 0.705966 -0.601135
vn 0.321407 0.704858 -0.632354
vn 0.266884 0.703988 -0.658159
vn 0.211518 0.703476 -0.678514
vn 0.155849 0.703449 -0.693448
vn 0.100353 0.704034 -0.70304
vn 0.0454354 0.705352 -0.7074
vn -0.00867274 0.707518 -0.706642
vn -0.0619795 0.710624 -0.700836
vn -0.114365 0.714717 -0.69
vn -0.165728 0.71981 -0.674098
vn -0.215972 0.725883 -0.653031
vn -0.264963 0.732876 -0.626647
vn -0.312509 0.740685 -0.594746
vn -0.358323 0.749155 -0.55711
vn -0.402 0.758076 -0.513533
vn -0.443007 0.76718 -0.463875
vn -0.480675 0.776141 -0.408113
vn -0.514222 0.784586 -0.346411
vn -0.542793 0.792109 -0.279176
vn -0.565523 0.798304 -0.207108
vn -0.581628 0.802803 -0.131214
vn -0.590491 0.805317 -0.0527809
vn -0.591747 0.805676 0.0268695
vn -0.585178 0.803818 0.106973
vn -0.571274 0.79991 0.18382
vn -0.551095 0.794308 0.255674
vn -0.525084 0.787306 0.323165
vn -0.509642 0.783318 0.355919
vn -0.495912 0.764347 -0.412123
vn -0.864513 2.05193e-16 -0.502611
vn 0.939801 -0 0.341723
vn 0.939801 -0 0.341723
vn 0.973602 -0 0.228252
vn 0.973602 -0 0.228252
vn 0.993618 -0 0.1128
vn 0.993618 -0 0.1128
vn 1 -0 1.6974e-15
vn 1 -0 -5.94089e-15
vn 0.995955 -0 -0.0898544
vn 0.995955 -0 -0.0898544
vn 0.983305 -0 -0.181963
vn 0.983305 -0 -0.181963
vn 0.961399 -0 -0.275158
vn 0.961399 -0 -0.275158
vn 0.929788 -0 -0.368095
vn 0.929788 -0 -0.368095
vn 0.888284 -0 -0.459295
vn 0.888284 -0 -0.459295
vn 0.836996 -0 -0.54721
vn 0.836996 -0 -0.54721
vn 0.776353 -0 -0.630298
vn 0.776353 -0 -0.630298
vn 0.707107 -0 -0.707107
vn 0.707107 -0 -0.707107
vn 0.630298 -0 -0.776353
vn 0.630298 -0 -0.776353
vn 0.54721 -0 -0.836996
vn 0.54721 -0 -0.836996
vn 0.459295 -0 -0.888284
vn 0.459295 -0 -0.888284
vn 0.368095 -0 -0.929788
vn 0.368095 -0 -0.929788
vn 0.275158 -0 -0.961399
vn 0.275158 -0 -0.961399
vn 0.181963 -0 -0.983305
vn 0.181963 -0 -0.983305
vn 0.0898544 -0 -0.995955
vn 0.0898544 -0 -0.995955
vn 2.12175e-16 -0 -1
vn 1.06087e-16 -0 -1
vn -0.0898544 1.24453e-19 -0.995955
vn -0.0898544 1.24453e-19 -0.995955
vn -0.181963 -1.34906e-17 -0.983305
vn -0.181963 -1.34906e-17 -0.983305
vn -0.275158 3.66235e-18 -0.961399
vn -0.275158 3.66235e-18 -0.961399
vn -0.368095 -5.37626e-17 -0.929788
vn -0.368095 -5.37626e-17 -0.929788
vn -0.459295 -8.04489e-17 -0.888284
vn -0.459295 -8.04489e-17 -0.888284
vn -0.54721 -9.88991e-17 -0.836996
vn -0.54721 -9.88991e-17 -0.836996
vn -0.630298 -1.50939e-16 -0.776353
vn -0.630298 -1.50939e-16 -0.776353
vn -0.707107 -1.72451e-16 -0.707107
vn -0.707107 -1.72451e-16 -0.707107
vn -0.776353 -1.00711e-16 -0.630298
vn -0.776353 -1.00711e-16 -0.630298
vn -0.836996 8.8026e-18 -0.54721
vn -0.836996 8.8026e-18 -0.54721
vn -0.888284 7.29167e-18 -0.459295
vn -0.888284 7.29167e-18 -0.459295
vn -0.929788 -1.10226e-16 -0.368095
vn -0.929788 -1.10226e-16 -0.368095
vn -0.961399 -2.30198e-16 -0.275158
vn -0.961399 -2.30198e-16 -0.275158
vn -0.983305 0 -0.181963
vn -0.983305 0 -0.181963
vn -0.995955 0 -0.0898544
vn -0.995955 0 -0.0898544
vn -1 0 -1.27305e-14
vn -1 -0 1.61253e-14
vn -0.992771 -1.11573e-16 0.120026
vn -0.992771 -1.11573e-16 0.120026
vn -0.970053 -8.70507e-17 0.242895
vn -0.970053 -8.70507e-17 0.242895
vn -0.931699 1.12592e-16 0.363231
vn -0.931699 1.12592e-16 0.363231
vn 0.939801 -0 0.341723
vn 0.973602 -0 0.228252
vn 0.993618 -0 0.1128
vn 1 -0 -2.5461e-15
vn 0.995955 -0 -0.0898544
vn 0.983305 -0 -0.181963
vn 0.961399 -0 -0.275158
vn 0.929788 -0 -0.368095
vn 0.888284 -0 -0.459295
vn 0.836996 -0 -0.54721
vn 0.776353 -0 -0.630298
vn 0.707107 -0 -0.707107
vn 0.630298 -0 -0.776353
vn 0.54721 -0 -0.836996
vn 0.459295 -0 -0.888284
vn 0.368095 -0 -0.929788
vn 0.275158 -0 -0.961399
vn 0.181963 -0 -0.983305
vn 0.0898544 -0 -0.995955
vn 1.06087e-16 -0 -1
vn -0.0898544 1.24453e-19 -0.995955
vn -0.181963 -1.34906e-17 -0.983305
vn -0.275158 3.66235e-18 -0.961399
vn -0.368095 -5.37626e-17 -0.929788
vn -0.459295 -8.04489e-17 -0.888284
vn -0.54721 -9.88991e-17 -0.836996
vn -0.630298 -1.50939e-16 -0.776353
vn -0.707107 -1.72451e-16 -0.707107
vn -0.776353 -1.00711e-16 -0.630298
vn -0.836996 8.8026e-18 -0.54721
vn -0.888284 7.29167e-18 -0.459295
vn -0.929788 -1.10226e-16 -0.368095
vn -0.961399 -2.30198e-16 -0.275158
vn -0.983305 0 -0.181963
vn -0.995955 0 -0.0898544
vn -1 -0 1.6974e-15
vn -0.992771 -1.11573e-16 0.120026
vn -0.970053 -8.70507e-17 0.242895
vn -0.931699 1.12592e-16 0.363231
vn 0.740174 -0.148048 -0.655915
vn 0.641986 -0.280326 -0.713633
vn 0.626977 -0.312862 -0.713454
vn 0.609088 -0.346832 -0.713246
vn 0.588101 -0.381786 -0.713005
vn 0.565156 -0.415445 -0.712745
vn 0.541764 -0.445942 -0.71248
vn 0.518364 -0.473334 -0.712217
vn 0.472945 -0.519415 -0.71171
vn 0.430836 -0.55544 -0.711243
vn 0.392895 -0.583404 -0.710826
vn 0.329807 -0.622037 -0.710139
vn 0.304223 -0.63525 -0.709863
vn 0.282144 -0.64562 -0.709626
vn 0.263269 -0.653763 -0.709425
vn 0.247359 -0.66013 -0.709255
vn 0.233503 -0.665314 -0.709108
vn 0.219445 -0.670235 -0.708964
vn 0.200275 -0.676408 -0.708775
vn 0.1873 -0.680243 -0.708652
vn 0.192479 0.678745 -0.7087
vn 0.206236 0.674554 -0.708833
vn 0.221521 0.669529 -0.708984
vn 0.236472 0.664231 -0.709139
vn 0.246297 0.660539 -0.709243
vn 0.257175 0.656255 -0.70936
vn 0.283406 0.645052 -0.70964
vn 0.304463 0.635132 -0.709866
vn 0.328677 0.622649 -0.710127
vn 0.356343 0.606889 -0.710427
vn 0.376841 0.594111 -0.71065
vn 0.399061 0.579121 -0.710893
vn 0.423027 0.56152 -0.711157
vn 0.448701 0.540851 -0.71144
vn 0.475949 0.516618 -0.711743
vn 0.504503 0.488308 -0.712062
vn 0.533912 0.455451 -0.712392
vn 0.56352 0.417692 -0.712726
vn 0.592414 0.374966 -0.713054
vn 0.61765 0.331131 -0.713345
vn 0.638085 0.28921 -0.713586
vn 0.740173 0.148048 -0.655915
vn 0.464585 0 -0.885528
vn -0.0180035 0 -0.999838
vn -0.0180035 0 -0.999838
vn -0.0180035 0 -0.999838
vn 0.116231 -0.451232 0.884805
vn 0.176659 -0.708809 0.682922
vn 0.172992 -0.708551 0.684126
vn 0.170612 -0.708242 0.685043
vn 0.168943 -0.707874 0.685837
vn 0.167833 -0.707013 0.686997
vn 0.169513 -0.705885 0.687744
vn 0.174171 -0.704412 0.688091
vn 0.181971 -0.702479 0.688048
vn 0.188983 -0.700861 0.687807
vn 0.197481 -0.698915 0.687401
vn 0.207271 -0.696618 0.686849
vn 0.219136 -0.693896 0.685921
vn 0.234607 -0.690573 0.684155
vn 0.253477 -0.686553 0.681465
vn 0.275571 -0.681741 0.677709
vn 0.300761 -0.676054 0.672676
vn 0.328975 -0.669414 0.666078
vn 0.360175 -0.661757 0.657535
vn 0.394373 -0.653029 0.646547
vn 0.431571 -0.643206 0.632481
vn 0.471791 -0.632285 0.614514
vn 0.506723 -0.621595 0.597371
vn 0.522116 -0.615491 0.590395
vn 0.53146 -0.610212 0.587529
vn 0.536488 -0.603528 0.58986
vn 0.534586 -0.596859 0.598312
vn 0.527825 -0.589781 0.611195
vn 0.518893 -0.581624 0.626469
vn 0.51084 -0.571421 0.642277
vn 0.508091 -0.565159 0.649953
vn 0.506664 -0.557866 0.657325
vn 0.510614 -0.548319 0.662283
vn 0.522014 -0.535641 0.663769
vn 0.562605 -0.500685 0.657868
vn 0.621187 -0.452476 0.639838
vn 0.691258 -0.391393 0.607432
vn 0.728293 -0.356742 0.585085
vn 0.765208 -0.320162 0.558527
vn 0.832385 -0.250906 0.494147
vn 0.861753 -0.220209 0.457045
vn 0.888155 -0.192435 0.417312
vn 0.91116 -0.167646 0.376406
vn 0.929532 -0.14583 0.33868
vn 0.955353 -0.109503 0.274428
vn 0.98116 -0.057742 0.184368
vn 0.98718 -0.0395542 0.154632
vn 0.990772 -0.0255648 0.133104
vn 0.99283 -0.015486 0.118527
vn 0.993968 -0.0090242 0.109296
vn 0.994553 -0.00391894 0.10416
vn 0.994705 0.000393461 0.102773
vn 0.994051 0.00638237 0.108725
vn 0.992656 0.00853738 0.120667
vn 0.991652 0.00768956 0.128717
vn 0.990855 0.00494123 0.134838
vn 0.990514 0.000266211 0.13741
vn 0.9908 -0.00458461 0.135255
vn 0.991564 -0.00751303 0.129398
vn 0.992559 -0.00853708 0.121461
vn 0.993843 -0.00704353 0.11057
vn 0.994452 -0.00432331 0.105106
vn 0.994705 -0.000308958 0.102768
vn 0.994471 0.00490804 0.104899
vn 0.993602 0.011216 0.11238
vn 0.991796 0.0208024 0.126127
vn 0.988232 0.0357967 0.148713
vn 0.981605 0.0565416 0.182359
vn 0.969721 0.0839482 0.229335
vn 0.948656 0.119816 0.29274
vn 0.932648 0.141865 0.331726
vn 0.911381 0.167398 0.375982
vn 0.883739 0.197097 0.42445
vn 0.851477 0.230969 0.470786
vn 0.815071 0.268916 0.513171
vn 0.774758 0.310442 0.550795
vn 0.731261 0.353881 0.583117
vn 0.687362 0.394933 0.609558
vn 0.60589 0.46521 0.645351
vn 0.57138 0.493506 0.655726
vn 0.542805 0.517116 0.661781
vn 0.521511 0.53613 0.66377
vn 0.509057 0.550688 0.661516
vn 0.506769 0.556319 0.658555
vn 0.50706 0.560965 0.654376
vn 0.50958 0.568974 0.645443
vn 0.513667 0.575703 0.636171
vn 0.518725 0.581455 0.626764
vn 0.529199 0.59103 0.608796
vn 0.535944 0.599259 0.594686
vn 0.534726 0.607133 0.587757
vn 0.522474 0.615325 0.590251
vn 0.510957 0.620063 0.595353
vn 0.495498 0.625336 0.602857
vn 0.476112 0.631089 0.612409
vn 0.454462 0.637024 0.622627
vn 0.433577 0.642669 0.631654
vn 0.413528 0.64801 0.639592
vn 0.37591 0.657781 0.652699
vn 0.31059 0.673774 0.670495
vn 0.258709 0.685426 0.680632
vn 0.238045 0.689843 0.683704
vn 0.221117 0.693463 0.685723
vn 0.208189 0.696399 0.686794
vn 0.1978 0.698842 0.687383
vn 0.188842 0.700895 0.687812
vn 0.18153 0.702585 0.688056
vn 0.171702 0.705127 0.687978
vn 0.167923 0.706869 0.687123
vn 0.168149 0.707524 0.686394
vn 0.169695 0.708062 0.685457
vn 0.171426 0.708363 0.684715
vn 0.1737 0.708619 0.683877
vn 0.17727 0.708838 0.682733
vn 0.116223 0.451232 0.884806
vn 0.962293 -0 0.272017
vn 0.140655 -0 0.990059
vn 0.978726 -0 0.205171
vn 0.978726 -0 0.205171
vn 0.978726 -0 0.205171
vn 0.978726 -0 0.205171
vn 0.972468 -0 0.233037
vn 0.972468 -0 0.233037
vn 0.972468 -0 0.233037
vn 0.972468 -0 0.233037
vn 0.965005 -0 0.262232
vn 0.965005 -0 0.262232
vn 0.965005 -0 0.262232
vn 0.965005 -0 0.262232
vn 0.956156 -0 0.292856
vn 0.956156 -0 0.292856
vn 0.945715 -0 0.324998
vn 0.945715 -0 0.324998
vn 0.933441 -0 0.35873
vn 0.933441 -0 0.35873
vn 0.919068 -0 0.3941
vn 0.919068 -0 0.3941
vn 0.902293 -0 0.431122
vn 0.902293 -0 0.431122
vn 0.88279 -0 0.469768
vn 0.88279 -0 0.469768
vn 0.860205 -0 0.509948
vn 0.860205 -0 0.509948
vn 0.834174 -0 0.551502
vn 0.834174 -0 0.551502
vn 0.804331 -0 0.594182
vn 0.804331 -0 0.594182
vn 0.770338 -0 0.637636
vn 0.770338 -0 0.637636
vn 0.731908 -0 0.681404
vn 0.731908 -0 0.681404
vn 0.688842 -0 0.724912
vn 0.688842 -0 0.724912
vn 0.611718 -0 0.791076
vn 0.611718 -0 0.791076
vn 0.536995 -0 0.843585
vn 0.536995 -0 0.843585
vn 0.467542 -0 0.883971
vn 0.467542 -0 0.883971
vn 0.405068 -0 0.914287
vn 0.405068 -0 0.914287
vn 0.350346 -0 0.936621
vn 0.350346 -0 0.936621
vn 0.303511 -0 0.952828
vn 0.303511 -0 0.952828
vn 0.26433 -0 0.964432
vn 0.26433 -0 0.964432
vn 0.232402 -0 0.97262
vn 0.232402 -0 0.97262
vn 0.207288 -0 0.97828
vn 0.207288 -0 0.97828
vn 0.188585 -0 0.982057
vn 0.188585 -0 0.982057
vn 0.175978 -0 0.984394
vn 0.175978 -0 0.984394
vn 0.169257 -0 0.985572
vn 0.169257 -0 0.985572
vn 0.168331 -0 0.985731
vn 0.168331 -0 0.985731
vn 0.173239 -0 0.98488
vn 0.173239 -0 0.98488
vn 0.184149 -0 0.982898
vn 0.184149 -0 0.982898
vn 0.201366 -0 0.979516
vn 0.201366 -0 0.979516
vn 0.238992 -0 0.971021
vn 0.238992 -0 0.971021
vn 0.274734 -0 0.96152
vn 0.274734 -0 0.96152
vn 0.308058 -0 0.951368
vn 0.308058 -0 0.951368
vn 0.338482 -0 0.940973
vn 0.338482 -0 0.940973
vn 0.365593 -0 0.930775
vn 0.365593 -0 0.930775
vn 0.389052 -0 0.921216
vn 0.389052 -0 0.921216
vn 0.408593 -0 0.912717
vn 0.408593 -0 0.912717
vn 0.424016 -0 0.905655
vn 0.424016 -0 0.905655
vn 0.435177 -0 0.900345
vn 0.435177 -0 0.900345
vn 0.441976 -0 0.897027
vn 0.441976 -0 0.897027
vn 0.444349 -0 0.895854
vn 0.444349 -0 0.895854
vn 0.442257 -0 0.896888
vn 0.442257 -0 0.896888
vn 0.43569 -0 0.900097
vn 0.43569 -0 0.900097
vn 0.424663 -0 0.905352
vn 0.424663 -0 0.905352
vn 0.409229 -0 0.912432
vn 0.409229 -0 0.912432
vn 0.38949 -0 0.921031
vn 0.38949 -0 0.921031
vn 0.361945 -0 0.9322
vn 0.361945 -0 0.9322
vn 0.336758 -0 0.941591
vn 0.336758 -0 0.941591
vn 0.313869 -0 0.949466
vn 0.313869 -0 0.949466
vn 0.293207 -0 0.956049
vn 0.293207 -0 0.956049
vn 0.27469 -0 0.961533
vn 0.27469 -0 0.961533
vn 0.258237 -0 0.966082
vn 0.258237 -0 0.966082
vn 0.243769 -0 0.969833
vn 0.243769 -0 0.969833
vn 0.231214 -0 0.972903
vn 0.231214 -0 0.972903
vn 0.220507 -0 0.975385
vn 0.220507 -0 0.975385
vn 0.211591 -0 0.977358
vn 0.211591 -0 0.977358
vn 0.204422 -0 0.978883
vn 0.204422 -0 0.978883
vn 0.198966 -0 0.980006
vn 0.198966 -0 0.980006
vn 0.1952 -0 0.980763
vn 0.1952 -0 0.980763
vn 0.193114 -0 0.981176
vn 0.193114 -0 0.981176
vn 0.192709 -0 0.981256
vn 0.192709 -0 0.981256
vn 0.194002 -0 0.981001
vn 0.194002 -0 0.981001
vn 0.199385 -0 0.979921
vn 0.199385 -0 0.979921
vn 0.205736 -0 0.978607
vn 0.205736 -0 0.978607
vn 0.213031 -0 0.977045
vn 0.213031 -0 0.977045
vn 0.221231 -0 0.975221
vn 0.221231 -0 0.975221
vn 0.230283 -0 0.973124
vn 0.230283 -0 0.973124
vn 0.240117 -0 0.970744
vn 0.240117 -0 0.970744
vn 0.250652 -0 0.968077
vn 0.250652 -0 0.968077
vn 0.261795 -0 0.965124
vn 0.261795 -0 0.965124
vn 0.262588 -0 0.964908
vn 0.262588 -0 0.964908
vn 0.263414 -0 0.964683
vn 0.263414 -0 0.964683
vn 0.264274 -0 0.964448
vn 0.264274 -0 0.964448
vn 0.265168 -0 0.964202
vn 0.265168 -0 0.964202
vn 0.266096 -0 0.963947
vn 0.266096 -0 0.963947
vn 0.267057 -0 0.963681
vn 0.267057 -0 0.963681
vn 0.268052 -0 0.963404
vn 0.268052 -0 0.963404
vn 0.26908 -0 0.963118
vn 0.26908 -0 0.963118
vn 0.270142 -0 0.96282
vn 0.270142 -0 0.96282
vn 0.271237 -0 0.962512
vn 0.271237 -0 0.962512
vn 0.272366 -0 0.962194
vn 0.272366 -0 0.962194
vn 0.273529 -0 0.961864
vn 0.273529 -0 0.961864
vn 0.274725 -0 0.961523
vn 0.274725 -0 0.961523
vn 0.275954 -0 0.961171
vn 0.275954 -0 0.961171
vn 0.277217 -0 0.960807
vn 0.277217 -0 0.960807
vn 0.956156 -0 0.292856
vn 0.945715 -0 0.324998
vn 0.933441 -0 0.35873
vn 0.919068 -0 0.3941
vn 0.902293 -0 0.431122
vn 0.88279 -0 0.469768
vn 0.860205 -0 0.509948
vn 0.834174 -0 0.551502
vn 0.804331 -0 0.594182
vn 0.770338 -0 0.637636
vn 0.731908 -0 0.681404
vn 0.688842 -0 0.724912
vn 0.611718 -0 0.791076
vn 0.536995 -0 0.843585
vn 0.467542 -0 0.883971
vn 0.405068 -0 0.914287
vn 0.350346 -0 0.936621
vn 0.303511 -0 0.952828
vn 0.26433 -0 0.964432
vn 0.232402 -0 0.97262
vn 0.207288 -0 0.97828
vn 0.188585 -0 0.982057
vn 0.175978 -0 0.984394
vn 0.169257 -0 0.985572
vn 0.168331 -0 0.985731
vn 0.173239 -0 0.98488
vn 0.184149 -0 0.982898
vn 0.201366 -0 0.979516
vn 0.238992 -0 0.971021
vn 0.274734 -0 0.96152
vn 0.308058 -0 0.951368
vn 0.338482 -0 0.940973
vn 0.365593 -0 0.930775
vn 0.389052 -0 0.921216
vn 0.408593 -0 0.912717
vn 0.424016 -0 0.905655
vn 0.435177 -0 0.900345
vn 0.441976 -0 0.897027
vn 0.444349 -0 0.895854
vn 0.442257 -0 0.896888
vn 0.43569 -0 0.900097
vn 0.424663 -0 0.905352
vn 0.409229 -0 0.912432
vn 0.38949 -0 0.921031
vn 0.361945 -0 0.9322
vn 0.336758 -0 0.941591
vn 0.313869 -0 0.949466
vn 0.293207 -0 0.956049
vn 0.27469 -0 0.961533
vn 0.258237 -0 0.966082
vn 0.243769 -0 0.969833
vn 0.231214 -0 0.972903
vn 0.220507 -0 0.975385
vn 0.211591 -0 0.977358
vn 0.204422 -0 0.978883
vn 0.198966 -0 0.980006
vn 0.1952 -0 0.980763
vn 0.193114 -0 0.981176
vn 0.192709 -0 0.981256
vn 0.194002 -0 0.981001
vn 0.199385 -0 0.979921
vn 0.205736 -0 0.978607
vn 0.213031 -0 0.977045
vn 0.221231 -0 0.975221
vn 0.230283 -0 0.973124
vn 0.240117 -0 0.970744
vn 0.250652 -0 0.968077
vn 0.261795 -0 0.965124
vn 0.262588 -0 0.964908
vn 0.263414 -0 0.964683
vn 0.264274 -0 0.964448
vn 0.265168 -0 0.964202
vn 0.266096 -0 0.963947
vn 0.267057 -0 0.963681
vn 0.268052 -0 0.963404
vn 0.26908 -0 0.963118
vn 0.270142 -0 0.96282
vn 0.271237 -0 0.962512
vn 0.272366 -0 0.962194
vn 0.273529 -0 0.961864
vn 0.274725 -0 0.961523
vn 0.275954 -0 0.961171
vn 0.277217 -0 0.960807
vn 0.942884 0.176848 -0.282303
vn 0.96571 0.12981 -0.224841
vn 0.980231 0.092526 -0.174887
vn 0.988995 0.0632612 -0.13374
vn 0.993962 0.0406398 -0.101924
vn 0.996559 0.0238275 -0.0793908
vn 0.997786 0.0126106 -0.0653025
vn 0.998112 0.00895853 -0.0607668
vn 0.998324 0.00567311 -0.0575983
vn 0.998477 2.1903e-06 -0.0551747
vn 0.998354 -0.0043101 -0.0571936
vn 0.998034 -0.00714435 -0.062272
vn 0.997587 -0.00842609 -0.0689134
vn 0.997096 -0.00808805 -0.0757232
vn 0.996662 -0.00606924 -0.0814166
vn 0.996397 -0.00232432 -0.0847808
vn 0.996364 0.000192813 -0.0852039
vn 0.996408 0.00265065 -0.0846433
vn 0.996688 0.00626747 -0.0810779
vn 0.99713 0.00816677 -0.0752632
vn 0.997778 0.00810009 -0.0661368
vn 0.998144 0.00647328 -0.0605591
vn 0.998326 0.00471322 -0.0576502
vn 0.998441 0.00243058 -0.0557555
vn 0.998476 -0.000354394 -0.0551851
vn 0.998412 -0.00361252 -0.0562122
vn 0.998229 -0.00730446 -0.0590349
vn 0.997901 -0.0113913 -0.0637516
vn 0.997368 -0.0168194 -0.0705349
vn 0.996506 -0.024243 -0.0799261
vn 0.995162 -0.0336167 -0.0923228
vn 0.993141 -0.0449631 -0.107928
vn 0.993388 -0.0777603 -0.0844573
vn 0.986058 -0.0740499 -0.149018
vn 0.980339 -0.0922115 -0.174452
vn 0.972618 -0.113174 -0.202993
vn 0.962394 -0.137291 -0.234412
vn 0.949091 -0.16494 -0.268367
vn 0.996366 1.15446e-07 -0.0851735
vn 0.898115 -0 -0.43976
vn 0.898115 -0 -0.43976
vn 0.943375 -0 -0.331728
vn 0.943375 -0 -0.331728
vn 0.971909 -0 -0.235356
vn 0.971909 -0 -0.235356
vn 0.987805 -0 -0.155695
vn 0.987805 -0 -0.155695
vn 0.987805 -0 -0.155695
vn 0.987805 -0 -0.155695
vn 0.898115 -0 -0.43976
vn 0.943375 -0 -0.331728
vn 0.971909 -0 -0.235356
vn -0.702507 -0.0805188 0.707107
vn -0.770248 -0.425435 0.475103
vn -0.422044 -0.567344 0.707107
vn -0.399663 -0.583326 0.707107
vn -0.375488 -0.599173 0.707107
vn -0.351378 -0.613623 0.707107
vn -0.304038 -0.638405 0.707107
vn -0.258783 -0.658051 0.707107
vn -0.177125 -0.684563 0.707107
vn -0.109094 -0.69864 0.707107
vn -0.0800704 -0.702559 0.707107
vn -0.0541276 -0.705032 0.707107
vn -0.0315496 -0.706403 0.707107
vn -0.0134584 -0.706979 0.707107
vn -7.22479e-05 -0.707107 0.707107
vn 0.00852735 -0.707055 0.707107
vn 0.0123012 -0.707 0.707107
vn 0.0123743 -0.706998 0.707107
vn 0.0112374 -0.707017 0.707107
vn 0.00890345 -0.707051 0.707107
vn 0.00629251 -0.707079 0.707107
vn 0.00397673 -0.707096 0.707107
vn 0.00195587 -0.707104 0.707107
vn -0.00120215 -0.707106 0.707107
vn -0.00318417 -0.7071 0.707107
vn -0.00399257 -0.707096 0.707107
vn -0.0036293 -0.707097 0.707107
vn -0.00254068 -0.707102 0.707107
vn -0.0013704 -0.707105 0.707107
vn -0.00012261 -0.707107 0.707107
vn 0.00120399 -0.707106 0.707107
vn 0.00261088 -0.707102 0.707107
vn 0.00334495 -0.707099 0.707107
vn 0.00396422 -0.707096 0.707107
vn 0.00401622 -0.707095 0.707107
vn 0.00246419 -0.707102 0.707107
vn -0.000678444 -0.707106 0.707107
vn -0.00538234 -0.707086 0.707107
vn -0.00990832 -0.707037 0.707107
vn -0.0124809 -0.706997 0.707107
vn -0.0145383 -0.706957 0.707107
vn -0.0156271 -0.706934 0.707107
vn -0.015648 0.706934 0.707107
vn -0.0152392 0.706943 0.707107
vn -0.0136186 0.706976 0.707107
vn -0.0109644 0.707022 0.707107
vn -0.00775921 0.707064 0.707107
vn -0.00491674 0.70709 0.707107
vn -0.000348085 0.707107 0.707107
vn 0.00269647 0.707102 0.707107
vn 0.00418996 0.707094 0.707107
vn 0.00412313 0.707095 0.707107
vn 0.00286481 0.707101 0.707107
vn 0.0014565 0.707105 0.707107
vn -4.14969e-05 0.707107 0.707107
vn -0.00163431 0.707105 0.707107
vn -0.00332788 0.707099 0.707107
vn -0.00508996 0.707088 0.707107
vn -0.00566085 0.707084 0.707107
vn -0.0044232 0.707093 0.707107
vn -0.0013958 0.707105 0.707107
vn 0.00336456 0.707099 0.707107
vn 0.00636669 0.707078 0.707107
vn 0.00976443 0.707039 0.707107
vn 0.0135331 0.706977 0.707107
vn 0.0164679 0.706915 0.707107
vn 0.0177458 0.706884 0.707107
vn 0.0173922 0.706893 0.707107
vn 0.0117345 0.707009 0.707107
vn -0.000941681 0.707106 0.707107
vn -0.0216671 0.706775 0.707107
vn -0.0355452 0.706213 0.707107
vn -0.05214 0.705182 0.707107
vn -0.0718279 0.703449 0.707107
vn -0.0827716 0.702246 0.707107
vn -0.0934894 0.700899 0.707107
vn -0.113445 0.697947 0.707107
vn -0.130775 0.694909 0.707107
vn -0.144894 0.692102 0.707107
vn -0.155578 0.689779 0.707107
vn -0.167011 0.687101 0.707107
vn -0.168312 0.686783 0.707107
vn -0.168239 0.686801 0.707107
vn -0.167001 0.687103 0.707107
vn -0.164795 0.687635 0.707107
vn -0.16288 0.688092 0.707107
vn -0.161464 0.688425 0.707107
vn -0.162044 0.688289 0.707107
vn -0.164504 0.687705 0.707107
vn -0.170578 0.686224 0.707107
vn -0.179851 0.683852 0.707107
vn -0.197531 0.678956 0.707107
vn -0.222208 0.671285 0.707107
vn -0.243339 0.663917 0.707107
vn -0.269018 0.653934 0.707107
vn -0.289103 0.645306 0.707107
vn -0.311929 0.634587 0.707107
vn -0.337844 0.621177 0.707107
vn -0.367201 0.604287 0.707107
vn -0.4003 0.582889 0.707107
vn -0.437282 0.555684 0.707107
vn -0.477948 0.52112 0.707107
vn -0.5215 0.477533 0.707107
vn -0.566238 0.423526 0.707107
vn -0.588234 0.392403 0.707107
vn -0.609418 0.358621 0.707107
vn -0.62909 0.322871 0.707107
vn -0.697075 -0.118684 0.707107
vn -0.697506 -0.116125 0.707107
vn -0.698922 -0.107278 0.707107
vn -0.701116 -0.0918522 0.707107
vn -0.702375 -0.0816671 0.707107
vn -0.703499 -0.0713424 0.707107
vn -0.705264 -0.0510149 0.707107
vn -0.706993 -0.0126843 0.707107
vn -0.706806 0.0206259 0.707107
vn -0.705559 0.0467526 0.707107
vn -0.704195 0.0641082 0.707107
vn -0.703441 0.0719128 0.707107
vn -0.703924 0.0670135 0.707107
vn -1.11022e-16 -0 1
vn -4.17617e-16 -0 1
vn -4.16334e-16 -0 1
vn -3.55826e-16 -0 1
vn 0.580088 -0.571774 0.580149
vn 0.707027 0.0106233 0.707107
vn 0.707019 0.0111432 0.707107
vn 0.707011 0.0116424 0.707107
vn 0.707006 0.0119214 0.707107
vn 0.707005 0.0119819 0.707107
vn 0.707008 0.0118262 0.707107
vn 0.707014 0.0114567 0.707107
vn 0.707023 0.0108759 0.707107
vn 0.707035 0.010087 0.707107
vn 0.707048 0.00909325 0.707107
vn 0.707063 0.00789812 0.707107
vn 0.707077 0.0065054 0.707107
vn 0.70709 0.00491913 0.707107
vn 0.7071 0.00314356 0.707107
vn 0.707106 0.00118315 0.707107
vn 0.578039 0.575967 0.578042
vn 0.708375 0.705836 0
vn 0.708375 0.705836 0
vn 0.708375 0.705836 0
vn 0.708375 0.705836 0
vn 0.708375 0.705836 0
vn 0.708375 0.705836 0
vn 0.708375 0.705836 0
vn 0.708375 0.705836 0
vn 0.708375 0.705836 0
vn 0.708375 0.705836 0
vn 0.578039 0.575967 -0.578042
vn 0.707105 -0.00138581 -0.707107
vn 0.707107 0.000261602 -0.707107
vn 0.707103 0.00230201 -0.707107
vn 0.707095 0.00415961 -0.707107
vn 0.707083 0.00582985 -0.707107
vn 0.707069 0.00730839 -0.707107
vn 0.707055 0.00859109 -0.707107
vn 0.707041 0.00967407 -0.707107
vn 0.707028 0.0105537 -0.707107
vn 0.707018 0.0112266 -0.707107
vn 0.70701 0.0116896 -0.707107
vn 0.707006 0.0119398 -0.707107
vn 0.707005 0.0119749 -0.707107
vn 0.707008 0.0117924 -0.707107
vn 0.707015 0.0113904 -0.707107
vn 0.707025 0.0107674 -0.707107
vn 0.580088 -0.571774 -0.580149
vn 0.712192 -0.701985 0
vn 0.712192 -0.701985 0
vn 0.712192 -0.701985 0
vn 0.712192 -0.701985 0
vn 0.712192 -0.701985 0
vn 0.712192 -0.701985 0
vn 0.712192 -0.701985 0
vn 0.712192 -0.701985 0
vn 0.578039 -0.575967 0.578042
vn 0.707105 0.00138566 0.707107
vn 0.707107 -0.000261722 0.707107
vn 0.707103 -0.00230209 0.707107
vn 0.707095 -0.00415966 0.707107
vn 0.707083 -0.00582986 0.707107
vn 0.707069 -0.00730836 0.707107
vn 0.707055 -0.00859103 0.707107
vn 0.707041 -0.00967398 0.707107
vn 0.707028 -0.0105536 0.707107
vn 0.707018 -0.0112264 0.707107
vn 0.70701 -0.0116894 0.707107
vn 0.707006 -0.0119396 0.707107
vn 0.707005 -0.0119746 0.707107
vn 0.707008 -0.0117921 0.707107
vn 0.707015 -0.0113902 0.707107
vn 0.580088 0.571774 0.580148
vn 0.712192 0.701985 0
vn 0.712192 0.701985 0
vn 0.712192 0.701985 0
vn 0.712192 0.701985 0
vn 0.712192 0.701985 0
vn 0.712192 0.701985 0
vn 0.712192 0.701985 0
vn 0.712192 0.701985 0
vn 0.712192 0.701985 0
vn 0.712192 0.701985 0
vn 0.580088 0.571774 -0.580148
vn 0.707027 -0.0106231 -0.707107
vn 0.707019 -0.0111429 -0.707107
vn 0.707011 -0.0116421 -0.707107
vn 0.707006 -0.0119211 -0.707107
vn 0.707005 -0.0119817 -0.707107
vn 0.707008 -0.0118261 -0.707107
vn 0.707014 -0.0114565 -0.707107
vn 0.707023 -0.0108758 -0.707107
vn 0.707035 -0.0100869 -0.707107
vn 0.707048 -0.00909318 -0.707107
vn 0.707063 -0.00789807 -0.707107
vn 0.707077 -0.00650539 -0.707107
vn 0.70709 -0.00491916 -0.707107
vn 0.7071 -0.00314363 -0.707107
vn 0.707106 -0.00118325 -0.707107
vn 0.707106 0.000957281 -0.707107
vn 0.578039 -0.575967 -0.578042
vn 0.708375 -0.705836 0
vn 0.708375 -0.705836 0
vn 0.708375 -0.705836 0
vn 0.708375 -0.705836 0
vn 0.708375 -0.705836 0
vn 0.708375 -0.705836 0
vn 0.708375 -0.705836 0
vn 0.708375 -0.705836 0
vn -0.628065 -0.778161 0
vn 0.032704 -0.999465 0
vn 0.0329248 0.999458 -0
vn -0.908565 0.417744 0
vn -0.584959 -0.811063 0
vn -0.584959 -0.811063 0
vn -0.541517 -0.84069 0
vn -0.541517 -0.84069 0
vn -0.498285 -0.867013 0
vn -0.498285 -0.867013 0
vn -0.455692 -0.890138 0
vn -0.455692 -0.890138 0
vn -0.4141 -0.910231 0
vn -0.4141 -0.910231 0
vn -0.373809 -0.927506 0
vn -0.373809 -0.927506 0
vn -0.335047 -0.942201 0
vn -0.335047 -0.942201 0
vn -0.297984 -0.954571 0
vn -0.297984 -0.954571 0
vn -0.262734 -0.964868 0
vn -0.262734 -0.964868 0
vn -0.229364 -0.973341 0
vn -0.229364 -0.973341 0
vn -0.197902 -0.980222 0
vn -0.197902 -0.980222 0
vn -0.168348 -0.985728 0
vn -0.168348 -0.985728 0
vn -0.14068 -0.990055 0
vn -0.14068 -0.990055 0
vn -0.114857 -0.993382 0
vn -0.114857 -0.993382 0
vn -0.0908317 -0.995866 0
vn -0.0908317 -0.995866 0
vn -0.0685478 -0.997648 0
vn -0.0685478 -0.997648 0
vn -0.0559134 -0.998436 0
vn -0.0559134 -0.998436 0
vn -0.0442476 -0.999021 0
vn -0.0442476 -0.999021 0
vn -0.0335646 -0.999437 0
vn -0.0335646 -0.999437 0
vn -0.0238757 -0.999715 0
vn -0.0238757 -0.999715 0
vn -0.0151898 -0.999885 0
vn -0.0151898 -0.999885 0
vn -0.00751364 -0.999972 0
vn -0.00751364 -0.999972 0
vn -0.000852186 -1 0
vn -0.000852186 -1 0
vn 0.00479089 -0.999989 0
vn 0.00479089 -0.999989 0
vn 0.00941302 -0.999956 0
vn 0.00941302 -0.999956 0
vn 0.0130125 -0.999915 0
vn 0.0130125 -0.999915 0
vn 0.0155881 -0.999878 0
vn 0.0155881 -0.999878 0
vn 0.0155881 -0.999878 0
vn 0.0155881 -0.999878 0
vn 0.0171391 -0.999853 0
vn 0.0171391 -0.999853 0
vn 0.0176651 -0.999844 0
vn 0.0176651 -0.999844 0
vn 0.017166 -0.999853 0
vn 0.017166 -0.999853 0
vn 0.0156418 -0.999878 0
vn 0.0156418 -0.999878 0
vn 0.0130928 -0.999914 0
vn 0.0130928 -0.999914 0
vn 0.0104007 -0.999946 0
vn 0.0104007 -0.999946 0
vn 0.00791723 -0.999969 0
vn 0.00791723 -0.999969 0
vn 0.00564221 -0.999984 0
vn 0.00564221 -0.999984 0
vn 0.00357564 -0.999994 0
vn 0.00357564 -0.999994 0
vn 0.00171744 -0.999999 0
vn 0.00171744 -0.999999 0
vn 6.75268e-05 -1 0
vn 6.75268e-05 -1 0
vn -0.00137417 -0.999999 0
vn -0.00137417 -0.999999 0
vn -0.00260774 -0.999997 0
vn -0.00260774 -0.999997 0
vn -0.00363327 -0.999993 0
vn -0.00363327 -0.999993 0
vn -0.00445084 -0.99999 0
vn -0.00445084 -0.99999 0
vn -0.00506053 -0.999987 0
vn -0.00506053 -0.999987 0
vn -0.00546241 -0.999985 0
vn -0.00546241 -0.999985 0
vn -0.00565654 -0.999984 0
vn -0.00565654 -0.999984 0
vn -0.00564298 -0.999984 0
vn -0.00564298 -0.999984 0
vn -0.00542179 -0.999985 0
vn -0.00542179 -0.999985 0
vn -0.00499298 -0.999988 0
vn -0.00499298 -0.999988 0
vn -0.0028217 -0.999996 0
vn -0.0028217 -0.999996 0
vn -0.000444902 -1 0
vn -0.000444902 -1 0
vn 0.00214071 -0.999998 0
vn 0.00214071 -0.999998 0
vn 0.00493896 -0.999988 0
vn 0.00493896 -0.999988 0
vn 0.00585853 -0.999983 0
vn 0.00585853 -0.999983 0
vn 0.00570977 -0.999984 0
vn 0.00570977 -0.999984 0
vn 0.00449275 -0.99999 0
vn 0.00449275 -0.99999 0
vn 0.00221043 -0.999998 0
vn 0.00221043 -0.999998 0
vn -0.00113124 -0.999999 0
vn -0.00113124 -0.999999 0
vn -0.00552327 -0.999985 0
vn -0.00552327 -0.999985 0
vn -0.0109535 -0.99994 0
vn -0.0109535 -0.99994 0
vn -0.0174066 -0.999848 0
vn -0.0174066 -0.999848 0
vn -0.0201311 -0.999797 0
vn -0.0201311 -0.999797 0
vn -0.0216923 -0.999765 0
vn -0.0216923 -0.999765 0
vn -0.022095 -0.999756 0
vn -0.022095 -0.999756 0
vn -0.0213413 -0.999772 0
vn -0.0213413 -0.999772 0
vn -0.0194298 -0.999811 0
vn -0.0194298 -0.999811 0
vn -0.0194298 -0.999811 0
vn -0.0194298 -0.999811 0
vn -0.0163564 -0.999866 0
vn -0.0163564 -0.999866 0
vn -0.0121138 -0.999927 0
vn -0.0121138 -0.999927 0
vn -0.00669191 -0.999978 0
vn -0.00669191 -0.999978 0
vn -7.81669e-05 -1 0
vn -7.81669e-05 -1 0
vn 0.00774243 -0.99997 0
vn 0.00774243 -0.99997 0
vn 0.0167869 -0.999859 0
vn 0.0167869 -0.999859 0
vn 0.0270737 -0.999633 0
vn 0.0270737 -0.999633 0
vn 0.0386223 -0.999254 0
vn 0.0386223 -0.999254 0
vn 0.0514527 -0.998675 0
vn 0.0514527 -0.998675 0
vn 0.0655841 -0.997847 0
vn 0.0655841 -0.997847 0
vn 0.0810346 -0.996711 0
vn 0.0810346 -0.996711 0
vn 0.0953452 -0.995444 0
vn 0.0953452 -0.995444 0
vn 0.110324 -0.993896 0
vn 0.110324 -0.993896 0
vn 0.125931 -0.992039 0
vn 0.125931 -0.992039 0
vn 0.142122 -0.989849 0
vn 0.142122 -0.989849 0
vn 0.158847 -0.987303 0
vn 0.158847 -0.987303 0
vn 0.17605 -0.984381 0
vn 0.17605 -0.984381 0
vn 0.193672 -0.981066 0
vn 0.193672 -0.981066 0
vn 0.21165 -0.977346 0
vn 0.21165 -0.977346 0
vn 0.229916 -0.97321 0
vn 0.229916 -0.97321 0
vn 0.248403 -0.968657 0
vn 0.248403 -0.968657 0
vn 0.267041 -0.963685 0
vn 0.267041 -0.963685 0
vn 0.285759 -0.958301 0
vn 0.285759 -0.958301 0
vn 0.285759 -0.958301 0
vn 0.285759 -0.958301 0
vn 0.304488 -0.952516 0
vn 0.304488 -0.952516 0
vn 0.32316 -0.946344 0
vn 0.32316 -0.946344 0
vn 0.341709 -0.939806 0
vn 0.341709 -0.939806 0
vn 0.360073 -0.932924 0
vn 0.360073 -0.932924 0
vn 0.374456 -0.927245 0
vn 0.374456 -0.927245 0
vn 0.39088 -0.920442 0
vn 0.39088 -0.920442 0
vn 0.409402 -0.912354 0
vn 0.409402 -0.912354 0
vn 0.430093 -0.902785 0
vn 0.430093 -0.902785 0
vn 0.453031 -0.891495 0
vn 0.453031 -0.891495 0
vn 0.478295 -0.878199 0
vn 0.478295 -0.878199 0
vn 0.505957 -0.862558 0
vn 0.505957 -0.862558 0
vn 0.536067 -0.844176 0
vn 0.536067 -0.844176 0
vn 0.568633 -0.822591 0
vn 0.568633 -0.822591 0
vn 0.603604 -0.797284 0
vn 0.603604 -0.797284 0
vn 0.640835 -0.767679 0
vn 0.640835 -0.767679 0
vn 0.680055 -0.733161 0
vn 0.680055 -0.733161 0
vn 0.72083 -0.693112 0
vn 0.72083 -0.693112 0
vn 0.762525 -0.646959 0
vn 0.762525 -0.646959 0
vn 0.804279 -0.594252 0
vn 0.804279 -0.594252 0
vn 0.845006 -0.534756 0
vn 0.845006 -0.534756 0
vn 0.877484 -0.479606 0
vn 0.877484 -0.479606 0
vn 0.904603 -0.426255 0
vn 0.904603 -0.426255 0
vn 0.926845 -0.375445 0
vn 0.926845 -0.375445 0
vn 0.94478 -0.327705 0
vn 0.94478 -0.327705 0
vn 0.959009 -0.283374 0
vn 0.959009 -0.283374 0
vn 0.970118 -0.242633 0
vn 0.970118 -0.242633 0
vn 0.978649 -0.205541 0
vn 0.978649 -0.205541 0
vn 0.985084 -0.172071 0
vn 0.985084 -0.172071 0
vn 0.989846 -0.142143 0
vn 0.989846 -0.142143 0
vn 0.993291 -0.11564 0
vn 0.995719 -0.0924369 0
vn 0.995719 -0.0924369 0
vn 0.997375 -0.0724065 0
vn 0.997375 -0.0724065 0
vn 0.998462 -0.0554345 0
vn 0.998462 -0.0554345 0
vn 0.999142 -0.0414248 0
vn 0.999142 -0.0414248 0
vn 0.999541 -0.0303062 0
vn 0.999541 -0.0303062 0
vn 0.999757 -0.0220364 0
vn 0.999757 -0.0220364 0
vn 0.999968 -0.00800911 0
vn 0.999968 -0.00800911 0
vn 0.999995 0.00305318 -0
vn 0.999995 0.00305318 -0
vn 0.999995 0.00305318 -0
vn 0.999995 0.00305318 -0
vn 0.99994 0.0109821 -0
vn 0.99994 0.0109821 -0
vn 0.99994 0.0109821 -0
vn 0.99994 0.0109821 -0
vn 0.999878 0.0156411 -0
vn 0.999878 0.0156411 -0
vn 0.999878 0.0156411 -0
vn 0.999878 0.0156411 -0
vn 0.999857 0.0169259 -0
vn 0.999857 0.0169259 -0
vn 0.999857 0.0169259 -0
vn 0.999857 0.0169259 -0
vn 0.999891 0.0147653 -0
vn 0.999891 0.0147653 -0
vn 0.999891 0.0147653 -0
vn 0.999891 0.0147653 -0
vn 0.999958 0.00912309 -0
vn 0.999958 0.00912309 -0
vn 1 2.30054e-07 -0
vn 0.999958 -0.00912265 0
vn 0.999958 -0.00912265 0
vn 0.999891 -0.0147649 0
vn 0.999891 -0.0147649 0
vn 0.999891 -0.0147649 0
vn 0.999891 -0.0147649 0
vn 0.999857 -0.0169255 0
vn 0.999857 -0.0169255 0
vn 0.999857 -0.0169255 0
vn 0.999857 -0.0169255 0
vn 0.999878 -0.0156409 0
vn 0.999878 -0.0156409 0
vn 0.999878 -0.0156409 0
vn 0.999878 -0.0156409 0
vn 0.99994 -0.010982 0
vn 0.99994 -0.010982 0
vn 0.99994 -0.010982 0
vn 0.99994 -0.010982 0
vn 0.999995 -0.0030533 0
vn 0.999995 -0.0030533 0
vn 0.999995 -0.0030533 0
vn 0.999995 -0.0030533 0
vn 0.999968 0.00800879 -0
vn 0.999968 0.00800879 -0
vn 0.999757 0.0220359 -0
vn 0.999757 0.0220359 -0
vn 0.999541 0.0303056 -0
vn 0.999541 0.0303056 -0
vn 0.999142 0.0414242 -0
vn 0.999142 0.0414242 -0
vn 0.998462 0.0554338 -0
vn 0.998462 0.0554338 -0
vn 0.997375 0.0724059 -0
vn 0.997375 0.0724059 -0
vn 0.995719 0.0924362 -0
vn 0.995719 0.0924362 -0
vn 0.993291 0.11564 -0
vn 0.993291 0.11564 -0
vn 0.989846 0.142142 -0
vn 0.989846 0.142142 -0
vn 0.985085 0.172071 -0
vn 0.985085 0.172071 -0
vn 0.978649 0.20554 -0
vn 0.978649 0.20554 -0
vn 0.970118 0.242633 -0
vn 0.970118 0.242633 -0
vn 0.959009 0.283374 -0
vn 0.959009 0.283374 -0
vn 0.94478 0.327706 -0
vn 0.94478 0.327706 -0
vn 0.926844 0.375446 -0
vn 0.926844 0.375446 -0
vn 0.904603 0.426256 -0
vn 0.904603 0.426256 -0
vn 0.877483 0.479607 -0
vn 0.877483 0.479607 -0
vn 0.845006 0.534758 -0
vn 0.845006 0.534758 -0
vn 0.804278 0.594253 -0
vn 0.804278 0.594253 -0
vn 0.762524 0.64696 -0
vn 0.762524 0.64696 -0
vn 0.720829 0.693113 -0
vn 0.720829 0.693113 -0
vn 0.680054 0.733162 -0
vn 0.680054 0.733162 -0
vn 0.640834 0.767679 -0
vn 0.640834 0.767679 -0
vn 0.603604 0.797285 -0
vn 0.603604 0.797285 -0
vn 0.568633 0.822591 -0
vn 0.568633 0.822591 -0
vn 0.536067 0.844175 -0
vn 0.536067 0.844175 -0
vn 0.505958 0.862558 -0
vn 0.505958 0.862558 -0
vn 0.478296 0.878199 -0
vn 0.478296 0.878199 -0
vn 0.453031 0.891495 -0
vn 0.453031 0.891495 -0
vn 0.430094 0.902784 -0
vn 0.430094 0.902784 -0
vn 0.409403 0.912354 -0
vn 0.409403 0.912354 -0
vn 0.390881 0.920441 -0
vn 0.390881 0.920441 -0
vn 0.374456 0.927245 -0
vn 0.374456 0.927245 -0
vn 0.360073 0.932924 -0
vn 0.360073 0.932924 -0
vn 0.341708 0.939806 -0
vn 0.341708 0.939806 -0
vn 0.323159 0.946345 -0
vn 0.323159 0.946345 -0
vn 0.304487 0.952517 -0
vn 0.304487 0.952517 -0
vn 0.285758 0.958302 -0
vn 0.285758 0.958302 -0
vn 0.285758 0.958302 -0
vn 0.285758 0.958302 -0
vn 0.267039 0.963686 -0
vn 0.267039 0.963686 -0
vn 0.248401 0.968657 -0
vn 0.248401 0.968657 -0
vn 0.229915 0.973211 -0
vn 0.229915 0.973211 -0
vn 0.211648 0.977346 -0
vn 0.211648 0.977346 -0
vn 0.193672 0.981066 -0
vn 0.193672 0.981066 -0
vn 0.176052 0.984381 -0
vn 0.176052 0.984381 -0
vn 0.158851 0.987303 -0
vn 0.158851 0.987303 -0
vn 0.142129 0.989848 -0
vn 0.142129 0.989848 -0
vn 0.125941 0.992038 -0
vn 0.125941 0.992038 -0
vn 0.110338 0.993894 -0
vn 0.110338 0.993894 -0
vn 0.095364 0.995442 -0
vn 0.095364 0.995442 -0
vn 0.081059 0.996709 -0
vn 0.081059 0.996709 -0
vn 0.0656146 0.997845 -0
vn 0.0656146 0.997845 -0
vn 0.051488 0.998674 -0
vn 0.051488 0.998674 -0
vn 0.0386609 0.999252 -0
vn 0.0386609 0.999252 -0
vn 0.0271137 0.999632 -0
vn 0.0271137 0.999632 -0
vn 0.0168265 0.999858 -0
vn 0.0168265 0.999858 -0
vn 0.00777955 0.99997 -0
vn 0.00777955 0.99997 -0
vn -4.56775e-05 1 0
vn -4.56775e-05 1 0
vn -0.00666621 0.999978 0
vn -0.00666621 0.999978 0
vn -0.012097 0.999927 0
vn -0.012097 0.999927 0
vn -0.0163508 0.999866 0
vn -0.0163508 0.999866 0
vn -0.0194376 0.999811 0
vn -0.0194376 0.999811 0
vn -0.0194376 0.999811 0
vn -0.0194376 0.999811 0
vn -0.0213644 0.999772 0
vn -0.0213644 0.999772 0
vn -0.0221355 0.999755 0
vn -0.0221355 0.999755 0
vn -0.021752 0.999763 0
vn -0.021752 0.999763 0
vn -0.0202119 0.999796 0
vn -0.0202119 0.999796 0
vn -0.01751 0.999847 0
vn -0.01751 0.999847 0
vn -0.0110905 0.999938 0
vn -0.0110905 0.999938 0
vn -0.00566358 0.999984 0
vn -0.00566358 0.999984 0
vn -0.00124579 0.999999 0
vn -0.00124579 0.999999 0
vn 0.00215006 0.999998 -0
vn 0.00215006 0.999998 -0
vn 0.00451467 0.99999 -0
vn 0.00451467 0.99999 -0
vn 0.00584217 0.999983 -0
vn 0.00584217 0.999983 -0
vn 0.00613008 0.999981 -0
vn 0.00613008 0.999981 -0
vn 0.00537924 0.999986 -0
vn 0.00537924 0.999986 -0
vn 0.00272581 0.999996 -0
vn 0.00272581 0.999996 -0
vn -0.000166218 1 0
vn -0.000166218 1 0
vn -0.00331074 0.999995 0
vn -0.00331074 0.999995 0
vn -0.00672408 0.999977 0
vn -0.00672408 0.999977 0
vn -0.00792257 0.999969 0
vn -0.00792257 0.999969 0
vn -0.00785462 0.999969 0
vn -0.00785462 0.999969 0
vn -0.00651873 0.999979 0
vn -0.00651873 0.999979 0
vn -0.00392153 0.999992 0
vn -0.00392153 0.999992 0
vn -7.77504e-05 1 0
vn -7.77504e-05 1 0
vn 0.00498981 0.999988 -0
vn 0.00498981 0.999988 -0
vn 0.0112504 0.999937 -0
vn 0.0112504 0.999937 -0
vn 0.0186654 0.999826 -0
vn 0.0186654 0.999826 -0
vn 0.0222943 0.999751 -0
vn 0.0222943 0.999751 -0
vn 0.0244633 0.999701 -0
vn 0.0244633 0.999701 -0
vn 0.0251884 0.999683 -0
vn 0.0251884 0.999683 -0
vn 0.0244751 0.9997 -0
vn 0.0244751 0.9997 -0
vn 0.0223185 0.999751 -0
vn 0.0223185 0.999751 -0
vn 0.0223185 0.999751 -0
vn 0.0223185 0.999751 -0
vn 0.0187034 0.999825 -0
vn 0.0187034 0.999825 -0
vn 0.0136042 0.999907 -0
vn 0.0136042 0.999907 -0
vn 0.00698478 0.999976 -0
vn 0.00698478 0.999976 -0
vn -0.00120172 0.999999 0
vn -0.00120172 0.999999 0
vn -0.0110128 0.999939 0
vn -0.0110128 0.999939 0
vn -0.0225168 0.999746 0
vn -0.0225168 0.999746 0
vn -0.0357928 0.999359 0
vn -0.0357928 0.999359 0
vn -0.05093 0.998702 0
vn -0.05093 0.998702 0
vn -0.0680275 0.997683 0
vn -0.0680275 0.997683 0
vn -0.0871928 0.996191 0
vn -0.0871928 0.996191 0
vn -0.10854 0.994092 0
vn -0.10854 0.994092 0
vn -0.127619 0.991823 0
vn -0.127619 0.991823 0
vn -0.145625 0.98934 0
vn -0.145625 0.98934 0
vn -0.162356 0.986732 0
vn -0.162356 0.986732 0
vn -0.177637 0.984096 0
vn -0.177637 0.984096 0
vn -0.191326 0.981527 0
vn -0.191326 0.981527 0
vn -0.203316 0.979113 0
vn -0.203316 0.979113 0
vn -0.213538 0.976935 0
vn -0.213538 0.976935 0
vn -0.221957 0.975057 0
vn -0.221957 0.975057 0
vn -0.228573 0.973527 0
vn -0.228573 0.973527 0
vn -0.228573 0.973527 0
vn -0.228573 0.973527 0
vn -0.233418 0.972377 0
vn -0.233418 0.972377 0
vn -0.236548 0.97162 0
vn -0.236548 0.97162 0
vn -0.238042 0.971255 0
vn -0.238042 0.971255 0
vn -0.237998 0.971266 0
vn -0.237998 0.971266 0
vn -0.236525 0.971625 0
vn -0.236525 0.971625 0
vn -0.233744 0.972298 0
vn -0.233744 0.972298 0
vn -0.229778 0.973243 0
vn -0.229778 0.973243 0
vn -0.228481 0.973548 0
vn -0.228481 0.973548 0
vn -0.228397 0.973568 0
vn -0.228397 0.973568 0
vn -0.229488 0.973311 0
vn -0.229488 0.973311 0
vn -0.23173 0.97278 0
vn -0.23173 0.97278 0
vn -0.235107 0.97197 0
vn -0.235107 0.97197 0
vn -0.239617 0.970868 0
vn -0.239617 0.970868 0
vn -0.245266 0.969456 0
vn -0.245266 0.969456 0
vn -0.25207 0.967709 0
vn -0.25207 0.967709 0
vn -0.260055 0.965594 0
vn -0.260055 0.965594 0
vn -0.269255 0.963069 0
vn -0.269255 0.963069 0
vn -0.279714 0.960083 0
vn -0.279714 0.960083 0
vn -0.291484 0.956576 0
vn -0.291484 0.956576 0
vn -0.304626 0.952472 0
vn -0.304626 0.952472 0
vn -0.319209 0.947684 0
vn -0.319209 0.947684 0
vn -0.335312 0.942107 0
vn -0.335312 0.942107 0
vn -0.353019 0.935616 0
vn -0.353019 0.935616 0
vn -0.372421 0.928064 0
vn -0.372421 0.928064 0
vn -0.393611 0.919277 0
vn -0.393611 0.919277 0
vn -0.416685 0.909051 0
vn -0.416685 0.909051 0
vn -0.441734 0.897146 0
vn -0.441734 0.897146 0
vn -0.468837 0.883285 0
vn -0.468837 0.883285 0
vn -0.498056 0.867145 0
vn -0.498056 0.867145 0
vn -0.529421 0.848359 0
vn -0.529421 0.848359 0
vn -0.562914 0.826516 0
vn -0.562914 0.826516 0
vn -0.59845 0.80116 0
vn -0.59845 0.80116 0
vn -0.635855 0.771808 0
vn -0.635855 0.771808 0
vn -0.67484 0.737964 0
vn -0.67484 0.737964 0
vn -0.714973 0.699152 0
vn -0.714973 0.699152 0
vn -0.755663 0.654961 0
vn -0.755663 0.654961 0
vn -0.796145 0.605106 0
vn -0.796145 0.605106 0
vn -0.8355 0.54949 0
vn -0.8355 0.54949 0
vn -0.872687 0.48828 0
vn -0.872687 0.48828 0
vn -0.901823 0.432106 0
vn -0.901823 0.432106 0
vn -0.584959 -0.811063 0
vn -0.541517 -0.84069 0
vn -0.498285 -0.867013 0
vn -0.455692 -0.890138 0
vn -0.4141 -0.910231 0
vn -0.373809 -0.927506 0
vn -0.335047 -0.942201 0
vn -0.297984 -0.954571 0
vn -0.262734 -0.964868 0
vn -0.229364 -0.973341 0
vn -0.197902 -0.980222 0
vn -0.168348 -0.985728 0
vn -0.14068 -0.990055 0
vn -0.114857 -0.993382 0
vn -0.0908317 -0.995866 0
vn -0.0685478 -0.997648 0
vn -0.0559134 -0.998436 0
vn -0.0442476 -0.999021 0
vn -0.0335646 -0.999437 0
vn -0.0238757 -0.999715 0
vn -0.0151898 -0.999885 0
vn -0.00751364 -0.999972 0
vn -0.000852186 -1 0
vn 0.00479089 -0.999989 0
vn 0.00941302 -0.999956 0
vn 0.0130125 -0.999915 0
vn 0.0155881 -0.999878 0
vn 0.0171391 -0.999853 0
vn 0.0176651 -0.999844 0
vn 0.017166 -0.999853 0
vn 0.0156418 -0.999878 0
vn 0.0130928 -0.999914 0
vn 0.0104007 -0.999946 0
vn 0.00791723 -0.999969 0
vn 0.00564221 -0.999984 0
vn 0.00357564 -0.999994 0
vn 0.00171744 -0.999999 0
vn 6.75268e-05 -1 0
vn -0.00137417 -0.999999 0
vn -0.00260774 -0.999997 0
vn -0.00363327 -0.999993 0
vn -0.00445084 -0.99999 0
vn -0.00506053 -0.999987 0
vn -0.00546241 -0.999985 0
vn -0.00565654 -0.999984 0
vn -0.00564298 -0.999984 0
vn -0.00542179 -0.999985 0
vn -0.00499298 -0.999988 0
vn -0.0028217 -0.999996 0
vn -0.000444902 -1 0
vn 0.00214071 -0.999998 0
vn 0.00493896 -0.999988 0
vn 0.00585853 -0.999983 0
vn 0.00570977 -0.999984 0
vn 0.00449275 -0.99999 0
vn 0.00221043 -0.999998 0
vn -0.00113124 -0.999999 0
vn -0.00552327 -0.999985 0
vn -0.0109535 -0.99994 0
vn -0.0174066 -0.999848 0
vn -0.0201311 -0.999797 0
vn -0.0216923 -0.999765 0
vn -0.022095 -0.999756 0
vn -0.0213413 -0.999772 0
vn -0.0194298 -0.999811 0
vn -0.0163564 -0.999866 0
vn -0.0121138 -0.999927 0
vn -0.00669191 -0.999978 0
vn -7.81669e-05 -1 0
vn 0.00774243 -0.99997 0
vn 0.0167869 -0.999859 0
vn 0.0270737 -0.999633 0
vn 0.0271137 0.999632 -0
vn 0.0168265 0.999858 -0
vn 0.00777955 0.99997 -0
vn -4.56775e-05 1 0
vn -0.00666621 0.999978 0
vn -0.012097 0.999927 0
vn -0.0163508 0.999866 0
vn -0.0194376 0.999811 0
vn -0.0213644 0.999772 0
vn -0.0221355 0.999755 0
vn -0.021752 0.999763 0
vn -0.0202119 0.999796 0
vn -0.01751 0.999847 0
vn -0.0110905 0.999938 0
vn -0.00566358 0.999984 0
vn -0.00124579 0.999999 0
vn 0.00215006 0.999998 -0
vn 0.00451467 0.99999 -0
vn 0.00584217 0.999983 -0
vn 0.00613008 0.999981 -0
vn 0.00537924 0.999986 -0
vn 0.00272581 0.999996 -0
vn -0.000166218 1 0
vn -0.00331074 0.999995 0
vn -0.00672408 0.999977 0
vn -0.00792257 0.999969 0
vn -0.00785462 0.999969 0
vn -0.00651873 0.999979 0
vn -0.00392153 0.999992 0
vn -7.77504e-05 1 0
vn 0.00498981 0.999988 -0
vn 0.0112504 0.999937 -0
vn 0.0186654 0.999826 -0
vn 0.0222943 0.999751 -0
vn 0.0244633 0.999701 -0
vn 0.0251884 0.999683 -0
vn 0.0244751 0.9997 -0
vn 0.0223185 0.999751 -0
vn 0.0187034 0.999825 -0
vn 0.0136042 0.999907 -0
vn 0.00698478 0.999976 -0
vn -0.00120172 0.999999 0
vn -0.0110128 0.999939 0
vn -0.0225168 0.999746 0
vn -0.0357928 0.999359 0
vn -0.05093 0.998702 0
vn -0.0680275 0.997683 0
vn -0.0871928 0.996191 0
vn -0.10854 0.994092 0
vn -0.127619 0.991823 0
vn -0.145625 0.98934 0
vn -0.162356 0.986732 0
vn -0.177637 0.984096 0
vn -0.191326 0.981527 0
vn -0.203316 0.979113 0
vn -0.213538 0.976935 0
vn -0.221957 0.975057 0
vn -0.228573 0.973527 0
vn -0.233418 0.972377 0
vn -0.236548 0.97162 0
vn -0.238042 0.971255 0
vn -0.237998 0.971266 0
vn -0.236525 0.971625 0
vn -0.233744 0.972298 0
vn -0.229778 0.973243 0
vn -0.228481 0.973548 0
vn -0.228397 0.973568 0
vn -0.229488 0.973311 0
vn -0.23173 0.97278 0
vn -0.235107 0.97197 0
vn -0.239617 0.970868 0
vn -0.245266 0.969456 0
vn -0.25207 0.967709 0
vn -0.260055 0.965594 0
vn -0.269255 0.963069 0
vn -0.279714 0.960083 0
vn -0.291484 0.956576 0
vn -0.304626 0.952472 0
vn -0.319209 0.947684 0
vn -0.335312 0.942107 0
vn -0.353019 0.935616 0
vn -0.372421 0.928064 0
vn -0.393611 0.919277 0
vn -0.416685 0.909051 0
vn -0.441734 0.897146 0
vn -0.468837 0.883285 0
vn -0.498056 0.867145 0
vn -0.529421 0.848359 0
vn -0.562914 0.826516 0
vn -0.59845 0.80116 0
vn -0.635855 0.771808 0
vn -0.67484 0.737964 0
vn -0.714973 0.699152 0
vn -0.755663 0.654961 0
vn -0.796145 0.605106 0
vn -0.8355 0.54949 0
vn -0.872687 0.48828 0
vn -0.901823 0.432106 0
vn -0.985746 -0.168241 0
vn -0.996161 0.0875448 0
vn -0.985794 -0.167959 0
vn -0.985794 -0.167959 0
vn -0.985747 -0.168234 0
vn -0.985747 -0.168234 0
vn -0.985973 -0.166902 0
vn -0.985973 -0.166902 0
vn -0.986468 -0.163954 0
vn -0.986468 -0.163954 0
vn -0.98722 -0.159365 0
vn -0.98722 -0.159365 0
vn -0.988212 -0.153095 0
vn -0.988212 -0.153095 0
vn -0.989418 -0.145092 0
vn -0.989418 -0.145092 0
vn -0.990806 -0.135288 0
vn -0.990806 -0.135288 0
vn -0.992332 -0.123603 0
vn -0.992332 -0.123603 0
vn -0.997079 -0.0763833 0
vn -0.997079 -0.0763833 0
vn -0.999463 -0.0327721 0
vn -0.999463 -0.0327721 0
vn -0.999982 0.00607831 0
vn -0.999982 0.00607831 0
vn -0.999232 0.0391905 0
vn -0.999232 0.0391905 0
vn -0.997833 0.065791 0
vn -0.997833 0.065791 0
vn -0.996354 0.0853113 0
vn -0.996354 0.0853113 0
vn -0.995248 0.0973697 0
vn -0.995248 0.0973697 0
vn -0.99481 0.101748 0
vn -0.99481 0.101748 0
vn -0.99515 0.0983692 0
vn -0.99515 0.0983692 0
vn -0.996183 0.0872926 0
vn -0.996183 0.0872926 0
vn -0.996183 0.0872926 0
vn -0.996183 0.0872926 0
vn -0.985747 -0.168234 0
vn -0.985973 -0.166902 0
vn -0.986468 -0.163954 0
vn -0.98722 -0.159365 0
vn -0.988212 -0.153095 0
vn -0.989418 -0.145092 0
vn -0.990806 -0.135288 0
vn -0.992332 -0.123603 0
vn -0.997079 -0.0763833 0
vn -0.999463 -0.0327721 0
vn -0.999982 0.00607831 0
vn -0.999232 0.0391905 0
vn -0.997833 0.065791 0
vn -0.996354 0.0853113 0
vn -0.995248 0.0973697 0
vn -0.99481 0.101748 0
vn -0.99515 0.0983692 0
vn 0.57735 0.57735 0.57735
vn 0.57735 -0.57735 0.57735
vn 0.57735 0.57735 -0.57735
vn 0.57735 -0.57735 -0.57735
vn 1 0 0
vn 1 0 0
vn 1 0 0
vn 1 0 0
vn 1 0 0
vn 0.57735 0.57735 0.57735
vn 0.57735 -0.57735 0.57735
vn 0.57735 0.57735 -0.57735
vn 0.57735 -0.57735 -0.57735
vn 1 0 0
vn 1 0 0
vn 1 0 0
vn 1 0 0
vn 1 0 0
g Lower_plastic-white
usemtl plastic-white
f 3526//3526 3523//3523 3524//3524
f 3526//3526 3522//3522 3523//3523
f 3526//3526 3728//3728 3522//3522
f 3728//3728 3526//3526 3769//3769
f 3769//3769 3521//3521 3728//3728
f 3769//3769 3726//3726 3521//3521
f 3726//3726 3769//3769 3768//3768
f 3768//3768 3520//3520 3726//3726
f 3768//3768 3724//3724 3520//3520
f 3724//3724 3768//3768 3767//3767
f 3767//3767 3722//3722 3724//3724
f 3722//3722 3767//3767 3766//3766
f 3766//3766 3519//3519 3722//3722
f 3766//3766 3720//3720 3519//3519
f 3720//3720 3766//3766 3765//3765
f 3765//3765 3518//3518 3720//3720
f 3765//3765 3718//3718 3518//3518
f 3718//3718 3765//3765 3764//3764
f 3764//3764 3517//3517 3718//3718
f 3764//3764 3716//3716 3517//3517
f 3716//3716 3764//3764 3763//3763
f 3763//3763 3516//3516 3716//3716
f 3763//3763 3515//3515 3516//3516
f 3763//3763 3714//3714 3515//3515
f 3714//3714 3763//3763 3762//3762
f 3762//3762 3514//3514 3714//3714
f 3762//3762 3712//3712 3514//3514
f 3712//3712 3762//3762 3761//3761
f 3761//3761 3513//3513 3712//3712
f 3761//3761 3710//3710 3513//3513
f 3710//3710 3761//3761 3760//3760
f 3760//3760 3708//3708 3710//3710
f 3708//3708 3760//3760 3759//3759
f 3759//3759 3512//3512 3708//3708
f 3759//3759 3706//3706 3512//3512
f 3706//3706 3759//3759 3758//3758
f 3758//3758 3511//3511 3706//3706
f 3758//3758 3510//3510 3511//3511
f 3758//3758 3704//3704 3510//3510
f 3704//3704 3758//3758 3757//3757
f 3757//3757 3509//3509 3704//3704
f 3757//3757 3702//3702 3509//3509
f 3702//3702 3757//3757 3756//3756
f 3756//3756 3508//3508 3702//3702
f 3756//3756 3700//3700 3508//3508
f 3700//3700 3756//3756 3755//3755
f 3755//3755 3507//3507 3700//3700
f 3755//3755 3506//3506 3507//3507
f 3755//3755 3698//3698 3506//3506
f 3698//3698 3755//3755 3754//3754
f 3754//3754 3505//3505 3698//3698
f 3754//3754 3696//3696 3505//3505
f 3696//3696 3754//3754 3753//3753
f 3753//3753 3694//3694 3696//3696
f 3694//3694 3753//3753 3752//3752
f 3752//3752 3504//3504 3694//3694
f 3752//3752 3692//3692 3504//3504
f 3692//3692 3752//3752 3751//3751
f 3751//3751 3503//3503 3692//3692
f 3751//3751 3690//3690 3503//3503
f 3690//3690 3751//3751 3750//3750
f 3750//3750 3688//3688 3690//3690
f 3688//3688 3750//3750 3749//3749
f 3749//3749 3502//3502 3688//3688
f 3749//3749 3686//3686 3502//3502
f 3686//3686 3749//3749 3748//3748
f 3748//3748 3501//3501 3686//3686
f 3748//3748 3684//3684 3501//3501
f 3684//3684 3748//3748 3747//3747
f 3747//3747 3682//3682 3684//3684
f 3682//3682 3747//3747 3746//3746
f 3746//3746 3500//3500 3682//3682
f 3746//3746 3680//3680 3500//3500
f 3680//3680 3746//3746 3745//3745
f 3745//3745 3499//3499 3680//3680
f 3745//3745 3678//3678 3499//3499
f 3678//3678 3745//3745 3744//3744
f 3744//3744 3676//3676 3678//3678
f 3676//3676 3744//3744 3743//3743
f 3743//3743 3498//3498 3676//3676
f 3743//3743 3674//3674 3498//3498
f 3674//3674 3743//3743 3742//3742
f 3742//3742 3497//3497 3674//3674
f 3742//3742 3672//3672 3497//3497
f 3672//3672 3742//3742 3741//3741
f 3741//3741 3670//3670 3672//3672
f 3670//3670 3741//3741 3740//3740
f 3740//3740 3668//3668 3670//3670
f 3668//3668 3740//3740 3739//3739
f 3739//3739 3496//3496 3668//3668
f 3739//3739 3666//3666 3496//3496
f 3666//3666 3739//3739 3738//3738
f 3738//3738 3495//3495 3666//3666
f 3738//3738 3664//3664 3495//3495
f 3664//3664 3738//3738 3737//3737
f 3737//3737 3494//3494 3664//3664
f 3737//3737 3662//3662 3494//3494
f 3662//3662 3737//3737 3736//3736
f 3736//3736 3660//3660 3662//3662
f 3660//3660 3736//3736 3735//3735
f 3735//3735 3658//3658 3660//3660
f 3658//3658 3735//3735 3734//3734
f 3734//3734 3493//3493 3658//3658
f 3734//3734 3656//3656 3493//3493
f 3656//3656 3734//3734 3733//3733
f 3733//3733 3654//3654 3656//3656
f 3654//3654 3733//3733 3732//3732
f 3732//3732 3492//3492 3654//3654
f 3732//3732 3652//3652 3492//3492
f 3652//3652 3732//3732 3731//3731
f 3731//3731 3650//3650 3652//3652
f 3650//3650 3731//3731 3730//3730
f 3730//3730 3648//3648 3650//3650
f 3648//3648 3730//3730 3729//3729
f 3729//3729 3645//3645 3648//3648
f 3645//3645 3450//3450 3646//3646
f 3645//3645 3449//3449 3450//3450
f 3645//3645 3448//3448 3449//3449
f 3645//3645 3447//3447 3448//3448
f 3729//3729 3447//3447 3645//3645
f 3729//3729 3446//3446 3447//3447
f 3729//3729 3445//3445 3446//3446
f 3445//3445 3729//3729 3525//3525
f 3646//3646 3641//3641 3645//3645
f 3641//3641 3452//3452 3642//3642
f 3641//3641 3451//3451 3452//3452
f 3641//3641 3646//3646 3451//3451
f 3642//3642 3491//3491 3641//3641
f 3642//3642 3637//3637 3491//3491
f 3637//3637 3454//3454 3638//3638
f 3637//3637 3453//3453 3454//3454
f 3637//3637 3642//3642 3453//3453
f 3638//3638 3633//3633 3637//3637
f 3633//3633 3455//3455 3634//3634
f 3633//3633 3638//3638 3455//3455
f 3634//3634 3629//3629 3633//3633
f 3629//3629 3456//3456 3630//3630
f 3629//3629 3634//3634 3456//3456
f 3630//3630 3625//3625 3629//3629
f 3625//3625 3457//3457 3626//3626
f 3625//3625 3630//3630 3457//3457
f 3626//3626 3621//3621 3625//3625
f 3621//3621 3626//3626 3622//3622
f 3622//3622 3490//3490 3621//3621
f 3622//3622 3617//3617 3490//3490
f 3617//3617 3459//3459 3618//3618
f 3617//3617 3458//3458 3459//3459
f 3617//3617 3622//3622 3458//3458
f 3618//3618 3613//3613 3617//3617
f 3613//3613 3460//3460 3614//3614
f 3613//3613 3618//3618 3460//3460
f 3614//3614 3489//3489 3613//3613
f 3614//3614 3609//3609 3489//3489
f 3609//3609 3461//3461 3610//3610
f 3609//3609 3614//3614 3461//3461
f 3610//3610 3605//3605 3609//3609
f 3605//3605 3462//3462 3606//3606
f 3605//3605 3610//3610 3462//3462
f 3606//3606 3488//3488 3605//3605
f 3606//3606 3601//3601 3488//3488
f 3601//3601 3463//3463 3602//3602
f 3601//3601 3606//3606 3463//3463
f 3602//3602 3487//3487 3601//3601
f 3602//3602 3597//3597 3487//3487
f 3597//3597 3464//3464 3598//3598
f 3597//3597 3602//3602 3464//3464
f 3598//3598 3593//3593 3597//3597
f 3593//3593 3598//3598 3594//3594
f 3594//3594 3486//3486 3593//3593
f 3594//3594 3589//3589 3486//3486
f 3589//3589 3465//3465 3590//3590
f 3589//3589 3594//3594 3465//3465
f 3590//3590 3485//3485 3589//3589
f 3590//3590 3585//3585 3485//3485
f 3585//3585 3466//3466 3586//3586
f 3585//3585 3590//3590 3466//3466
f 3586//3586 3484//3484 3585//3585
f 3586//3586 3581//3581 3484//3484
f 3581//3581 3467//3467 3582//3582
f 3581//3581 3586//3586 3467//3467
f 3582//3582 3577//3577 3581//3581
f 3577//3577 3582//3582 3578//3578
f 3578//3578 3483//3483 3577//3577
f 3578//3578 3573//3573 3483//3483
f 3573//3573 3468//3468 3574//3574
f 3573//3573 3578//3578 3468//3468
f 3574//3574 3482//3482 3573//3573
f 3574//3574 3569//3569 3482//3482
f 3569//3569 3574//3574 3570//3570
f 3570//3570 3481//3481 3569//3569
f 3570//3570 3565//3565 3481//3481
f 3570//3570 3566//3566 3565//3565
f 3570//3570 3470//3470 3566//3566
f 3470//3470 3570//3570 3469//3469
f 3566//3566 3480//3480 3565//3565
f 3566//3566 3561//3561 3480//3480
f 3566//3566 3562//3562 3561//3561
f 3562//3562 3566//3566 3471//3471
f 3562//3562 3479//3479 3561//3561
f 3562//3562 3557//3557 3479//3479
f 3562//3562 3558//3558 3557//3557
f 3558//3558 3562//3562 3472//3472
f 3558//3558 3478//3478 3557//3557
f 3558//3558 3553//3553 3478//3478
f 3558//3558 3554//3554 3553//3553
f 3554//3554 3558//3558 3473//3473
f 3554//3554 3549//3549 3553//3553
f 3549//3549 3554//3554 3550//3550
f 3550//3550 3545//3545 3549//3549
f 3545//3545 3550//3550 3546//3546
f 3546//3546 3541//3541 3545//3545
f 3541//3541 3546//3546 3542//3542
f 3542//3542 3477//3477 3541//3541
f 3542//3542 3537//3537 3477//3477
f 3542//3542 3538//3538 3537//3537
f 3538//3538 3542//3542 3474//3474
f 3538//3538 3533//3533 3537//3537
f 3533//3533 3538//3538 3534//3534
f 3534//3534 3529//3529 3533//3533
f 3529//3529 3534//3534 3530//3530
f 3530//3530 3476//3476 3529//3529
f 3476//3476 3530//3530 3475//3475
f 3729//3729 3444//3444 3525//3525
f 3729//3729 3443//3443 3444//3444
f 3729//3729 3643//3643 3443//3443
f 3729//3729 3644//3644 3643//3643
f 3644//3644 3729//3729 3647//3647
f 3644//3644 3442//3442 3643//3643
f 3644//3644 3441//3441 3442//3442
f 3644//3644 3639//3639 3441//3441
f 3639//3639 3388//3388 3640//3640
f 3639//3639 3644//3644 3388//3388
f 3640//3640 3440//3440 3639//3639
f 3640//3640 3439//3439 3440//3440
f 3640//3640 3635//3635 3439//3439
f 3635//3635 3640//3640 3636//3636
f 3636//3636 3438//3438 3635//3635
f 3636//3636 3631//3631 3438//3438
f 3631//3631 3636//3636 3632//3632
f 3632//3632 3437//3437 3631//3631
f 3632//3632 3627//3627 3437//3437
f 3627//3627 3389//3389 3628//3628
f 3627//3627 3632//3632 3389//3389
f 3628//3628 3436//3436 3627//3627
f 3628//3628 3435//3435 3436//3436
f 3628//3628 3623//3623 3435//3435
f 3623//3623 3628//3628 3624//3624
f 3624//3624 3619//3619 3623//3623
f 3619//3619 3624//3624 3620//3620
f 3620//3620 3434//3434 3619//3619
f 3620//3620 3615//3615 3434//3434
f 3615//3615 3390//3390 3616//3616
f 3615//3615 3620//3620 3390//3390
f 3616//3616 3433//3433 3615//3615
f 3616//3616 3611//3611 3433//3433
f 3611//3611 3616//3616 3612//3612
f 3612//3612 3432//3432 3611//3611
f 3612//3612 3607//3607 3432//3432
f 3607//3607 3391//3391 3608//3608
f 3607//3607 3612//3612 3391//3391
f 3608//3608 3431//3431 3607//3607
f 3608//3608 3603//3603 3431//3431
f 3603//3603 3608//3608 3604//3604
f 3604//3604 3430//3430 3603//3603
f 3604//3604 3599//3599 3430//3430
f 3599//3599 3392//3392 3600//3600
f 3599//3599 3604//3604 3392//3392
f 3600//3600 3429//3429 3599//3599
f 3600//3600 3595//3595 3429//3429
f 3595//3595 3393//3393 3596//3596
f 3595//3595 3600//3600 3393//3393
f 3596//3596 3428//3428 3595//3595
f 3596//3596 3427//3427 3428//3428
f 3596//3596 3591//3591 3427//3427
f 3591//3591 3394//3394 3592//3592
f 3591//3591 3596//3596 3394//3394
f 3592//3592 3426//3426 3591//3591
f 3592//3592 3587//3587 3426//3426
f 3592//3592 3588//3588 3587//3587
f 3588//3588 3395//3395 3396//3396
f 3588//3588 3592//3592 3395//3395
f 3588//3588 3425//3425 3587//3587
f 3588//3588 3424//3424 3425//3425
f 3588//3588 3423//3423 3424//3424
f 3588//3588 3583//3583 3423//3423
f 3583//3583 3398//3398 3584//3584
f 3583//3583 3397//3397 3398//3398
f 3583//3583 3588//3588 3397//3397
f 3584//3584 3422//3422 3583//3583
f 3584//3584 3421//3421 3422//3422
f 3584//3584 3579//3579 3421//3421
f 3579//3579 3399//3399 3580//3580
f 3579//3579 3584//3584 3399//3399
f 3580//3580 3420//3420 3579//3579
f 3580//3580 3419//3419 3420//3420
f 3580//3580 3575//3575 3419//3419
f 3575//3575 3400//3400 3576//3576
f 3575//3575 3580//3580 3400//3400
f 3576//3576 3418//3418 3575//3575
f 3576//3576 3417//3417 3418//3418
f 3576//3576 3571//3571 3417//3417
f 3571//3571 3401//3401 3572//3572
f 3571//3571 3576//3576 3401//3401
f 3572//3572 3416//3416 3571//3571
f 3572//3572 3567//3567 3416//3416
f 3572//3572 3568//3568 3567//3567
f 3568//3568 3572//3572 3402//3402
f 3568//3568 3563//3563 3567//3567
f 3568//3568 3564//3564 3563//3563
f 3564//3564 3568//3568 3403//3403
f 3564//3564 3415//3415 3563//3563
f 3564//3564 3414//3414 3415//3415
f 3564//3564 3559//3559 3414//3414
f 3564//3564 3560//3560 3559//3559
f 3560//3560 3564//3564 3404//3404
f 3560//3560 3413//3413 3559//3559
f 3560//3560 3555//3555 3413//3413
f 3560//3560 3556//3556 3555//3555
f 3560//3560 3407//3407 3556//3556
f 3560//3560 3406//3406 3407//3407
f 3406//3406 3560//3560 3405//3405
f 3556//3556 3412//3412 3555//3555
f 3556//3556 3551//3551 3412//3412
f 3551//3551 3556//3556 3552//3552
f 3552//3552 3547//3547 3551//3551
f 3547//3547 3552//3552 3548//3548
f 3548//3548 3543//3543 3547//3547
f 3543//3543 3548//3548 3544//3544
f 3544//3544 3539//3539 3543//3543
f 3544//3544 3540//3540 3539//3539
f 3540//3540 3544//3544 3408//3408
f 3540//3540 3411//3411 3539//3539
f 3540//3540 3535//3535 3411//3411
f 3535//3535 3540//3540 3536//3536
f 3536//3536 3531//3531 3535//3535
f 3531//3531 3536//3536 3532//3532
f 3532//3532 3527//3527 3531//3531
f 3527//3527 3532//3532 3528//3528
f 3528//3528 3410//3410 3527//3527
f 3410//3410 3528//3528 3409//3409
f 3729//3729 3387//3387 3647//3647
f 3729//3729 3649//3649 3387//3387
f 3649//3649 3729//3729 3730//3730
f 3730//3730 3651//3651 3649//3649
f 3651//3651 3730//3730 3731//3731
f 3731//3731 3653//3653 3651//3651
f 3653//3653 3731//3731 3732//3732
f 3732//3732 3386//3386 3653//3653
f 3732//3732 3655//3655 3386//3386
f 3655//3655 3732//3732 3733//3733
f 3733//3733 3657//3657 3655//3655
f 3657//3657 3733//3733 3734//3734
f 3734//3734 3659//3659 3657//3657
f 3659//3659 3734//3734 3735//3735
f 3735//3735 3385//3385 3659//3659
f 3735//3735 3661//3661 3385//3385
f 3661//3661 3735//3735 3736//3736
f 3736//3736 3663//3663 3661//3661
f 3663//3663 3736//3736 3737//3737
f 3737//3737 3384//3384 3663//3663
f 3737//3737 3665//3665 3384//3384
f 3665//3665 3737//3737 3738//3738
f 3738//3738 3667//3667 3665//3665
f 3667//3667 3738//3738 3739//3739
f 3739//3739 3383//3383 3667//3667
f 3739//3739 3669//3669 3383//3383
f 3669//3669 3739//3739 3740//3740
f 3740//3740 3382//3382 3669//3669
f 3740//3740 3671//3671 3382//3382
f 3671//3671 3740//3740 3741//3741
f 3741//3741 3673//3673 3671//3671
f 3673//3673 3741//3741 3742//3742
f 3742//3742 3381//3381 3673//3673
f 3742//3742 3675//3675 3381//3381
f 3675//3675 3742//3742 3743//3743
f 3743//3743 3677//3677 3675//3675
f 3677//3677 3743//3743 3744//3744
f 3744//3744 3380//3380 3677//3677
f 3744//3744 3679//3679 3380//3380
f 3679//3679 3744//3744 3745//3745
f 3745//3745 3681//3681 3679//3679
f 3681//3681 3745//3745 3746//3746
f 3746//3746 3683//3683 3681//3681
f 3683//3683 3746//3746 3747//3747
f 3747//3747 3379//3379 3683//3683
f 3747//3747 3685//3685 3379//3379
f 3685//3685 3747//3747 3748//3748
f 3748//3748 3687//3687 3685//3685
f 3687//3687 3748//3748 3749//3749
f 3749//3749 3378//3378 3687//3687
f 3749//3749 3689//3689 3378//3378
f 3689//3689 3749//3749 3750//3750
f 3750//3750 3377//3377 3689//3689
f 3750//3750 3691//3691 3377//3377
f 3691//3691 3750//3750 3751//3751
f 3751//3751 3693//3693 3691//3691
f 3693//3693 3751//3751 3752//3752
f 3752//3752 3376//3376 3693//3693
f 3752//3752 3695//3695 3376//3376
f 3695//3695 3752//3752 3753//3753
f 3753//3753 3375//3375 3695//3695
f 3753//3753 3697//3697 3375//3375
f 3697//3697 3753//3753 3754//3754
f 3754//3754 3374//3374 3697//3697
f 3754//3754 3373//3373 3374//3374
f 3754//3754 3699//3699 3373//3373
f 3699//3699 3754//3754 3755//3755
f 3755//3755 3372//3372 3699//3699
f 3755//3755 3701//3701 3372//3372
f 3701//3701 3755//3755 3756//3756
f 3756//3756 3371//3371 3701//3701
f 3756//3756 3370//3370 3371//3371
f 3756//3756 3703//3703 3370//3370
f 3703//3703 3756//3756 3757//3757
f 3757//3757 3369//3369 3703//3703
f 3757//3757 3705//3705 3369//3369
f 3705//3705 3757//3757 3758//3758
f 3758//3758 3368//3368 3705//3705
f 3758//3758 3367//3367 3368//3368
f 3758//3758 3707//3707 3367//3367
f 3707//3707 3758//3758 3759//3759
f 3759//3759 3366//3366 3707//3707
f 3759//3759 3709//3709 3366//3366
f 3709//3709 3759//3759 3760//3760
f 3760//3760 3365//3365 3709//3709
f 3760//3760 3364//3364 3365//3365
f 3760//3760 3711//3711 3364//3364
f 3711//3711 3760//3760 3761//3761
f 3761//3761 3363//3363 3711//3711
f 3761//3761 3713//3713 3363//3363
f 3713//3713 3761//3761 3762//3762
f 3762//3762 3362//3362 3713//3713
f 3762//3762 3715//3715 3362//3362
f 3715//3715 3762//3762 3763//3763
f 3763//3763 3361//3361 3715//3715
f 3763//3763 3717//3717 3361//3361
f 3717//3717 3763//3763 3764//3764
f 3764//3764 3360//3360 3717//3717
f 3764//3764 3719//3719 3360//3360
f 3719//3719 3764//3764 3765//3765
f 3765//3765 3721//3721 3719//3719
f 3721//3721 3765//3765 3766//3766
f 3766//3766 3359//3359 3721//3721
f 3766//3766 3723//3723 3359//3359
f 3723//3723 3766//3766 3767//3767
f 3767//3767 3358//3358 3723//3723
f 3767//3767 3725//3725 3358//3358
f 3725//3725 3767//3767 3768//3768
f 3768//3768 3357//3357 3725//3725
f 3768//3768 3727//3727 3357//3357
f 3727//3727 3768//3768 3769//3769
f 3769//3769 3356//3356 3727//3727
f 3769//3769 3355//3355 3356//3356
f 3355//3355 3769//3769 3526//3526
f 3867//3867 3865//3865 3866//3866
f 3867//3867 3945//3945 3865//3865
f 3945//3945 3867//3867 3984//3984
f 3984//3984 3864//3864 3945//3945
f 3984//3984 3863//3863 3864//3864
f 3984//3984 3943//3943 3863//3863
f 3943//3943 3984//3984 3983//3983
f 3983//3983 3862//3862 3943//3943
f 3983//3983 3941//3941 3862//3862
f 3941//3941 3983//3983 3982//3982
f 3982//3982 3861//3861 3941//3941
f 3982//3982 3860//3860 3861//3861
f 3982//3982 3939//3939 3860//3860
f 3939//3939 3982//3982 3981//3981
f 3981//3981 3859//3859 3939//3939
f 3981//3981 3937//3937 3859//3859
f 3937//3937 3981//3981 3980//3980
f 3980//3980 3858//3858 3937//3937
f 3980//3980 3935//3935 3858//3858
f 3935//3935 3980//3980 3979//3979
f 3979//3979 3857//3857 3935//3935
f 3979//3979 3856//3856 3857//3857
f 3979//3979 3933//3933 3856//3856
f 3933//3933 3979//3979 3978//3978
f 3978//3978 3855//3855 3933//3933
f 3978//3978 3931//3931 3855//3855
f 3931//3931 3978//3978 3977//3977
f 3977//3977 3854//3854 3931//3931
f 3977//3977 3853//3853 3854//3854
f 3977//3977 3929//3929 3853//3853
f 3929//3929 3977//3977 3976//3976
f 3976//3976 3852//3852 3929//3929
f 3976//3976 3927//3927 3852//3852
f 3927//3927 3976//3976 3975//3975
f 3975//3975 3851//3851 3927//3927
f 3975//3975 3850//3850 3851//3851
f 3975//3975 3925//3925 3850//3850
f 3925//3925 3975//3975 3974//3974
f 3974//3974 3849//3849 3925//3925
f 3974//3974 3923//3923 3849//3849
f 3923//3923 3974//3974 3973//3973
f 3973//3973 3848//3848 3923//3923
f 3973//3973 3847//3847 3848//3848
f 3973//3973 3921//3921 3847//3847
f 3921//3921 3973//3973 3972//3972
f 3972//3972 3846//3846 3921//3921
f 3972//3972 3919//3919 3846//3846
f 3919//3919 3972//3972 3971//3971
f 3971//3971 3845//3845 3919//3919
f 3971//3971 3917//3917 3845//3845
f 3917//3917 3971//3971 3970//3970
f 3970//3970 3844//3844 3917//3917
f 3970//3970 3843//3843 3844//3844
f 3970//3970 3915//3915 3843//3843
f 3915//3915 3970//3970 3969//3969
f 3969//3969 3842//3842 3915//3915
f 3969//3969 3913//3913 3842//3842
f 3913//3913 3969//3969 3968//3968
f 3968//3968 3841//3841 3913//3913
f 3968//3968 3840//3840 3841//3841
f 3968//3968 3911//3911 3840//3840
f 3911//3911 3968//3968 3967//3967
f 3967//3967 3839//3839 3911//3911
f 3967//3967 3909//3909 3839//3839
f 3909//3909 3967//3967 3966//3966
f 3966//3966 3838//3838 3909//3909
f 3966//3966 3907//3907 3838//3838
f 3907//3907 3966//3966 3965//3965
f 3965//3965 3837//3837 3907//3907
f 3965//3965 3836//3836 3837//3837
f 3965//3965 3905//3905 3836//3836
f 3905//3905 3965//3965 3964//3964
f 3964//3964 3835//3835 3905//3905
f 3964//3964 3903//3903 3835//3835
f 3903//3903 3964//3964 3963//3963
f 3963//3963 3834//3834 3903//3903
f 3963//3963 3901//3901 3834//3834
f 3901//3901 3963//3963 3962//3962
f 3962//3962 3833//3833 3901//3901
f 3962//3962 3832//3832 3833//3833
f 3962//3962 3899//3899 3832//3832
f 3899//3899 3962//3962 3961//3961
f 3961//3961 3831//3831 3899//3899
f 3961//3961 3897//3897 3831//3831
f 3897//3897 3961//3961 3960//3960
f 3960//3960 3830//3830 3897//3897
f 3960//3960 3829//3829 3830//3830
f 3960//3960 3895//3895 3829//3829
f 3895//3895 3960//3960 3959//3959
f 3959//3959 3828//3828 3895//3895
f 3959//3959 3893//3893 3828//3828
f 3893//3893 3959//3959 3958//3958
f 3958//3958 3827//3827 3893//3893
f 3958//3958 3826//3826 3827//3827
f 3958//3958 3891//3891 3826//3826
f 3891//3891 3958//3958 3957//3957
f 3957//3957 3825//3825 3891//3891
f 3957//3957 3889//3889 3825//3825
f 3889//3889 3957//3957 3956//3956
f 3956//3956 3824//3824 3889//3889
f 3956//3956 3823//3823 3824//3824
f 3956//3956 3887//3887 3823//3823
f 3887//3887 3956//3956 3955//3955
f 3955//3955 3822//3822 3887//3887
f 3955//3955 3885//3885 3822//3822
f 3885//3885 3955//3955 3954//3954
f 3954//3954 3821//3821 3885//3885
f 3954//3954 3820//3820 3821//3821
f 3954//3954 3883//3883 3820//3820
f 3883//3883 3954//3954 3953//3953
f 3953//3953 3819//3819 3883//3883
f 3953//3953 3881//3881 3819//3819
f 3881//3881 3953//3953 3952//3952
f 3952//3952 3818//3818 3881//3881
f 3952//3952 3879//3879 3818//3818
f 3879//3879 3952//3952 3951//3951
f 3951//3951 3817//3817 3879//3879
f 3951//3951 3816//3816 3817//3817
f 3951//3951 3877//3877 3816//3816
f 3877//3877 3951//3951 3950//3950
f 3950//3950 3815//3815 3877//3877
f 3950//3950 3875//3875 3815//3815
f 3875//3875 3950//3950 3949//3949
f 3949//3949 3814//3814 3875//3875
f 3949//3949 3873//3873 3814//3814
f 3873//3873 3949//3949 3948//3948
f 3948//3948 3813//3813 3873//3873
f 3948//3948 3812//3812 3813//3813
f 3948//3948 3871//3871 3812//3812
f 3871//3871 3948//3948 3947//3947
f 3947//3947 3811//3811 3871//3871
f 3947//3947 3869//3869 3811//3811
f 3869//3869 3947//3947 3946//3946
f 3946//3946 3810//3810 3869//3869
f 3946//3946 3524//3524 3810//3810
f 3524//3524 3946//3946 3526//3526
f 3946//3946 3355//3355 3526//3526
f 3946//3946 3809//3809 3355//3355
f 3809//3809 3946//3946 3868//3868
f 3946//3946 3808//3808 3868//3868
f 3946//3946 3807//3807 3808//3808
f 3946//3946 3870//3870 3807//3807
f 3870//3870 3946//3946 3947//3947
f 3947//3947 3806//3806 3870//3870
f 3947//3947 3872//3872 3806//3806
f 3872//3872 3947//3947 3948//3948
f 3948//3948 3805//3805 3872//3872
f 3948//3948 3874//3874 3805//3805
f 3874//3874 3948//3948 3949//3949
f 3949//3949 3804//3804 3874//3874
f 3949//3949 3876//3876 3804//3804
f 3876//3876 3949//3949 3950//3950
f 3950//3950 3803//3803 3876//3876
f 3950//3950 3878//3878 3803//3803
f 3878//3878 3950//3950 3951//3951
f 3951//3951 3802//3802 3878//3878
f 3951//3951 3880//3880 3802//3802
f 3880//3880 3951//3951 3952//3952
f 3952//3952 3801//3801 3880//3880
f 3952//3952 3882//3882 3801//3801
f 3882//3882 3952//3952 3953//3953
f 3953//3953 3800//3800 3882//3882
f 3953//3953 3884//3884 3800//3800
f 3884//3884 3953//3953 3954//3954
f 3954//3954 3886//3886 3884//3884
f 3886//3886 3954//3954 3955//3955
f 3955//3955 3799//3799 3886//3886
f 3955//3955 3888//3888 3799//3799
f 3888//3888 3955//3955 3956//3956
f 3956//3956 3798//3798 3888//3888
f 3956//3956 3890//3890 3798//3798
f 3890//3890 3956//3956 3957//3957
f 3957//3957 3797//3797 3890//3890
f 3957//3957 3892//3892 3797//3797
f 3892//3892 3957//3957 3958//3958
f 3958//3958 3796//3796 3892//3892
f 3958//3958 3894//3894 3796//3796
f 3894//3894 3958//3958 3959//3959
f 3959//3959 3795//3795 3894//3894
f 3959//3959 3896//3896 3795//3795
f 3896//3896 3959//3959 3960//3960
f 3960//3960 3794//3794 3896//3896
f 3960//3960 3898//3898 3794//3794
f 3898//3898 3960//3960 3961//3961
f 3961//3961 3793//3793 3898//3898
f 3961//3961 3900//3900 3793//3793
f 3900//3900 3961//3961 3962//3962
f 3962//3962 3792//3792 3900//3900
f 3962//3962 3902//3902 3792//3792
f 3902//3902 3962//3962 3963//3963
f 3963//3963 3791//3791 3902//3902
f 3963//3963 3904//3904 3791//3791
f 3904//3904 3963//3963 3964//3964
f 3964//3964 3790//3790 3904//3904
f 3964//3964 3906//3906 3790//3790
f 3906//3906 3964//3964 3965//3965
f 3965//3965 3789//3789 3906//3906
f 3965//3965 3908//3908 3789//3789
f 3908//3908 3965//3965 3966//3966
f 3966//3966 3788//3788 3908//3908
f 3966//3966 3910//3910 3788//3788
f 3910//3910 3966//3966 3967//3967
f 3967//3967 3787//3787 3910//3910
f 3967//3967 3912//3912 3787//3787
f 3912//3912 3967//3967 3968//3968
f 3968//3968 3914//3914 3912//3912
f 3914//3914 3968//3968 3969//3969
f 3969//3969 3786//3786 3914//3914
f 3969//3969 3916//3916 3786//3786
f 3916//3916 3969//3969 3970//3970
f 3970//3970 3785//3785 3916//3916
f 3970//3970 3918//3918 3785//3785
f 3918//3918 3970//3970 3971//3971
f 3971//3971 3784//3784 3918//3918
f 3971//3971 3920//3920 3784//3784
f 3920//3920 3971//3971 3972//3972
f 3972//3972 3783//3783 3920//3920
f 3972//3972 3922//3922 3783//3783
f 3922//3922 3972//3972 3973//3973
f 3973//3973 3782//3782 3922//3922
f 3973//3973 3924//3924 3782//3782
f 3924//3924 3973//3973 3974//3974
f 3974//3974 3781//3781 3924//3924
f 3974//3974 3926//3926 3781//3781
f 3926//3926 3974//3974 3975//3975
f 3975//3975 3780//3780 3926//3926
f 3975//3975 3928//3928 3780//3780
f 3928//3928 3975//3975 3976//3976
f 3976//3976 3779//3779 3928//3928
f 3976//3976 3930//3930 3779//3779
f 3930//3930 3976//3976 3977//3977
f 3977//3977 3778//3778 3930//3930
f 3977//3977 3932//3932 3778//3778
f 3932//3932 3977//3977 3978//3978
f 3978//3978 3777//3777 3932//3932
f 3978//3978 3934//3934 3777//3777
f 3934//3934 3978//3978 3979//3979
f 3979//3979 3776//3776 3934//3934
f 3979//3979 3936//3936 3776//3776
f 3936//3936 3979//3979 3980//3980
f 3980//3980 3775//3775 3936//3936
f 3980//3980 3938//3938 3775//3775
f 3938//3938 3980//3980 3981//3981
f 3981//3981 3774//3774 3938//3938
f 3981//3981 3940//3940 3774//3774
f 3940//3940 3981//3981 3982//3982
f 3982//3982 3773//3773 3940//3940
f 3982//3982 3942//3942 3773//3773
f 3942//3942 3982//3982 3983//3983
f 3983//3983 3772//3772 3942//3942
f 3983//3983 3944//3944 3772//3772
f 3944//3944 3983//3983 3984//3984
f 3984//3984 3771//3771 3944//3944
f 3984//3984 3770//3770 3771//3771
f 3770//3770 3984//3984 3867//3867
f 4043//4043 4041//4041 4042//4042
f 4043//4043 4137//4137 4041//4041
f 4137//4137 4043//4043 4184//4184
f 4184//4184 4040//4040 4137//4137
f 4184//4184 4135//4135 4040//4040
f 4135//4135 4184//4184 4183//4183
f 4183//4183 4039//4039 4135//4135
f 4183//4183 4133//4133 4039//4039
f 4133//4133 4183//4183 4182//4182
f 4182//4182 4131//4131 4133//4133
f 4131//4131 4182//4182 4181//4181
f 4181//4181 4129//4129 4131//4131
f 4129//4129 4181//4181 4180//4180
f 4180//4180 4038//4038 4129//4129
f 4180//4180 4127//4127 4038//4038
f 4127//4127 4180//4180 4179//4179
f 4179//4179 4037//4037 4127//4127
f 4179//4179 4125//4125 4037//4037
f 4125//4125 4179//4179 4178//4178
f 4178//4178 4123//4123 4125//4125
f 4123//4123 4178//4178 4177//4177
f 4177//4177 4036//4036 4123//4123
f 4177//4177 4121//4121 4036//4036
f 4121//4121 4177//4177 4176//4176
f 4176//4176 4119//4119 4121//4121
f 4119//4119 4176//4176 4175//4175
f 4175//4175 4117//4117 4119//4119
f 4117//4117 4175//4175 4174//4174
f 4174//4174 4035//4035 4117//4117
f 4174//4174 4115//4115 4035//4035
f 4115//4115 4174//4174 4173//4173
f 4173//4173 4113//4113 4115//4115
f 4113//4113 4173//4173 4172//4172
f 4172//4172 4034//4034 4113//4113
f 4172//4172 4111//4111 4034//4034
f 4111//4111 4172//4172 4171//4171
f 4171//4171 4109//4109 4111//4111
f 4109//4109 4171//4171 4170//4170
f 4170//4170 4107//4107 4109//4109
f 4107//4107 4170//4170 4169//4169
f 4169//4169 4033//4033 4107//4107
f 4169//4169 4105//4105 4033//4033
f 4105//4105 4169//4169 4168//4168
f 4168//4168 4103//4103 4105//4105
f 4103//4103 4168//4168 4167//4167
f 4167//4167 4032//4032 4103//4103
f 4167//4167 4101//4101 4032//4032
f 4101//4101 4167//4167 4166//4166
f 4166//4166 4099//4099 4101//4101
f 4099//4099 4166//4166 4165//4165
f 4165//4165 4031//4031 4099//4099
f 4165//4165 4097//4097 4031//4031
f 4097//4097 4165//4165 4164//4164
f 4164//4164 4030//4030 4097//4097
f 4164//4164 4095//4095 4030//4030
f 4095//4095 4164//4164 4163//4163
f 4163//4163 4093//4093 4095//4095
f 4093//4093 4163//4163 4162//4162
f 4162//4162 4029//4029 4093//4093
f 4162//4162 4091//4091 4029//4029
f 4091//4091 4162//4162 4161//4161
f 4161//4161 4089//4089 4091//4091
f 4089//4089 4161//4161 4160//4160
f 4160//4160 4028//4028 4089//4089
f 4160//4160 4087//4087 4028//4028
f 4087//4087 4160//4160 4159//4159
f 4159//4159 4085//4085 4087//4087
f 4085//4085 4159//4159 4158//4158
f 4158//4158 4027//4027 4085//4085
f 4158//4158 4083//4083 4027//4027
f 4083//4083 4158//4158 4157//4157
f 4157//4157 4081//4081 4083//4083
f 4081//4081 4157//4157 4156//4156
f 4156//4156 4026//4026 4081//4081
f 4156//4156 4079//4079 4026//4026
f 4079//4079 4156//4156 4155//4155
f 4155//4155 4025//4025 4079//4079
f 4155//4155 4024//4024 4025//4025
f 4155//4155 4077//4077 4024//4024
f 4077//4077 4155//4155 4154//4154
f 4154//4154 4023//4023 4077//4077
f 4154//4154 4075//4075 4023//4023
f 4075//4075 4154//4154 4153//4153
f 4153//4153 4022//4022 4075//4075
f 4153//4153 4073//4073 4022//4022
f 4073//4073 4153//4153 4152//4152
f 4152//4152 4021//4021 4073//4073
f 4152//4152 4071//4071 4021//4021
f 4071//4071 4152//4152 4151//4151
f 4151//4151 4020//4020 4071//4071
f 4151//4151 4069//4069 4020//4020
f 4069//4069 4151//4151 4150//4150
f 4150//4150 4067//4067 4069//4069
f 4067//4067 4150//4150 4149//4149
f 4149//4149 4019//4019 4067//4067
f 4149//4149 4065//4065 4019//4019
f 4065//4065 4149//4149 4148//4148
f 4148//4148 4063//4063 4065//4065
f 4063//4063 4148//4148 4147//4147
f 4147//4147 4018//4018 4063//4063
f 4147//4147 4061//4061 4018//4018
f 4061//4061 4147//4147 4146//4146
f 4146//4146 4059//4059 4061//4061
f 4059//4059 4146//4146 4145//4145
f 4145//4145 4017//4017 4059//4059
f 4145//4145 4057//4057 4017//4017
f 4057//4057 4145//4145 4144//4144
f 4144//4144 4016//4016 4057//4057
f 4144//4144 4055//4055 4016//4016
f 4055//4055 4144//4144 4143//4143
f 4143//4143 4015//4015 4055//4055
f 4143//4143 4053//4053 4015//4015
f 4053//4053 4143//4143 4142//4142
f 4142//4142 4051//4051 4053//4053
f 4051//4051 4142//4142 4141//4141
f 4141//4141 4014//4014 4051//4051
f 4141//4141 4049//4049 4014//4014
f 4049//4049 4141//4141 4140//4140
f 4140//4140 4013//4013 4049//4049
f 4140//4140 4047//4047 4013//4013
f 4047//4047 4140//4140 4139//4139
f 4139//4139 4012//4012 4047//4047
f 4139//4139 4045//4045 4012//4012
f 4045//4045 4139//4139 4138//4138
f 4138//4138 3866//3866 4045//4045
f 3866//3866 4138//4138 3867//3867
f 4138//4138 3770//3770 3867//3867
f 4138//4138 4011//4011 3770//3770
f 4138//4138 4010//4010 4011//4011
f 4010//4010 4138//4138 4044//4044
f 4138//4138 4009//4009 4044//4044
f 4138//4138 4046//4046 4009//4009
f 4046//4046 4138//4138 4139//4139
f 4139//4139 4048//4048 4046//4046
f 4048//4048 4139//4139 4140//4140
f 4140//4140 4008//4008 4048//4048
f 4140//4140 4050//4050 4008//4008
f 4050//4050 4140//4140 4141//4141
f 4141//4141 4007//4007 4050//4050
f 4141//4141 4052//4052 4007//4007
f 4052//4052 4141//4141 4142//4142
f 4142//4142 4006//4006 4052//4052
f 4142//4142 4054//4054 4006//4006
f 4054//4054 4142//4142 4143//4143
f 4143//4143 4005//4005 4054//4054
f 4143//4143 4056//4056 4005//4005
f 4056//4056 4143//4143 4144//4144
f 4144//4144 4058//4058 4056//4056
f 4058//4058 4144//4144 4145//4145
f 4145//4145 4004//4004 4058//4058
f 4145//4145 4060//4060 4004//4004
f 4060//4060 4145//4145 4146//4146
f 4146//4146 4062//4062 4060//4060
f 4062//4062 4146//4146 4147//4147
f 4147//4147 4003//4003 4062//4062
f 4147//4147 4064//4064 4003//4003
f 4064//4064 4147//4147 4148//4148
f 4148//4148 4066//4066 4064//4064
f 4066//4066 4148//4148 4149//4149
f 4149//4149 4002//4002 4066//4066
f 4149//4149 4068//4068 4002//4002
f 4068//4068 4149//4149 4150//4150
f 4150//4150 4070//4070 4068//4068
f 4070//4070 4150//4150 4151//4151
f 4151//4151 4001//4001 4070//4070
f 4151//4151 4072//4072 4001//4001
f 4072//4072 4151//4151 4152//4152
f 4152//4152 4074//4074 4072//4072
f 4074//4074 4152//4152 4153//4153
f 4153//4153 4000//4000 4074//4074
f 4153//4153 4076//4076 4000//4000
f 4076//4076 4153//4153 4154//4154
f 4154//4154 3999//3999 4076//4076
f 4154//4154 4078//4078 3999//3999
f 4078//4078 4154//4154 4155//4155
f 4155//4155 4080//4080 4078//4078
f 4080//4080 4155//4155 4156//4156
f 4156//4156 3998//3998 4080//4080
f 4156//4156 4082//4082 3998//3998
f 4082//4082 4156//4156 4157//4157
f 4157//4157 4084//4084 4082//4082
f 4084//4084 4157//4157 4158//4158
f 4158//4158 3997//3997 4084//4084
f 4158//4158 4086//4086 3997//3997
f 4086//4086 4158//4158 4159//4159
f 4159//4159 4088//4088 4086//4086
f 4088//4088 4159//4159 4160//4160
f 4160//4160 3996//3996 4088//4088
f 4160//4160 4090//4090 3996//3996
f 4090//4090 4160//4160 4161//4161
f 4161//4161 4092//4092 4090//4090
f 4092//4092 4161//4161 4162//4162
f 4162//4162 3995//3995 4092//4092
f 4162//4162 4094//4094 3995//3995
f 4094//4094 4162//4162 4163//4163
f 4163//4163 3994//3994 4094//4094
f 4163//4163 4096//4096 3994//3994
f 4096//4096 4163//4163 4164//4164
f 4164//4164 3993//3993 4096//4096
f 4164//4164 4098//4098 3993//3993
f 4098//4098 4164//4164 4165//4165
f 4165//4165 3992//3992 4098//4098
f 4165//4165 4100//4100 3992//3992
f 4100//4100 4165//4165 4166//4166
f 4166//4166 4102//4102 4100//4100
f 4102//4102 4166//4166 4167//4167
f 4167//4167 3991//3991 4102//4102
f 4167//4167 4104//4104 3991//3991
f 4104//4104 4167//4167 4168//4168
f 4168//4168 4106//4106 4104//4104
f 4106//4106 4168//4168 4169//4169
f 4169//4169 3990//3990 4106//4106
f 4169//4169 4108//4108 3990//3990
f 4108//4108 4169//4169 4170//4170
f 4170//4170 4110//4110 4108//4108
f 4110//4110 4170//4170 4171//4171
f 4171//4171 4112//4112 4110//4110
f 4112//4112 4171//4171 4172//4172
f 4172//4172 4114//4114 4112//4112
f 4114//4114 4172//4172 4173//4173
f 4173//4173 3989//3989 4114//4114
f 4173//4173 4116//4116 3989//3989
f 4116//4116 4173//4173 4174//4174
f 4174//4174 4118//4118 4116//4116
f 4118//4118 4174//4174 4175//4175
f 4175//4175 4120//4120 4118//4118
f 4120//4120 4175//4175 4176//4176
f 4176//4176 4122//4122 4120//4120
f 4122//4122 4176//4176 4177//4177
f 4177//4177 3988//3988 4122//4122
f 4177//4177 4124//4124 3988//3988
f 4124//4124 4177//4177 4178//4178
f 4178//4178 4126//4126 4124//4124
f 4126//4126 4178//4178 4179//4179
f 4179//4179 4128//4128 4126//4126
f 4128//4128 4179//4179 4180//4180
f 4180//4180 4130//4130 4128//4128
f 4130//4130 4180//4180 4181//4181
f 4181//4181 3987//3987 4130//4130
f 4181//4181 4132//4132 3987//3987
f 4132//4132 4181//4181 4182//4182
f 4182//4182 4134//4134 4132//4132
f 4134//4134 4182//4182 4183//4183
f 4183//4183 3986//3986 4134//4134
f 4183//4183 4136//4136 3986//3986
f 4136//4136 4183//4183 4184//4184
f 4184//4184 3985//3985 4136//4136
f 3985//3985 4184//4184 4043//4043
f 4291//4291 4289//4289 4290//4290
f 4291//4291 4288//4288 4289//4289
f 4291//4291 4369//4369 4288//4288
f 4369//4369 4291//4291 4408//4408
f 4408//4408 4287//4287 4369//4369
f 4408//4408 4367//4367 4287//4287
f 4367//4367 4408//4408 4407//4407
f 4407//4407 4286//4286 4367//4367
f 4407//4407 4285//4285 4286//4286
f 4407//4407 4365//4365 4285//4285
f 4365//4365 4407//4407 4406//4406
f 4406//4406 4284//4284 4365//4365
f 4406//4406 4363//4363 4284//4284
f 4363//4363 4406//4406 4405//4405
f 4405//4405 4283//4283 4363//4363
f 4405//4405 4361//4361 4283//4283
f 4361//4361 4405//4405 4404//4404
f 4404//4404 4282//4282 4361//4361
f 4404//4404 4359//4359 4282//4282
f 4359//4359 4404//4404 4403//4403
f 4403//4403 4281//4281 4359//4359
f 4403//4403 4357//4357 4281//4281
f 4357//4357 4403//4403 4402//4402
f 4402//4402 4280//4280 4357//4357
f 4402//4402 4355//4355 4280//4280
f 4355//4355 4402//4402 4401//4401
f 4401//4401 4279//4279 4355//4355
f 4401//4401 4353//4353 4279//4279
f 4353//4353 4401//4401 4400//4400
f 4400//4400 4278//4278 4353//4353
f 4400//4400 4351//4351 4278//4278
f 4351//4351 4400//4400 4399//4399
f 4399//4399 4277//4277 4351//4351
f 4399//4399 4349//4349 4277//4277
f 4349//4349 4399//4399 4398//4398
f 4398//4398 4276//4276 4349//4349
f 4398//4398 4347//4347 4276//4276
f 4347//4347 4398//4398 4397//4397
f 4397//4397 4275//4275 4347//4347
f 4397//4397 4345//4345 4275//4275
f 4345//4345 4397//4397 4396//4396
f 4396//4396 4274//4274 4345//4345
f 4396//4396 4343//4343 4274//4274
f 4343//4343 4396//4396 4395//4395
f 4395//4395 4273//4273 4343//4343
f 4395//4395 4272//4272 4273//4273
f 4395//4395 4341//4341 4272//4272
f 4341//4341 4395//4395 4394//4394
f 4394//4394 4271//4271 4341//4341
f 4394//4394 4339//4339 4271//4271
f 4339//4339 4394//4394 4393//4393
f 4393//4393 4270//4270 4339//4339
f 4393//4393 4337//4337 4270//4270
f 4337//4337 4393//4393 4392//4392
f 4392//4392 4269//4269 4337//4337
f 4392//4392 4335//4335 4269//4269
f 4335//4335 4392//4392 4391//4391
f 4391//4391 4268//4268 4335//4335
f 4391//4391 4333//4333 4268//4268
f 4333//4333 4391//4391 4390//4390
f 4390//4390 4267//4267 4333//4333
f 4390//4390 4331//4331 4267//4267
f 4331//4331 4390//4390 4389//4389
f 4389//4389 4266//4266 4331//4331
f 4389//4389 4329//4329 4266//4266
f 4329//4329 4389//4389 4388//4388
f 4388//4388 4265//4265 4329//4329
f 4388//4388 4327//4327 4265//4265
f 4327//4327 4388//4388 4387//4387
f 4387//4387 4264//4264 4327//4327
f 4387//4387 4325//4325 4264//4264
f 4325//4325 4387//4387 4386//4386
f 4386//4386 4263//4263 4325//4325
f 4386//4386 4323//4323 4263//4263
f 4323//4323 4386//4386 4385//4385
f 4385//4385 4262//4262 4323//4323
f 4385//4385 4321//4321 4262//4262
f 4321//4321 4385//4385 4384//4384
f 4384//4384 4261//4261 4321//4321
f 4384//4384 4319//4319 4261//4261
f 4319//4319 4384//4384 4383//4383
f 4383//4383 4260//4260 4319//4319
f 4383//4383 4317//4317 4260//4260
f 4317//4317 4383//4383 4382//4382
f 4382//4382 4259//4259 4317//4317
f 4382//4382 4315//4315 4259//4259
f 4315//4315 4382//4382 4381//4381
f 4381//4381 4258//4258 4315//4315
f 4381//4381 4313//4313 4258//4258
f 4313//4313 4381//4381 4380//4380
f 4380//4380 4257//4257 4313//4313
f 4380//4380 4311//4311 4257//4257
f 4311//4311 4380//4380 4379//4379
f 4379//4379 4256//4256 4311//4311
f 4379//4379 4309//4309 4256//4256
f 4309//4309 4379//4379 4378//4378
f 4378//4378 4255//4255 4309//4309
f 4378//4378 4307//4307 4255//4255
f 4307//4307 4378//4378 4377//4377
f 4377//4377 4254//4254 4307//4307
f 4377//4377 4305//4305 4254//4254
f 4305//4305 4377//4377 4376//4376
f 4376//4376 4253//4253 4305//4305
f 4376//4376 4303//4303 4253//4253
f 4303//4303 4376//4376 4375//4375
f 4375//4375 4252//4252 4303//4303
f 4375//4375 4301//4301 4252//4252
f 4301//4301 4375//4375 4374//4374
f 4374//4374 4251//4251 4301//4301
f 4374//4374 4299//4299 4251//4251
f 4299//4299 4374//4374 4373//4373
f 4373//4373 4250//4250 4299//4299
f 4373//4373 4297//4297 4250//4250
f 4297//4297 4373//4373 4372//4372
f 4372//4372 4249//4249 4297//4297
f 4372//4372 4248//4248 4249//4249
f 4372//4372 4295//4295 4248//4248
f 4295//4295 4372//4372 4371//4371
f 4371//4371 4247//4247 4295//4295
f 4371//4371 4293//4293 4247//4247
f 4293//4293 4371//4371 4370//4370
f 4370//4370 4246//4246 4293//4293
f 4370//4370 4245//4245 4246//4246
f 4370//4370 4042//4042 4245//4245
f 4042//4042 4370//4370 4043//4043
f 4370//4370 3985//3985 4043//4043
f 4370//4370 4244//4244 3985//3985
f 4244//4244 4370//4370 4292//4292
f 4370//4370 4243//4243 4292//4292
f 4370//4370 4242//4242 4243//4243
f 4370//4370 4294//4294 4242//4242
f 4294//4294 4370//4370 4371//4371
f 4371//4371 4241//4241 4294//4294
f 4371//4371 4240//4240 4241//4241
f 4371//4371 4296//4296 4240//4240
f 4296//4296 4371//4371 4372//4372
f 4372//4372 4239//4239 4296//4296
f 4372//4372 4298//4298 4239//4239
f 4298//4298 4372//4372 4373//4373
f 4373//4373 4238//4238 4298//4298
f 4373//4373 4237//4237 4238//4238
f 4373//4373 4300//4300 4237//4237
f 4300//4300 4373//4373 4374//4374
f 4374//4374 4236//4236 4300//4300
f 4374//4374 4302//4302 4236//4236
f 4302//4302 4374//4374 4375//4375
f 4375//4375 4235//4235 4302//4302
f 4375//4375 4304//4304 4235//4235
f 4304//4304 4375//4375 4376//4376
f 4376//4376 4234//4234 4304//4304
f 4376//4376 4233//4233 4234//4234
f 4376//4376 4306//4306 4233//4233
f 4306//4306 4376//4376 4377//4377
f 4377//4377 4232//4232 4306//4306
f 4377//4377 4308//4308 4232//4232
f 4308//4308 4377//4377 4378//4378
f 4378//4378 4231//4231 4308//4308
f 4378//4378 4230//4230 4231//4231
f 4378//4378 4310//4310 4230//4230
f 4310//4310 4378//4378 4379//4379
f 4379//4379 4229//4229 4310//4310
f 4379//4379 4312//4312 4229//4229
f 4312//4312 4379//4379 4380//4380
f 4380//4380 4228//4228 4312//4312
f 4380//4380 4227//4227 4228//4228
f 4380//4380 4314//4314 4227//4227
f 4314//4314 4380//4380 4381//4381
f 4381//4381 4226//4226 4314//4314
f 4381//4381 4316//4316 4226//4226
f 4316//4316 4381//4381 4382//4382
f 4382//4382 4225//4225 4316//4316
f 4382//4382 4318//4318 4225//4225
f 4318//4318 4382//4382 4383//4383
f 4383//4383 4224//4224 4318//4318
f 4383//4383 4223//4223 4224//4224
f 4383//4383 4320//4320 4223//4223
f 4320//4320 4383//4383 4384//4384
f 4384//4384 4222//4222 4320//4320
f 4384//4384 4322//4322 4222//4222
f 4322//4322 4384//4384 4385//4385
f 4385//4385 4221//4221 4322//4322
f 4385//4385 4220//4220 4221//4221
f 4385//4385 4324//4324 4220//4220
f 4324//4324 4385//4385 4386//4386
f 4386//4386 4219//4219 4324//4324
f 4386//4386 4326//4326 4219//4219
f 4326//4326 4386//4386 4387//4387
f 4387//4387 4218//4218 4326//4326
f 4387//4387 4217//4217 4218//4218
f 4387//4387 4328//4328 4217//4217
f 4328//4328 4387//4387 4388//4388
f 4388//4388 4216//4216 4328//4328
f 4388//4388 4330//4330 4216//4216
f 4330//4330 4388//4388 4389//4389
f 4389//4389 4215//4215 4330//4330
f 4389//4389 4332//4332 4215//4215
f 4332//4332 4389//4389 4390//4390
f 4390//4390 4214//4214 4332//4332
f 4390//4390 4334//4334 4214//4214
f 4334//4334 4390//4390 4391//4391
f 4391//4391 4213//4213 4334//4334
f 4391//4391 4212//4212 4213//4213
f 4391//4391 4336//4336 4212//4212
f 4336//4336 4391//4391 4392//4392
f 4392//4392 4211//4211 4336//4336
f 4392//4392 4338//4338 4211//4211
f 4338//4338 4392//4392 4393//4393
f 4393//4393 4210//4210 4338//4338
f 4393//4393 4209//4209 4210//4210
f 4393//4393 4340//4340 4209//4209
f 4340//4340 4393//4393 4394//4394
f 4394//4394 4208//4208 4340//4340
f 4394//4394 4342//4342 4208//4208
f 4342//4342 4394//4394 4395//4395
f 4395//4395 4207//4207 4342//4342
f 4395//4395 4206//4206 4207//4207
f 4395//4395 4344//4344 4206//4206
f 4344//4344 4395//4395 4396//4396
f 4396//4396 4205//4205 4344//4344
f 4396//4396 4346//4346 4205//4205
f 4346//4346 4396//4396 4397//4397
f 4397//4397 4204//4204 4346//4346
f 4397//4397 4203//4203 4204//4204
f 4397//4397 4348//4348 4203//4203
f 4348//4348 4397//4397 4398//4398
f 4398//4398 4202//4202 4348//4348
f 4398//4398 4350//4350 4202//4202
f 4350//4350 4398//4398 4399//4399
f 4399//4399 4201//4201 4350//4350
f 4399//4399 4200//4200 4201//4201
f 4399//4399 4352//4352 4200//4200
f 4352//4352 4399//4399 4400//4400
f 4400//4400 4199//4199 4352//4352
f 4400//4400 4354//4354 4199//4199
f 4354//4354 4400//4400 4401//4401
f 4401//4401 4198//4198 4354//4354
f 4401//4401 4197//4197 4198//4198
f 4401//4401 4356//4356 4197//4197
f 4356//4356 4401//4401 4402//4402
f 4402//4402 4196//4196 4356//4356
f 4402//4402 4358//4358 4196//4196
f 4358//4358 4402//4402 4403//4403
f 4403//4403 4195//4195 4358//4358
f 4403//4403 4360//4360 4195//4195
f 4360//4360 4403//4403 4404//4404
f 4404//4404 4194//4194 4360//4360
f 4404//4404 4193//4193 4194//4194
f 4404//4404 4362//4362 4193//4193
f 4362//4362 4404//4404 4405//4405
f 4405//4405 4192//4192 4362//4362
f 4405//4405 4364//4364 4192//4192
f 4364//4364 4405//4405 4406//4406
f 4406//4406 4191//4191 4364//4364
f 4406//4406 4190//4190 4191//4191
f 4406//4406 4366//4366 4190//4190
f 4366//4366 4406//4406 4407//4407
f 4407//4407 4189//4189 4366//4366
f 4407//4407 4188//4188 4189//4189
f 4407//4407 4368//4368 4188//4188
f 4368//4368 4407//4407 4408//4408
f 4408//4408 4187//4187 4368//4368
f 4408//4408 4186//4186 4187//4187
f 4408//4408 4185//4185 4186//4186
f 4185//4185 4408//4408 4291//4291
f 4451//4451 4449//4449 4450//4450
f 4451//4451 4448//4448 4449//4449
f 4451//4451 4447//4447 4448//4448
f 4451//4451 4446//4446 4447//4447
f 4451//4451 4445//4445 4446//4446
f 4451//4451 4444//4444 4445//4445
f 4451//4451 4443//4443 4444//4444
f 4451//4451 4442//4442 4443//4443
f 4451//4451 4441//4441 4442//4442
f 4451//4451 4440//4440 4441//4441
f 4451//4451 4439//4439 4440//4440
f 4451//4451 4438//4438 4439//4439
f 4451//4451 4437//4437 4438//4438
f 4451//4451 4436//4436 4437//4437
f 4451//4451 4453//4453 4436//4436
f 4453//4453 4451//4451 4454//4454
f 4454//4454 4435//4435 4453//4453
f 4454//4454 4434//4434 4435//4435
f 4454//4454 4433//4433 4434//4434
f 4454//4454 4432//4432 4433//4433
f 4454//4454 4431//4431 4432//4432
f 4454//4454 4430//4430 4431//4431
f 4454//4454 4429//4429 4430//4430
f 4454//4454 4290//4290 4429//4429
f 4290//4290 4454//4454 4291//4291
f 4454//4454 4185//4185 4291//4291
f 4454//4454 4428//4428 4185//4185
f 4454//4454 4427//4427 4428//4428
f 4454//4454 4426//4426 4427//4427
f 4454//4454 4425//4425 4426//4426
f 4454//4454 4424//4424 4425//4425
f 4454//4454 4423//4423 4424//4424
f 4454//4454 4422//4422 4423//4423
f 4422//4422 4454//4454 4452//4452
f 4454//4454 4421//4421 4452//4452
f 4454//4454 4420//4420 4421//4421
f 4454//4454 4419//4419 4420//4420
f 4454//4454 4418//4418 4419//4419
f 4454//4454 4417//4417 4418//4418
f 4454//4454 4416//4416 4417//4417
f 4454//4454 4415//4415 4416//4416
f 4454//4454 4414//4414 4415//4415
f 4454//4454 4413//4413 4414//4414
f 4454//4454 4412//4412 4413//4413
f 4454//4454 4411//4411 4412//4412
f 4454//4454 4410//4410 4411//4411
f 4454//4454 4409//4409 4410//4410
f 4409//4409 4454//4454 4451//4451
f 4571//4571 4749//4749 4569//4569
f 4749//4749 4571//4571 4832//4832
f 4832//4832 4747//4747 4749//4749
f 4747//4747 4832//4832 4831//4831
f 4831//4831 4745//4745 4747//4747
f 4745//4745 4831//4831 4830//4830
f 4830//4830 4743//4743 4745//4745
f 4743//4743 4830//4830 4829//4829
f 4829//4829 4741//4741 4743//4743
f 4741//4741 4829//4829 4828//4828
f 4828//4828 4739//4739 4741//4741
f 4739//4739 4828//4828 4827//4827
f 4827//4827 4737//4737 4739//4739
f 4737//4737 4827//4827 4826//4826
f 4826//4826 4568//4568 4737//4737
f 4826//4826 4735//4735 4568//4568
f 4735//4735 4826//4826 4825//4825
f 4825//4825 4733//4733 4735//4735
f 4733//4733 4825//4825 4824//4824
f 4824//4824 4731//4731 4733//4733
f 4731//4731 4824//4824 4823//4823
f 4823//4823 4729//4729 4731//4731
f 4729//4729 4823//4823 4822//4822
f 4822//4822 4727//4727 4729//4729
f 4727//4727 4822//4822 4821//4821
f 4821//4821 4725//4725 4727//4727
f 4725//4725 4821//4821 4820//4820
f 4820//4820 4723//4723 4725//4725
f 4723//4723 4820//4820 4819//4819
f 4819//4819 4721//4721 4723//4723
f 4721//4721 4819//4819 4818//4818
f 4818//4818 4567//4567 4721//4721
f 4818//4818 4719//4719 4567//4567
f 4719//4719 4818//4818 4817//4817
f 4817//4817 4566//4566 4719//4719
f 4817//4817 4565//4565 4566//4566
f 4817//4817 4717//4717 4565//4565
f 4717//4717 4817//4817 4816//4816
f 4816//4816 4564//4564 4717//4717
f 4816//4816 4715//4715 4564//4564
f 4715//4715 4816//4816 4815//4815
f 4815//4815 4563//4563 4715//4715
f 4815//4815 4713//4713 4563//4563
f 4713//4713 4815//4815 4814//4814
f 4814//4814 4711//4711 4713//4713
f 4711//4711 4814//4814 4813//4813
f 4813//4813 4562//4562 4711//4711
f 4813//4813 4709//4709 4562//4562
f 4709//4709 4813//4813 4812//4812
f 4812//4812 4561//4561 4709//4709
f 4812//4812 4707//4707 4561//4561
f 4707//4707 4812//4812 4811//4811
f 4811//4811 4560//4560 4707//4707
f 4811//4811 4705//4705 4560//4560
f 4705//4705 4811//4811 4810//4810
f 4810//4810 4559//4559 4705//4705
f 4810//4810 4558//4558 4559//4559
f 4810//4810 4703//4703 4558//4558
f 4703//4703 4810//4810 4809//4809
f 4809//4809 4701//4701 4703//4703
f 4701//4701 4809//4809 4808//4808
f 4808//4808 4557//4557 4701//4701
f 4808//4808 4699//4699 4557//4557
f 4699//4699 4808//4808 4807//4807
f 4807//4807 4697//4697 4699//4699
f 4697//4697 4807//4807 4806//4806
f 4806//4806 4556//4556 4697//4697
f 4806//4806 4695//4695 4556//4556
f 4695//4695 4806//4806 4805//4805
f 4805//4805 4555//4555 4695//4695
f 4805//4805 4693//4693 4555//4555
f 4693//4693 4805//4805 4804//4804
f 4804//4804 4691//4691 4693//4693
f 4691//4691 4804//4804 4803//4803
f 4803//4803 4689//4689 4691//4691
f 4689//4689 4803//4803 4802//4802
f 4802//4802 4687//4687 4689//4689
f 4687//4687 4802//4802 4801//4801
f 4801//4801 4554//4554 4687//4687
f 4801//4801 4685//4685 4554//4554
f 4685//4685 4801//4801 4800//4800
f 4800//4800 4683//4683 4685//4685
f 4683//4683 4800//4800 4799//4799
f 4799//4799 4681//4681 4683//4683
f 4681//4681 4799//4799 4798//4798
f 4798//4798 4553//4553 4681//4681
f 4798//4798 4679//4679 4553//4553
f 4679//4679 4798//4798 4797//4797
f 4797//4797 4677//4677 4679//4679
f 4677//4677 4797//4797 4796//4796
f 4796//4796 4552//4552 4677//4677
f 4796//4796 4675//4675 4552//4552
f 4675//4675 4796//4796 4795//4795
f 4795//4795 4551//4551 4675//4675
f 4795//4795 4673//4673 4551//4551
f 4673//4673 4795//4795 4794//4794
f 4794//4794 4550//4550 4673//4673
f 4794//4794 4671//4671 4550//4550
f 4671//4671 4794//4794 4793//4793
f 4793//4793 4549//4549 4671//4671
f 4793//4793 4669//4669 4549//4549
f 4669//4669 4793//4793 4792//4792
f 4792//4792 4548//4548 4669//4669
f 4792//4792 4667//4667 4548//4548
f 4667//4667 4792//4792 4791//4791
f 4791//4791 4547//4547 4667//4667
f 4791//4791 4665//4665 4547//4547
f 4665//4665 4791//4791 4790//4790
f 4790//4790 4546//4546 4665//4665
f 4790//4790 4663//4663 4546//4546
f 4663//4663 4790//4790 4789//4789
f 4789//4789 4661//4661 4663//4663
f 4661//4661 4789//4789 4788//4788
f 4788//4788 4659//4659 4661//4661
f 4659//4659 4788//4788 4787//4787
f 4787//4787 4545//4545 4659//4659
f 4787//4787 4657//4657 4545//4545
f 4657//4657 4787//4787 4786//4786
f 4786//4786 4655//4655 4657//4657
f 4655//4655 4786//4786 4785//4785
f 4785//4785 4544//4544 4655//4655
f 4785//4785 4653//4653 4544//4544
f 4653//4653 4785//4785 4784//4784
f 4784//4784 4651//4651 4653//4653
f 4651//4651 4784//4784 4783//4783
f 4783//4783 4543//4543 4651//4651
f 4783//4783 4649//4649 4543//4543
f 4649//4649 4783//4783 4782//4782
f 4782//4782 4647//4647 4649//4649
f 4647//4647 4782//4782 4781//4781
f 4781//4781 4542//4542 4647//4647
f 4781//4781 4645//4645 4542//4542
f 4645//4645 4781//4781 4780//4780
f 4780//4780 4541//4541 4645//4645
f 4780//4780 4643//4643 4541//4541
f 4643//4643 4780//4780 4779//4779
f 4779//4779 4540//4540 4643//4643
f 4779//4779 4641//4641 4540//4540
f 4641//4641 4779//4779 4778//4778
f 4778//4778 4539//4539 4641//4641
f 4778//4778 4639//4639 4539//4539
f 4639//4639 4778//4778 4777//4777
f 4777//4777 4538//4538 4639//4639
f 4777//4777 4637//4637 4538//4538
f 4637//4637 4777//4777 4776//4776
f 4776//4776 4537//4537 4637//4637
f 4776//4776 4635//4635 4537//4537
f 4635//4635 4776//4776 4775//4775
f 4775//4775 4536//4536 4635//4635
f 4775//4775 4633//4633 4536//4536
f 4633//4633 4775//4775 4774//4774
f 4774//4774 4631//4631 4633//4633
f 4631//4631 4774//4774 4773//4773
f 4773//4773 4535//4535 4631//4631
f 4773//4773 4629//4629 4535//4535
f 4629//4629 4773//4773 4772//4772
f 4772//4772 4534//4534 4629//4629
f 4772//4772 4627//4627 4534//4534
f 4627//4627 4772//4772 4771//4771
f 4771//4771 4625//4625 4627//4627
f 4625//4625 4771//4771 4770//4770
f 4770//4770 4533//4533 4625//4625
f 4770//4770 4623//4623 4533//4533
f 4623//4623 4770//4770 4769//4769
f 4769//4769 4621//4621 4623//4623
f 4621//4621 4769//4769 4768//4768
f 4768//4768 4532//4532 4621//4621
f 4768//4768 4619//4619 4532//4532
f 4619//4619 4768//4768 4767//4767
f 4767//4767 4617//4617 4619//4619
f 4617//4617 4767//4767 4766//4766
f 4766//4766 4531//4531 4617//4617
f 4766//4766 4615//4615 4531//4531
f 4615//4615 4766//4766 4765//4765
f 4765//4765 4530//4530 4615//4615
f 4765//4765 4613//4613 4530//4530
f 4613//4613 4765//4765 4764//4764
f 4764//4764 4529//4529 4613//4613
f 4764//4764 4611//4611 4529//4529
f 4611//4611 4764//4764 4763//4763
f 4763//4763 4528//4528 4611//4611
f 4763//4763 4609//4609 4528//4528
f 4609//4609 4763//4763 4762//4762
f 4762//4762 4527//4527 4609//4609
f 4762//4762 4607//4607 4527//4527
f 4607//4607 4762//4762 4761//4761
f 4761//4761 4526//4526 4607//4607
f 4761//4761 4605//4605 4526//4526
f 4605//4605 4761//4761 4760//4760
f 4760//4760 4603//4603 4605//4605
f 4603//4603 4760//4760 4759//4759
f 4759//4759 4525//4525 4603//4603
f 4759//4759 4601//4601 4525//4525
f 4601//4601 4759//4759 4758//4758
f 4758//4758 4524//4524 4601//4601
f 4758//4758 4599//4599 4524//4524
f 4599//4599 4758//4758 4757//4757
f 4757//4757 4597//4597 4599//4599
f 4597//4597 4757//4757 4756//4756
f 4756//4756 4595//4595 4597//4597
f 4595//4595 4756//4756 4755//4755
f 4755//4755 4523//4523 4595//4595
f 4755//4755 4593//4593 4523//4523
f 4593//4593 4755//4755 4754//4754
f 4754//4754 4591//4591 4593//4593
f 4591//4591 4754//4754 4753//4753
f 4753//4753 4589//4589 4591//4591
f 4589//4589 4753//4753 4752//4752
f 4752//4752 4522//4522 4589//4589
f 4752//4752 4587//4587 4522//4522
f 4587//4587 4752//4752 4751//4751
f 4751//4751 4521//4521 4587//4587
f 4751//4751 4585//4585 4521//4521
f 4585//4585 4751//4751 4750//4750
f 4750//4750 4582//4582 4585//4585
f 4750//4750 4583//4583 4582//4582
f 4750//4750 4512//4512 4583//4583
f 4512//4512 4750//4750 4570//4570
f 4583//4583 4520//4520 4582//4582
f 4583//4583 4578//4578 4520//4520
f 4578//4578 4514//4514 4579//4579
f 4578//4578 4513//4513 4514//4514
f 4578//4578 4583//4583 4513//4513
f 4579//4579 4519//4519 4578//4578
f 4579//4579 4518//4518 4519//4519
f 4579//4579 4574//4574 4518//4518
f 4579//4579 4575//4575 4574//4574
f 4579//4579 4516//4516 4575//4575
f 4516//4516 4579//4579 4515//4515
f 4574//4574 4575//4575 4517//4517
f 4750//4750 4511//4511 4570//4570
f 4750//4750 4510//4510 4511//4511
f 4750//4750 4580//4580 4510//4510
f 4750//4750 4581//4581 4580//4580
f 4750//4750 4502//4502 4581//4581
f 4502//4502 4750//4750 4584//4584
f 4581//4581 4509//4509 4580//4580
f 4581//4581 4508//4508 4509//4509
f 4581//4581 4576//4576 4508//4508
f 4581//4581 4577//4577 4576//4576
f 4577//4577 4581//4581 4503//4503
f 4577//4577 4507//4507 4576//4576
f 4577//4577 4572//4572 4507//4507
f 4577//4577 4573//4573 4572//4572
f 4577//4577 4505//4505 4573//4573
f 4505//4505 4577//4577 4504//4504
f 4572//4572 4573//4573 4506//4506
f 4750//4750 4501//4501 4584//4584
f 4750//4750 4586//4586 4501//4501
f 4586//4586 4750//4750 4751//4751
f 4751//4751 4588//4588 4586//4586
f 4588//4588 4751//4751 4752//4752
f 4752//4752 4500//4500 4588//4588
f 4752//4752 4590//4590 4500//4500
f 4590//4590 4752//4752 4753//4753
f 4753//4753 4592//4592 4590//4590
f 4592//4592 4753//4753 4754//4754
f 4754//4754 4594//4594 4592//4592
f 4594//4594 4754//4754 4755//4755
f 4755//4755 4596//4596 4594//4594
f 4596//4596 4755//4755 4756//4756
f 4756//4756 4499//4499 4596//4596
f 4756//4756 4598//4598 4499//4499
f 4598//4598 4756//4756 4757//4757
f 4757//4757 4600//4600 4598//4598
f 4600//4600 4757//4757 4758//4758
f 4758//4758 4498//4498 4600//4600
f 4758//4758 4602//4602 4498//4498
f 4602//4602 4758//4758 4759//4759
f 4759//4759 4604//4604 4602//4602
f 4604//4604 4759//4759 4760//4760
f 4760//4760 4497//4497 4604//4604
f 4760//4760 4606//4606 4497//4497
f 4606//4606 4760//4760 4761//4761
f 4761//4761 4496//4496 4606//4606
f 4761//4761 4608//4608 4496//4496
f 4608//4608 4761//4761 4762//4762
f 4762//4762 4495//4495 4608//4608
f 4762//4762 4610//4610 4495//4495
f 4610//4610 4762//4762 4763//4763
f 4763//4763 4494//4494 4610//4610
f 4763//4763 4612//4612 4494//4494
f 4612//4612 4763//4763 4764//4764
f 4764//4764 4614//4614 4612//4612
f 4614//4614 4764//4764 4765//4765
f 4765//4765 4493//4493 4614//4614
f 4765//4765 4616//4616 4493//4493
f 4616//4616 4765//4765 4766//4766
f 4766//4766 4492//4492 4616//4616
f 4766//4766 4618//4618 4492//4492
f 4618//4618 4766//4766 4767//4767
f 4767//4767 4491//4491 4618//4618
f 4767//4767 4620//4620 4491//4491
f 4620//4620 4767//4767 4768//4768
f 4768//4768 4622//4622 4620//4620
f 4622//4622 4768//4768 4769//4769
f 4769//4769 4490//4490 4622//4622
f 4769//4769 4624//4624 4490//4490
f 4624//4624 4769//4769 4770//4770
f 4770//4770 4626//4626 4624//4624
f 4626//4626 4770//4770 4771//4771
f 4771//4771 4489//4489 4626//4626
f 4771//4771 4628//4628 4489//4489
f 4628//4628 4771//4771 4772//4772
f 4772//4772 4630//4630 4628//4628
f 4630//4630 4772//4772 4773//4773
f 4773//4773 4632//4632 4630//4630
f 4632//4632 4773//4773 4774//4774
f 4774//4774 4488//4488 4632//4632
f 4774//4774 4634//4634 4488//4488
f 4634//4634 4774//4774 4775//4775
f 4775//4775 4487//4487 4634//4634
f 4775//4775 4636//4636 4487//4487
f 4636//4636 4775//4775 4776//4776
f 4776//4776 4486//4486 4636//4636
f 4776//4776 4638//4638 4486//4486
f 4638//4638 4776//4776 4777//4777
f 4777//4777 4485//4485 4638//4638
f 4777//4777 4640//4640 4485//4485
f 4640//4640 4777//4777 4778//4778
f 4778//4778 4484//4484 4640//4640
f 4778//4778 4642//4642 4484//4484
f 4642//4642 4778//4778 4779//4779
f 4779//4779 4644//4644 4642//4642
f 4644//4644 4779//4779 4780//4780
f 4780//4780 4483//4483 4644//4644
f 4780//4780 4646//4646 4483//4483
f 4646//4646 4780//4780 4781//4781
f 4781//4781 4482//4482 4646//4646
f 4781//4781 4648//4648 4482//4482
f 4648//4648 4781//4781 4782//4782
f 4782//4782 4650//4650 4648//4648
f 4650//4650 4782//4782 4783//4783
f 4783//4783 4481//4481 4650//4650
f 4783//4783 4652//4652 4481//4481
f 4652//4652 4783//4783 4784//4784
f 4784//4784 4654//4654 4652//4652
f 4654//4654 4784//4784 4785//4785
f 4785//4785 4480//4480 4654//4654
f 4785//4785 4656//4656 4480//4480
f 4656//4656 4785//4785 4786//4786
f 4786//4786 4658//4658 4656//4656
f 4658//4658 4786//4786 4787//4787
f 4787//4787 4479//4479 4658//4658
f 4787//4787 4660//4660 4479//4479
f 4660//4660 4787//4787 4788//4788
f 4788//4788 4662//4662 4660//4660
f 4662//4662 4788//4788 4789//4789
f 4789//4789 4478//4478 4662//4662
f 4789//4789 4664//4664 4478//4478
f 4664//4664 4789//4789 4790//4790
f 4790//4790 4477//4477 4664//4664
f 4790//4790 4666//4666 4477//4477
f 4666//4666 4790//4790 4791//4791
f 4791//4791 4668//4668 4666//4666
f 4668//4668 4791//4791 4792//4792
f 4792//4792 4670//4670 4668//4668
f 4670//4670 4792//4792 4793//4793
f 4793//4793 4476//4476 4670//4670
f 4793//4793 4672//4672 4476//4476
f 4672//4672 4793//4793 4794//4794
f 4794//4794 4475//4475 4672//4672
f 4794//4794 4674//4674 4475//4475
f 4674//4674 4794//4794 4795//4795
f 4795//4795 4676//4676 4674//4674
f 4676//4676 4795//4795 4796//4796
f 4796//4796 4474//4474 4676//4676
f 4796//4796 4678//4678 4474//4474
f 4678//4678 4796//4796 4797//4797
f 4797//4797 4680//4680 4678//4678
f 4680//4680 4797//4797 4798//4798
f 4798//4798 4473//4473 4680//4680
f 4798//4798 4682//4682 4473//4473
f 4682//4682 4798//4798 4799//4799
f 4799//4799 4472//4472 4682//4682
f 4799//4799 4684//4684 4472//4472
f 4684//4684 4799//4799 4800//4800
f 4800//4800 4686//4686 4684//4684
f 4686//4686 4800//4800 4801//4801
f 4801//4801 4471//4471 4686//4686
f 4801//4801 4688//4688 4471//4471
f 4688//4688 4801//4801 4802//4802
f 4802//4802 4470//4470 4688//4688
f 4802//4802 4690//4690 4470//4470
f 4690//4690 4802//4802 4803//4803
f 4803//4803 4692//4692 4690//4690
f 4692//4692 4803//4803 4804//4804
f 4804//4804 4469//4469 4692//4692
f 4804//4804 4694//4694 4469//4469
f 4694//4694 4804//4804 4805//4805
f 4805//4805 4696//4696 4694//4694
f 4696//4696 4805//4805 4806//4806
f 4806//4806 4468//4468 4696//4696
f 4806//4806 4698//4698 4468//4468
f 4698//4698 4806//4806 4807//4807
f 4807//4807 4467//4467 4698//4698
f 4807//4807 4700//4700 4467//4467
f 4700//4700 4807//4807 4808//4808
f 4808//4808 4702//4702 4700//4700
f 4702//4702 4808//4808 4809//4809
f 4809//4809 4466//4466 4702//4702
f 4809//4809 4465//4465 4466//4466
f 4809//4809 4704//4704 4465//4465
f 4704//4704 4809//4809 4810//4810
f 4810//4810 4464//4464 4704//4704
f 4810//4810 4706//4706 4464//4464
f 4706//4706 4810//4810 4811//4811
f 4811//4811 4463//4463 4706//4706
f 4811//4811 4708//4708 4463//4463
f 4708//4708 4811//4811 4812//4812
f 4812//4812 4462//4462 4708//4708
f 4812//4812 4710//4710 4462//4462
f 4710//4710 4812//4812 4813//4813
f 4813//4813 4461//4461 4710//4710
f 4813//4813 4712//4712 4461//4461
f 4712//4712 4813//4813 4814//4814
f 4814//4814 4460//4460 4712//4712
f 4814//4814 4714//4714 4460//4460
f 4714//4714 4814//4814 4815//4815
f 4815//4815 4459//4459 4714//4714
f 4815//4815 4716//4716 4459//4459
f 4716//4716 4815//4815 4816//4816
f 4816//4816 4458//4458 4716//4716
f 4816//4816 4457//4457 4458//4458
f 4816//4816 4718//4718 4457//4457
f 4718//4718 4816//4816 4817//4817
f 4817//4817 4720//4720 4718//4718
f 4720//4720 4817//4817 4818//4818
f 4818//4818 4722//4722 4720//4720
f 4722//4722 4818//4818 4819//4819
f 4819//4819 4724//4724 4722//4722
f 4724//4724 4819//4819 4820//4820
f 4820//4820 4726//4726 4724//4724
f 4726//4726 4820//4820 4821//4821
f 4821//4821 4728//4728 4726//4726
f 4728//4728 4821//4821 4822//4822
f 4822//4822 4730//4730 4728//4728
f 4730//4730 4822//4822 4823//4823
f 4823//4823 4732//4732 4730//4730
f 4732//4732 4823//4823 4824//4824
f 4824//4824 4456//4456 4732//4732
f 4824//4824 4734//4734 4456//4456
f 4734//4734 4824//4824 4825//4825
f 4825//4825 4736//4736 4734//4734
f 4736//4736 4825//4825 4826//4826
f 4826//4826 4738//4738 4736//4736
f 4738//4738 4826//4826 4827//4827
f 4827//4827 4740//4740 4738//4738
f 4740//4740 4827//4827 4828//4828
f 4828//4828 4742//4742 4740//4740
f 4742//4742 4828//4828 4829//4829
f 4829//4829 4744//4744 4742//4742
f 4744//4744 4829//4829 4830//4830
f 4830//4830 4746//4746 4744//4744
f 4746//4746 4830//4830 4831//4831
f 4831//4831 4748//4748 4746//4746
f 4748//4748 4831//4831 4832//4832
f 4832//4832 4455//4455 4748//4748
f 4455//4455 4832//4832 4571//4571
f 4451//4451 4870//4870 4409//4409
f 4451//4451 4869//4869 4870//4870
f 4451//4451 4872//4872 4869//4869
f 4872//4872 4451//4451 4882//4882
f 4882//4882 4868//4868 4872//4872
f 4882//4882 4867//4867 4868//4868
f 4882//4882 4874//4874 4867//4867
f 4874//4874 4882//4882 4883//4883
f 4883//4883 4866//4866 4874//4874
f 4883//4883 4865//4865 4866//4866
f 4883//4883 4876//4876 4865//4865
f 4876//4876 4883//4883 4884//4884
f 4884//4884 4864//4864 4876//4876
f 4884//4884 4863//4863 4864//4864
f 4884//4884 4862//4862 4863//4863
f 4884//4884 4878//4878 4862//4862
f 4884//4884 4879//4879 4878//4878
f 4884//4884 4851//4851 4879//4879
f 4884//4884 4850//4850 4851//4851
f 4884//4884 4849//4849 4850//4850
f 4849//4849 4884//4884 4871//4871
f 4879//4879 4861//4861 4878//4878
f 4879//4879 4860//4860 4861//4861
f 4879//4879 4859//4859 4860//4860
f 4879//4879 4858//4858 4859//4859
f 4879//4879 4857//4857 4858//4858
f 4857//4857 4855//4855 4856//4856
f 4857//4857 4854//4854 4855//4855
f 4857//4857 4853//4853 4854//4854
f 4857//4857 4852//4852 4853//4853
f 4857//4857 4879//4879 4852//4852
f 4884//4884 4848//4848 4871//4871
f 4884//4884 4847//4847 4848//4848
f 4884//4884 4880//4880 4847//4847
f 4884//4884 4881//4881 4880//4880
f 4884//4884 4838//4838 4881//4881
f 4884//4884 4837//4837 4838//4838
f 4837//4837 4884//4884 4877//4877
f 4881//4881 4846//4846 4880//4880
f 4881//4881 4845//4845 4846//4846
f 4881//4881 4844//4844 4845//4845
f 4881//4881 4843//4843 4844//4844
f 4881//4881 4842//4842 4843//4843
f 4881//4881 4841//4841 4842//4842
f 4881//4881 4840//4840 4841//4841
f 4840//4840 4881//4881 4839//4839
f 4884//4884 4836//4836 4877//4877
f 4884//4884 4875//4875 4836//4836
f 4875//4875 4884//4884 4883//4883
f 4883//4883 4835//4835 4875//4875
f 4883//4883 4834//4834 4835//4835
f 4883//4883 4873//4873 4834//4834
f 4873//4873 4883//4883 4882//4882
f 4882//4882 4833//4833 4873//4873
f 4882//4882 4450//4450 4833//4833
f 4450//4450 4882//4882 4451//4451
f 3409//3409 5004//5004 3410//3410
f 3409//3409 5003//5003 5004//5004
f 3409//3409 5002//5002 5003//5003
f 3409//3409 5001//5001 5002//5002
f 3409//3409 5005//5005 5001//5001
f 3409//3409 5008//5008 5005//5005
f 3409//3409 5006//5006 5008//5008
f 3409//3409 4906//4906 5006//5006
f 3409//3409 4905//4905 4906//4906
f 3409//3409 4904//4904 4905//4905
f 3409//3409 4903//4903 4904//4904
f 3409//3409 4902//4902 4903//4903
f 3409//3409 4901//4901 4902//4902
f 3409//3409 4900//4900 4901//4901
f 3409//3409 4899//4899 4900//4900
f 3409//3409 4898//4898 4899//4899
f 3409//3409 4897//4897 4898//4898
f 3409//3409 4896//4896 4897//4897
f 3409//3409 4895//4895 4896//4896
f 3409//3409 4894//4894 4895//4895
f 3409//3409 4893//4893 4894//4894
f 3409//3409 4892//4892 4893//4893
f 3409//3409 4891//4891 4892//4892
f 3409//3409 4890//4890 4891//4891
f 3409//3409 4889//4889 4890//4890
f 3409//3409 4888//4888 4889//4889
f 3409//3409 4887//4887 4888//4888
f 3409//3409 4886//4886 4887//4887
f 4886//4886 3409//3409 4885//4885
f 5008//5008 5000//5000 5005//5005
f 5008//5008 4999//4999 5000//5000
f 5008//5008 4998//4998 4999//4999
f 5008//5008 4997//4997 4998//4998
f 5008//5008 4996//4996 4997//4997
f 5008//5008 4995//4995 4996//4996
f 5008//5008 4994//4994 4995//4995
f 5008//5008 4993//4993 4994//4994
f 5008//5008 4992//4992 4993//4993
f 5008//5008 3475//3475 4992//4992
f 5008//5008 3476//3476 3475//3475
f 5008//5008 4991//4991 3476//3476
f 5008//5008 4990//4990 4991//4991
f 5008//5008 4989//4989 4990//4990
f 5008//5008 4988//4988 4989//4989
f 5008//5008 4987//4987 4988//4988
f 5008//5008 4986//4986 4987//4987
f 5008//5008 4985//4985 4986//4986
f 5008//5008 4984//4984 4985//4985
f 5008//5008 4983//4983 4984//4984
f 5008//5008 4982//4982 4983//4983
f 5008//5008 4981//4981 4982//4982
f 5008//5008 4980//4980 4981//4981
f 5008//5008 4979//4979 4980//4980
f 5008//5008 4978//4978 4979//4979
f 5008//5008 4977//4977 4978//4978
f 5008//5008 4976//4976 4977//4977
f 5008//5008 4975//4975 4976//4976
f 5008//5008 4974//4974 4975//4975
f 5008//5008 4973//4973 4974//4974
f 5008//5008 4972//4972 4973//4973
f 5008//5008 4971//4971 4972//4972
f 5008//5008 4970//4970 4971//4971
f 5008//5008 4969//4969 4970//4970
f 5008//5008 4968//4968 4969//4969
f 5008//5008 4967//4967 4968//4968
f 5008//5008 4966//4966 4967//4967
f 5008//5008 4965//4965 4966//4966
f 5008//5008 4964//4964 4965//4965
f 5008//5008 4963//4963 4964//4964
f 5008//5008 4962//4962 4963//4963
f 5008//5008 4961//4961 4962//4962
f 5008//5008 4960//4960 4961//4961
f 5008//5008 4959//4959 4960//4960
f 5008//5008 4958//4958 4959//4959
f 5008//5008 4957//4957 4958//4958
f 5008//5008 4956//4956 4957//4957
f 5008//5008 4955//4955 4956//4956
f 5008//5008 4954//4954 4955//4955
f 5008//5008 4953//4953 4954//4954
f 5008//5008 4952//4952 4953//4953
f 5008//5008 4951//4951 4952//4952
f 5008//5008 4950//4950 4951//4951
f 5008//5008 4949//4949 4950//4950
f 5008//5008 4948//4948 4949//4949
f 5008//5008 4947//4947 4948//4948
f 4947//4947 5008//5008 5007//5007
f 5008//5008 4946//4946 5007//5007
f 5008//5008 4945//4945 4946//4946
f 5008//5008 4944//4944 4945//4945
f 5008//5008 4943//4943 4944//4944
f 5008//5008 4942//4942 4943//4943
f 5008//5008 4941//4941 4942//4942
f 5008//5008 4940//4940 4941//4941
f 5008//5008 4939//4939 4940//4940
f 5008//5008 4938//4938 4939//4939
f 5008//5008 4937//4937 4938//4938
f 5008//5008 4936//4936 4937//4937
f 5008//5008 4935//4935 4936//4936
f 5008//5008 4934//4934 4935//4935
f 5008//5008 4933//4933 4934//4934
f 5008//5008 4932//4932 4933//4933
f 5008//5008 4931//4931 4932//4932
f 5008//5008 4930//4930 4931//4931
f 5008//5008 4929//4929 4930//4930
f 5008//5008 4928//4928 4929//4929
f 5008//5008 4927//4927 4928//4928
f 5008//5008 4569//4569 4927//4927
f 4569//4569 5008//5008 4571//4571
f 5008//5008 4455//4455 4571//4571
f 5008//5008 4926//4926 4455//4455
f 5008//5008 4925//4925 4926//4926
f 5008//5008 4924//4924 4925//4925
f 5008//5008 4923//4923 4924//4924
f 5008//5008 4922//4922 4923//4923
f 5008//5008 4921//4921 4922//4922
f 5008//5008 4920//4920 4921//4921
f 5008//5008 4919//4919 4920//4920
f 5008//5008 4918//4918 4919//4919
f 5008//5008 4917//4917 4918//4918
f 5008//5008 4916//4916 4917//4917
f 5008//5008 4915//4915 4916//4916
f 5008//5008 4914//4914 4915//4915
f 5008//5008 4913//4913 4914//4914
f 5008//5008 4912//4912 4913//4913
f 5008//5008 4911//4911 4912//4912
f 5008//5008 4910//4910 4911//4911
f 5008//5008 4909//4909 4910//4910
f 5008//5008 4908//4908 4909//4909
f 5008//5008 4907//4907 4908//4908
f 4907//4907 5008//5008 5006//5006
f 3397//3397 3396//3396 3402//3402
f 3397//3397 3402//3402 3401//3401
f 3397//3397 3401//3401 3400//3400
f 3397//3397 3400//3400 3399//3399
f 3399//3399 3398//3398 3397//3397
f 3407//3407 3406//3406 4886//4886
f 3407//3407 4886//4886 4885//4885
f 4885//4885 3409//3409 3408//3408
f 4885//4885 3408//3408 3407//3407
f 4887//4887 4886//4886 3406//3406
f 4887//4887 3406//3406 3405//3405
f 4887//4887 3405//3405 3404//3404
f 4887//4887 3404//3404 3403//3403
f 4887//4887 3403//3403 5115//5115
f 4887//4887 5115//5115 5729//5729
f 5729//5729 5120//5120 4887//4887
f 5729//5729 5115//5115 3402//3402
f 5729//5729 3402//3402 3396//3396
f 5729//5729 3396//3396 3395//3395
f 5729//5729 3395//3395 3394//3394
f 5729//5729 3394//3394 3393//3393
f 5729//5729 3393//3393 3392//3392
f 5729//5729 3392//3392 3391//3391
f 5729//5729 3391//3391 3390//3390
f 5729//5729 3390//3390 3389//3389
f 5729//5729 3389//3389 3388//3388
f 5729//5729 3388//3388 3387//3387
f 5729//5729 3387//3387 3386//3386
f 5729//5729 3386//3386 3385//3385
f 5729//5729 3385//3385 3384//3384
f 3384//3384 5119//5119 5729//5729
f 5729//5729 5119//5119 3383//3383
f 5729//5729 3383//3383 3382//3382
f 5729//5729 3382//3382 3381//3381
f 5729//5729 3381//3381 3380//3380
f 5729//5729 3380//3380 5121//5121
f 5121//5121 5730//5730 5729//5729
f 5730//5730 5121//5121 3379//3379
f 5730//5730 3379//3379 3378//3378
f 5730//5730 3378//3378 3377//3377
f 5730//5730 3377//3377 3376//3376
f 5730//5730 3376//3376 5123//5123
f 5123//5123 5731//5731 5730//5730
f 5731//5731 5123//5123 3375//3375
f 5731//5731 3375//3375 3374//3374
f 5731//5731 3374//3374 3373//3373
f 5731//5731 3373//3373 3372//3372
f 5731//5731 3372//3372 5125//5125
f 5125//5125 5732//5732 5731//5731
f 5732//5732 5125//5125 3371//3371
f 5732//5732 3371//3371 3370//3370
f 5732//5732 3370//3370 3369//3369
f 5732//5732 3369//3369 5127//5127
f 5127//5127 5733//5733 5732//5732
f 5733//5733 5127//5127 3368//3368
f 5733//5733 3368//3368 3367//3367
f 5733//5733 3367//3367 3366//3366
f 5733//5733 3366//3366 5129//5129
f 5129//5129 5734//5734 5733//5733
f 5734//5734 5129//5129 3365//3365
f 5734//5734 3365//3365 3364//3364
f 5734//5734 3364//3364 5131//5131
f 5131//5131 5735//5735 5734//5734
f 5735//5735 5131//5131 3363//3363
f 5735//5735 3363//3363 3362//3362
f 5735//5735 3362//3362 5133//5133
f 5133//5133 5736//5736 5735//5735
f 5736//5736 5133//5133 3361//3361
f 5736//5736 3361//3361 3360//3360
f 5736//5736 3360//3360 5135//5135
f 5135//5135 5737//5737 5736//5736
f 5737//5737 5135//5135 3359//3359
f 5737//5737 3359//3359 5137//5137
f 5137//5137 5738//5738 5737//5737
f 5738//5738 5137//5137 3358//3358
f 5738//5738 3358//3358 3357//3357
f 5738//5738 3357//3357 5139//5139
f 5139//5139 5739//5739 5738//5738
f 5739//5739 5139//5139 3356//3356
f 3356//3356 3355//3355 3809//3809
f 3356//3356 3809//3809 3808//3808
f 3356//3356 3808//3808 3807//3807
f 3356//3356 3807//3807 3806//3806
f 3356//3356 3806//3806 3805//3805
f 5739//5739 3356//3356 3805//3805
f 5739//5739 3805//3805 3804//3804
f 5739//5739 3804//3804 3803//3803
f 5739//5739 3803//3803 3802//3802
f 5739//5739 3802//3802 3801//3801
f 5739//5739 3801//3801 5141//5141
f 5141//5141 5740//5740 5739//5739
f 5740//5740 5141//5141 3800//3800
f 5740//5740 3800//3800 3799//3799
f 5740//5740 3799//3799 3798//3798
f 5740//5740 3798//3798 5143//5143
f 5143//5143 5741//5741 5740//5740
f 5741//5741 5143//5143 3797//3797
f 5741//5741 3797//3797 3796//3796
f 5741//5741 3796//3796 5145//5145
f 5145//5145 5742//5742 5741//5741
f 5742//5742 5145//5145 3795//3795
f 5742//5742 3795//3795 3794//3794
f 5742//5742 3794//3794 5147//5147
f 5147//5147 5743//5743 5742//5742
f 5743//5743 5147//5147 3793//3793
f 5743//5743 3793//3793 3792//3792
f 5743//5743 3792//3792 5149//5149
f 5149//5149 5744//5744 5743//5743
f 5744//5744 5149//5149 3791//3791
f 5744//5744 3791//3791 5151//5151
f 5151//5151 5745//5745 5744//5744
f 5745//5745 5151//5151 3790//3790
f 5745//5745 3790//3790 5153//5153
f 5153//5153 5746//5746 5745//5745
f 5746//5746 5153//5153 3789//3789
f 5746//5746 3789//3789 5155//5155
f 5155//5155 5747//5747 5746//5746
f 5747//5747 5155//5155 3788//3788
f 5747//5747 3788//3788 5157//5157
f 5157//5157 5748//5748 5747//5747
f 5748//5748 5157//5157 3787//3787
f 5748//5748 3787//3787 5159//5159
f 5159//5159 5749//5749 5748//5748
f 5749//5749 5159//5159 3786//3786
f 5749//5749 3786//3786 5161//5161
f 5161//5161 5750//5750 5749//5749
f 5750//5750 5161//5161 3785//3785
f 5750//5750 3785//3785 3784//3784
f 5750//5750 3784//3784 5163//5163
f 5163//5163 5751//5751 5750//5750
f 5751//5751 5163//5163 3783//3783
f 5751//5751 3783//3783 5165//5165
f 5165//5165 5752//5752 5751//5751
f 5752//5752 5165//5165 3782//3782
f 5752//5752 3782//3782 5167//5167
f 5167//5167 5753//5753 5752//5752
f 5753//5753 5167//5167 3781//3781
f 5753//5753 3781//3781 3780//3780
f 5753//5753 3780//3780 5169//5169
f 5169//5169 5754//5754 5753//5753
f 5754//5754 5169//5169 3779//3779
f 5754//5754 3779//3779 3778//3778
f 5754//5754 3778//3778 3777//3777
f 5754//5754 3777//3777 3776//3776
f 3776//3776 5171//5171 5755//5755
f 3776//3776 5755//5755 5754//5754
f 5755//5755 5171//5171 3775//3775
f 3775//3775 5172//5172 5173//5173
f 3775//3775 5173//5173 4010//4010
f 5755//5755 3775//3775 4010//4010
f 5755//5755 4010//4010 5175//5175
f 5175//5175 5756//5756 5755//5755
f 5173//5173 5172//5172 3774//3774
f 5173//5173 3774//3774 3773//3773
f 5173//5173 3773//3773 3772//3772
f 5173//5173 3772//3772 3771//3771
f 5173//5173 3771//3771 3770//3770
f 3770//3770 4011//4011 5173//5173
f 5756//5756 5175//5175 4009//4009
f 5756//5756 4009//4009 5177//5177
f 5177//5177 5757//5757 5756//5756
f 5757//5757 5177//5177 5179//5179
f 5179//5179 5758//5758 5757//5757
f 5758//5758 5179//5179 4008//4008
f 5758//5758 4008//4008 5181//5181
f 5181//5181 5759//5759 5758//5758
f 5759//5759 5181//5181 4007//4007
f 5759//5759 4007//4007 5183//5183
f 5183//5183 5760//5760 5759//5759
f 5760//5760 5183//5183 4006//4006
f 5760//5760 4006//4006 5185//5185
f 5185//5185 5761//5761 5760//5760
f 5761//5761 5185//5185 5187//5187
f 5187//5187 5762//5762 5761//5761
f 5762//5762 5187//5187 4005//4005
f 5762//5762 4005//4005 5189//5189
f 5189//5189 5763//5763 5762//5762
f 5763//5763 5189//5189 5191//5191
f 5191//5191 5764//5764 5763//5763
f 5764//5764 5191//5191 4004//4004
f 5764//5764 4004//4004 5193//5193
f 5193//5193 5765//5765 5764//5764
f 5765//5765 5193//5193 5195//5195
f 5195//5195 5766//5766 5765//5765
f 5766//5766 5195//5195 5197//5197
f 5197//5197 5767//5767 5766//5766
f 5767//5767 5197//5197 4003//4003
f 5767//5767 4003//4003 5199//5199
f 5199//5199 5768//5768 5767//5767
f 5768//5768 5199//5199 5201//5201
f 5201//5201 5769//5769 5768//5768
f 5769//5769 5201//5201 5203//5203
f 5203//5203 5770//5770 5769//5769
f 5770//5770 5203//5203 4002//4002
f 5770//5770 4002//4002 5205//5205
f 5205//5205 5771//5771 5770//5770
f 5771//5771 5205//5205 5207//5207
f 5207//5207 5772//5772 5771//5771
f 5772//5772 5207//5207 5209//5209
f 5209//5209 5773//5773 5772//5772
f 5773//5773 5209//5209 4001//4001
f 5773//5773 4001//4001 5211//5211
f 5211//5211 5774//5774 5773//5773
f 5774//5774 5211//5211 5213//5213
f 5213//5213 5775//5775 5774//5774
f 5775//5775 5213//5213 5215//5215
f 5215//5215 5776//5776 5775//5775
f 5776//5776 5215//5215 4000//4000
f 5776//5776 4000//4000 3999//3999
f 5776//5776 3999//3999 5217//5217
f 5217//5217 5777//5777 5776//5776
f 5777//5777 5217//5217 3998//3998
f 5777//5777 3998//3998 5219//5219
f 5219//5219 5778//5778 5777//5777
f 5778//5778 5219//5219 3997//3997
f 5778//5778 3997//3997 3996//3996
f 5778//5778 3996//3996 5221//5221
f 5221//5221 5779//5779 5778//5778
f 5779//5779 5221//5221 3995//3995
f 5779//5779 3995//3995 5223//5223
f 5223//5223 5780//5780 5779//5779
f 5780//5780 5223//5223 3994//3994
f 5780//5780 3994//3994 3993//3993
f 5780//5780 3993//3993 5225//5225
f 5225//5225 5781//5781 5780//5780
f 5781//5781 5225//5225 5227//5227
f 5227//5227 5782//5782 5781//5781
f 5782//5782 5227//5227 3992//3992
f 5782//5782 3992//3992 5229//5229
f 5229//5229 5783//5783 5782//5782
f 5783//5783 5229//5229 3991//3991
f 5783//5783 3991//3991 5231//5231
f 5231//5231 5784//5784 5783//5783
f 5784//5784 5231//5231 5233//5233
f 5233//5233 5785//5785 5784//5784
f 5785//5785 5233//5233 3990//3990
f 5785//5785 3990//3990 5235//5235
f 5235//5235 5786//5786 5785//5785
f 5786//5786 5235//5235 3989//3989
f 5786//5786 3989//3989 5237//5237
f 5237//5237 5787//5787 5786//5786
f 5787//5787 5237//5237 5239//5239
f 5239//5239 5788//5788 5787//5787
f 5788//5788 5239//5239 3988//3988
f 5788//5788 3988//3988 5241//5241
f 5241//5241 5789//5789 5788//5788
f 5789//5789 5241//5241 5243//5243
f 5243//5243 5790//5790 5789//5789
f 5790//5790 5243//5243 5245//5245
f 5245//5245 5791//5791 5790//5790
f 5791//5791 5245//5245 3987//3987
f 5791//5791 3987//3987 5247//5247
f 5247//5247 5792//5792 5791//5791
f 5792//5792 5247//5247 3986//3986
f 3986//3986 5249//5249 5250//5250
f 3986//3986 5250//5250 4242//4242
f 3986//3986 4242//4242 4241//4241
f 3986//3986 4241//4241 4240//4240
f 3986//3986 4240//4240 4239//4239
f 5792//5792 3986//3986 4239//4239
f 5792//5792 4239//4239 4238//4238
f 5792//5792 4238//4238 4237//4237
f 5792//5792 4237//4237 4236//4236
f 5792//5792 4236//4236 4235//4235
f 5792//5792 4235//4235 5251//5251
f 5251//5251 5793//5793 5792//5792
f 5249//5249 3985//3985 4244//4244
f 5249//5249 4244//4244 4243//4243
f 5249//5249 4243//4243 5250//5250
f 5793//5793 5251//5251 4234//4234
f 5793//5793 4234//4234 4233//4233
f 5793//5793 4233//4233 4232//4232
f 5793//5793 4232//4232 4231//4231
f 5793//5793 4231//4231 5253//5253
f 5253//5253 5794//5794 5793//5793
f 5794//5794 5253//5253 4230//4230
f 5794//5794 4230//4230 4229//4229
f 5794//5794 4229//4229 5255//5255
f 5255//5255 5795//5795 5794//5794
f 5795//5795 5255//5255 4228//4228
f 5795//5795 4228//4228 4227//4227
f 5795//5795 4227//4227 5257//5257
f 5257//5257 5796//5796 5795//5795
f 5796//5796 5257//5257 4226//4226
f 5796//5796 4226//4226 4225//4225
f 5796//5796 4225//4225 5259//5259
f 5259//5259 5797//5797 5796//5796
f 5797//5797 5259//5259 4224//4224
f 5797//5797 4224//4224 5261//5261
f 5261//5261 5798//5798 5797//5797
f 5798//5798 5261//5261 4223//4223
f 5798//5798 4223//4223 4222//4222
f 5798//5798 4222//4222 5263//5263
f 5263//5263 5799//5799 5798//5798
f 5799//5799 5263//5263 4221//4221
f 5799//5799 4221//4221 5265//5265
f 5265//5265 5800//5800 5799//5799
f 5800//5800 5265//5265 4220//4220
f 5800//5800 4220//4220 5267//5267
f 5800//5800 5267//5267 5268//5268
f 5268//5268 5116//5116 5800//5800
f 5268//5268 5267//5267 4219//4219
f 5268//5268 4219//4219 4218//4218
f 5268//5268 4218//4218 5269//5269
f 5269//5269 5270//5270 4463//4463
f 5269//5269 4463//4463 5268//5268
f 5270//5270 5269//5269 4217//4217
f 5270//5270 4217//4217 5271//5271
f 5271//5271 5272//5272 5270//5270
f 5272//5272 5271//5271 4216//4216
f 5272//5272 4216//4216 5273//5273
f 5273//5273 5274//5274 4464//4464
f 5273//5273 4464//4464 5272//5272
f 5274//5274 5273//5273 4215//4215
f 5274//5274 4215//4215 5275//5275
f 5275//5275 5276//5276 4465//4465
f 5275//5275 4465//4465 5274//5274
f 5276//5276 5275//5275 4214//4214
f 5276//5276 4214//4214 4213//4213
f 5276//5276 4213//4213 5277//5277
f 5277//5277 5278//5278 4466//4466
f 5277//5277 4466//4466 5276//5276
f 5278//5278 5277//5277 4212//4212
f 5278//5278 4212//4212 5279//5279
f 5279//5279 5280//5280 4467//4467
f 5279//5279 4467//4467 5278//5278
f 5280//5280 5279//5279 4211//4211
f 5280//5280 4211//4211 5281//5281
f 5280//5280 5281//5281 5282//5282
f 5282//5282 4468//4468 5280//5280
f 5282//5282 5281//5281 4210//4210
f 5282//5282 4210//4210 5283//5283
f 5283//5283 5284//5284 5282//5282
f 5284//5284 5283//5283 4209//4209
f 5284//5284 4209//4209 5285//5285
f 5284//5284 5285//5285 5286//5286
f 5286//5286 4469//4469 5284//5284
f 5286//5286 5285//5285 4208//4208
f 5286//5286 4208//4208 4207//4207
f 5286//5286 4207//4207 5287//5287
f 5286//5286 5287//5287 5288//5288
f 5288//5288 4470//4470 5286//5286
f 5288//5288 5287//5287 4206//4206
f 5288//5288 4206//4206 5289//5289
f 5288//5288 5289//5289 5290//5290
f 5290//5290 4471//4471 5288//5288
f 5290//5290 5289//5289 4205//4205
f 5290//5290 4205//4205 5291//5291
f 5290//5290 5291//5291 5292//5292
f 5292//5292 4472//4472 5290//5290
f 5292//5292 5291//5291 4204//4204
f 5292//5292 4204//4204 4203//4203
f 5292//5292 4203//4203 5293//5293
f 5293//5293 5294//5294 5292//5292
f 5294//5294 5293//5293 4202//4202
f 5294//5294 4202//4202 4201//4201
f 5294//5294 4201//4201 5295//5295
f 5294//5294 5295//5295 5296//5296
f 5296//5296 4473//4473 5294//5294
f 5296//5296 5295//5295 4200//4200
f 5296//5296 4200//4200 4199//4199
f 5296//5296 4199//4199 4198//4198
f 5296//5296 4198//4198 5297//5297
f 5296//5296 5297//5297 5300//5300
f 5300//5300 4474//4474 5296//5296
f 5300//5300 5297//5297 4197//4197
f 5300//5300 4197//4197 4196//4196
f 5300//5300 4196//4196 4195//4195
f 5300//5300 4195//4195 4194//4194
f 4189//4189 5298//5298 5299//5299
f 4190//4190 4189//4189 5299//5299
f 4191//4191 4190//4190 5299//5299
f 4191//4191 5299//5299 4427//4427
f 4192//4192 4191//4191 4427//4427
f 4193//4193 4192//4192 4427//4427
f 4193//4193 4427//4427 5301//5301
f 4194//4194 4193//4193 5301//5301
f 4194//4194 5301//5301 5302//5302
f 5300//5300 4194//4194 5302//5302
f 5302//5302 4475//4475 5300//5300
f 5299//5299 5298//5298 4188//4188
f 5299//5299 4188//4188 4187//4187
f 5299//5299 4187//4187 4186//4186
f 4186//4186 4185//4185 4428//4428
f 4186//4186 4428//4428 5299//5299
f 5302//5302 5301//5301 5303//5303
f 5302//5302 5303//5303 5304//5304
f 5304//5304 4476//4476 5302//5302
f 5304//5304 5303//5303 4426//4426
f 5304//5304 4426//4426 5305//5305
f 5304//5304 5305//5305 5306//5306
f 5306//5306 4477//4477 5304//5304
f 5306//5306 5305//5305 4425//4425
f 5306//5306 4425//4425 5307//5307
f 5306//5306 5307//5307 5308//5308
f 5308//5308 4478//4478 5306//5306
f 5308//5308 5307//5307 4424//4424
f 5308//5308 4424//4424 5309//5309
f 5309//5309 5310//5310 4479//4479
f 5309//5309 4479//4479 5308//5308
f 5310//5310 5309//5309 4423//4423
f 5310//5310 4423//4423 5311//5311
f 5311//5311 5312//5312 4480//4480
f 5311//5311 4480//4480 5310//5310
f 5312//5312 5311//5311 5313//5313
f 5313//5313 5314//5314 5312//5312
f 5314//5314 5313//5313 4422//4422
f 5314//5314 4422//4422 5315//5315
f 5315//5315 5316//5316 4481//4481
f 5315//5315 4481//4481 5314//5314
f 5316//5316 5315//5315 4421//4421
f 5316//5316 4421//4421 5317//5317
f 5317//5317 5318//5318 4482//4482
f 5317//5317 4482//4482 5316//5316
f 5318//5318 5317//5317 5319//5319
f 5319//5319 5320//5320 4483//4483
f 5319//5319 4483//4483 5318//5318
f 5320//5320 5319//5319 4420//4420
f 5320//5320 4420//4420 5321//5321
f 5321//5321 5322//5322 5320//5320
f 5322//5322 5321//5321 5323//5323
f 5323//5323 5324//5324 4485//4485
f 5323//5323 4485//4485 4484//4484
f 5323//5323 4484//4484 5322//5322
f 5324//5324 5323//5323 5325//5325
f 5325//5325 5326//5326 4486//4486
f 5325//5325 4486//4486 5324//5324
f 5326//5326 5325//5325 4419//4419
f 5326//5326 4419//4419 5327//5327
f 5327//5327 5328//5328 4487//4487
f 5327//5327 4487//4487 5326//5326
f 5328//5328 5327//5327 4418//4418
f 5328//5328 4418//4418 5329//5329
f 5329//5329 5330//5330 4488//4488
f 5329//5329 4488//4488 5328//5328
f 5330//5330 5329//5329 5331//5331
f 5330//5330 5331//5331 5332//5332
f 5332//5332 4489//4489 5330//5330
f 5332//5332 5331//5331 4417//4417
f 5332//5332 4417//4417 5333//5333
f 5333//5333 5334//5334 5332//5332
f 5334//5334 5333//5333 4416//4416
f 5334//5334 4416//4416 5335//5335
f 5334//5334 5335//5335 5336//5336
f 5336//5336 4490//4490 5334//5334
f 5336//5336 5335//5335 4415//4415
f 5336//5336 4415//4415 5337//5337
f 5336//5336 5337//5337 5338//5338
f 5338//5338 4491//4491 5336//5336
f 5338//5338 5337//5337 4414//4414
f 5338//5338 4414//4414 4413//4413
f 5338//5338 4413//4413 5339//5339
f 5338//5338 5339//5339 5340//5340
f 5340//5340 4492//4492 5338//5338
f 5340//5340 5339//5339 4412//4412
f 5340//5340 4412//4412 5341//5341
f 5340//5340 5341//5341 5342//5342
f 5342//5342 4493//4493 5340//5340
f 5342//5342 5341//5341 4411//4411
f 5342//5342 4411//4411 5343//5343
f 5342//5342 5343//5343 5344//5344
f 5344//5344 4494//4494 5342//5342
f 5344//5344 5343//5343 4410//4410
f 5344//5344 4410//4410 5345//5345
f 5344//5344 5345//5345 5346//5346
f 5346//5346 4495//4495 5344//5344
f 5346//5346 5345//5345 4409//4409
f 5346//5346 4409//4409 5347//5347
f 5346//5346 5347//5347 5348//5348
f 5348//5348 4496//4496 5346//5346
f 5348//5348 5347//5347 4870//4870
f 5348//5348 4870//4870 5349//5349
f 5348//5348 5349//5349 5350//5350
f 5350//5350 4497//4497 5348//5348
f 5350//5350 5349//5349 4869//4869
f 5350//5350 4869//4869 5351//5351
f 5350//5350 5351//5351 5352//5352
f 5352//5352 4498//4498 5350//5350
f 5352//5352 5351//5351 4868//4868
f 5352//5352 4868//4868 5353//5353
f 5353//5353 5354//5354 4499//4499
f 5353//5353 4499//4499 5352//5352
f 5354//5354 5353//5353 4867//4867
f 5354//5354 4867//4867 5355//5355
f 5355//5355 5356//5356 5354//5354
f 5356//5356 5355//5355 4866//4866
f 5356//5356 4866//4866 5357//5357
f 5357//5357 5358//5358 5356//5356
f 5358//5358 5357//5357 4865//4865
f 4865//4865 5359//5359 5358//5358
f 5359//5359 4865//4865 4865//4865
f 5359//5359 4865//4865 5360//5360
f 5360//5360 5361//5361 4500//4500
f 5360//5360 4500//4500 5359//5359
f 5361//5361 5360//5360 4864//4864
f 5361//5361 4864//4864 5362//5362
f 5362//5362 5363//5363 4501//4501
f 5362//5362 4501//4501 5361//5361
f 5363//5363 5362//5362 4863//4863
f 5363//5363 4863//4863 5364//5364
f 5364//5364 5365//5365 5363//5363
f 5365//5365 5364//5364 4862//4862
f 5365//5365 4862//4862 5366//5366
f 5366//5366 5367//5367 4502//4502
f 5366//5366 4502//4502 5365//5365
f 5367//5367 5366//5366 4861//4861
f 5367//5367 4861//4861 5368//5368
f 5368//5368 5369//5369 4503//4503
f 5368//5368 4503//4503 5367//5367
f 5369//5369 5368//5368 4860//4860
f 5369//5369 4860//4860 5370//5370
f 5370//5370 5371//5371 5369//5369
f 5371//5371 5370//5370 4859//4859
f 5371//5371 4859//4859 5372//5372
f 5372//5372 5373//5373 4504//4504
f 5372//5372 4504//4504 5371//5371
f 5373//5373 5372//5372 4858//4858
f 4857//4857 5374//5374 5376//5376
f 4858//4858 4857//4857 5376//5376
f 4858//4858 5376//5376 5024//5024
f 4858//4858 5024//5024 5025//5025
f 5373//5373 4858//4858 5025//5025
f 5373//5373 5025//5025 5026//5026
f 5373//5373 5026//5026 5027//5027
f 5373//5373 5027//5027 5028//5028
f 5373//5373 5028//5028 5029//5029
f 5373//5373 5029//5029 5030//5030
f 5373//5373 5030//5030 5031//5031
f 5373//5373 5031//5031 5032//5032
f 5373//5373 5032//5032 5033//5033
f 5373//5373 5033//5033 5034//5034
f 5373//5373 5034//5034 5035//5035
f 5373//5373 5035//5035 5036//5036
f 5373//5373 5036//5036 5037//5037
f 5373//5373 5037//5037 5038//5038
f 5373//5373 5038//5038 5377//5377
f 5377//5377 5375//5375 4506//4506
f 5377//5377 4506//4506 4505//4505
f 5377//5377 4505//4505 5373//5373
f 5376//5376 5374//5374 4856//4856
f 5376//5376 4856//4856 4855//4855
f 5376//5376 4855//4855 5378//5378
f 5378//5378 5380//5380 5021//5021
f 5378//5378 5021//5021 5022//5022
f 5378//5378 5022//5022 5023//5023
f 5378//5378 5023//5023 5376//5376
f 5380//5380 5378//5378 4854//4854
f 5380//5380 4854//4854 5382//5382
f 5382//5382 5384//5384 5017//5017
f 5382//5382 5017//5017 5018//5018
f 5382//5382 5018//5018 5019//5019
f 5380//5380 5382//5382 5019//5019
f 5019//5019 5020//5020 5380//5380
f 5384//5384 5382//5382 4853//4853
f 5384//5384 4853//4853 5386//5386
f 5386//5386 5388//5388 5014//5014
f 5386//5386 5014//5014 5015//5015
f 5386//5386 5015//5015 5016//5016
f 5386//5386 5016//5016 5384//5384
f 5388//5388 5386//5386 4852//4852
f 5388//5388 4852//4852 5390//5390
f 5390//5390 5392//5392 5010//5010
f 5390//5390 5010//5010 5011//5011
f 5390//5390 5011//5011 5012//5012
f 5390//5390 5012//5012 5013//5013
f 5390//5390 5013//5013 5388//5388
f 5392//5392 5390//5390 4851//4851
f 5392//5392 4851//4851 5394//5394
f 5394//5394 5395//5395 4510//4510
f 5394//5394 4510//4510 5391//5391
f 5391//5391 5393//5393 5053//5053
f 5394//5394 5391//5391 5053//5053
f 5394//5394 5053//5053 5054//5054
f 5394//5394 5054//5054 5055//5055
f 5394//5394 5055//5055 5056//5056
f 5394//5394 5056//5056 5057//5057
f 5394//5394 5057//5057 5058//5058
f 5394//5394 5058//5058 5059//5059
f 5394//5394 5059//5059 5060//5060
f 5394//5394 5060//5060 5061//5061
f 5394//5394 5061//5061 5009//5009
f 5394//5394 5009//5009 5392//5392
f 5395//5395 5394//5394 4850//4850
f 5395//5395 4850//4850 4849//4849
f 5395//5395 4849//4849 4871//4871
f 5395//5395 4871//4871 5396//5396
f 5396//5396 4511//4511 5395//5395
f 5396//5396 4871//4871 4848//4848
f 5396//5396 4848//4848 5397//5397
f 5396//5396 5397//5397 5398//5398
f 5398//5398 4512//4512 5396//5396
f 5398//5398 5397//5397 4847//4847
f 5398//5398 4847//4847 5399//5399
f 5399//5399 5401//5401 5078//5078
f 5398//5398 5399//5399 5078//5078
f 5398//5398 5078//5078 5079//5079
f 5398//5398 5079//5079 5080//5080
f 5398//5398 5080//5080 5081//5081
f 5398//5398 5081//5081 5082//5082
f 5398//5398 5082//5082 5083//5083
f 5398//5398 5083//5083 5084//5084
f 5398//5398 5084//5084 5085//5085
f 5398//5398 5085//5085 5086//5086
f 5398//5398 5086//5086 5087//5087
f 5398//5398 5087//5087 5088//5088
f 5398//5398 5088//5088 5089//5089
f 5398//5398 5089//5089 5402//5402
f 5402//5402 5400//5400 5398//5398
f 5401//5401 5399//5399 4846//4846
f 5401//5401 4846//4846 5403//5403
f 5401//5401 5403//5403 5405//5405
f 5405//5405 5077//5077 5401//5401
f 5405//5405 5403//5403 4845//4845
f 5405//5405 4845//4845 5407//5407
f 5407//5407 5409//5409 5072//5072
f 5405//5405 5407//5407 5072//5072
f 5072//5072 5073//5073 5405//5405
f 5409//5409 5407//5407 4844//4844
f 5409//5409 4844//4844 5411//5411
f 5411//5411 5413//5413 5069//5069
f 5411//5411 5069//5069 5070//5070
f 5409//5409 5411//5411 5070//5070
f 5070//5070 5071//5071 5409//5409
f 5413//5413 5411//5411 4843//4843
f 5413//5413 4843//4843 5415//5415
f 5415//5415 5417//5417 5065//5065
f 5415//5415 5065//5065 5066//5066
f 5415//5415 5066//5066 5067//5067
f 5415//5415 5067//5067 5068//5068
f 5415//5415 5068//5068 5413//5413
f 5417//5417 5415//5415 4842//4842
f 5417//5417 4842//4842 5419//5419
f 4517//4517 5416//5416 5418//5418
f 5420//5420 4517//4517 5418//5418
f 5420//5420 5418//5418 5104//5104
f 5420//5420 5104//5104 5105//5105
f 5420//5420 5105//5105 5106//5106
f 5419//5419 5420//5420 5106//5106
f 5419//5419 5106//5106 5107//5107
f 5419//5419 5107//5107 5108//5108
f 5419//5419 5108//5108 5109//5109
f 5419//5419 5109//5109 5110//5110
f 5419//5419 5110//5110 5111//5111
f 5419//5419 5111//5111 5112//5112
f 5419//5419 5112//5112 5113//5113
f 5419//5419 5113//5113 5114//5114
f 5419//5419 5114//5114 5062//5062
f 5417//5417 5419//5419 5062//5062
f 5062//5062 5063//5063 5417//5417
f 5420//5420 5419//5419 4841//4841
f 5420//5420 4841//4841 4840//4840
f 5420//5420 4840//4840 5421//5421
f 5421//5421 5422//5422 4518//4518
f 5421//5421 4518//4518 5420//5420
f 5422//5422 5421//5421 4839//4839
f 5422//5422 4839//4839 5423//5423
f 5423//5423 5424//5424 4519//4519
f 5423//5423 4519//4519 5422//5422
f 5424//5424 5423//5423 5425//5425
f 5425//5425 5426//5426 4520//4520
f 5425//5425 4520//4520 5424//5424
f 5426//5426 5425//5425 4838//4838
f 5426//5426 4838//4838 5427//5427
f 5427//5427 5428//5428 5426//5426
f 5428//5428 5427//5427 5429//5429
f 5429//5429 5430//5430 4521//4521
f 5429//5429 4521//4521 5428//5428
f 5430//5430 5429//5429 4837//4837
f 5430//5430 4837//4837 5431//5431
f 5431//5431 5432//5432 5430//5430
f 5432//5432 5431//5431 5433//5433
f 5433//5433 5434//5434 4522//4522
f 5433//5433 4522//4522 5432//5432
f 5434//5434 5433//5433 4836//4836
f 5434//5434 4836//4836 5435//5435
f 5435//5435 5436//5436 5434//5434
f 5436//5436 5435//5435 5437//5437
f 5437//5437 5438//5438 4523//4523
f 5437//5437 4523//4523 5436//5436
f 5438//5438 5437//5437 4835//4835
f 5438//5438 4835//4835 5439//5439
f 5439//5439 5440//5440 5438//5438
f 5440//5440 5439//5439 5441//5441
f 5440//5440 5441//5441 5442//5442
f 5442//5442 4524//4524 5440//5440
f 5442//5442 5441//5441 4834//4834
f 5442//5442 4834//4834 5443//5443
f 5442//5442 5443//5443 5444//5444
f 5444//5444 4525//4525 5442//5442
f 5444//5444 5443//5443 5445//5445
f 5444//5444 5445//5445 5446//5446
f 5446//5446 4526//4526 5444//5444
f 5446//5446 5445//5445 4833//4833
f 5446//5446 4833//4833 4450//4450
f 5446//5446 4450//4450 5447//5447
f 5446//5446 5447//5447 5448//5448
f 5448//5448 4527//4527 5446//5446
f 5448//5448 5447//5447 4449//4449
f 5448//5448 4449//4449 5449//5449
f 5448//5448 5449//5449 5450//5450
f 5450//5450 4528//4528 5448//5448
f 5450//5450 5449//5449 4448//4448
f 5450//5450 4448//4448 5451//5451
f 5450//5450 5451//5451 5452//5452
f 5452//5452 4529//4529 5450//5450
f 5452//5452 5451//5451 4447//4447
f 5452//5452 4447//4447 5453//5453
f 5452//5452 5453//5453 5454//5454
f 5454//5454 4530//4530 5452//5452
f 5454//5454 5453//5453 4446//4446
f 5454//5454 4446//4446 5455//5455
f 5454//5454 5455//5455 5456//5456
f 5456//5456 4531//4531 5454//5454
f 5456//5456 5455//5455 4445//4445
f 5456//5456 4445//4445 5457//5457
f 5456//5456 5457//5457 5458//5458
f 5458//5458 4532//4532 5456//5456
f 5458//5458 5457//5457 4444//4444
f 5458//5458 4444//4444 5459//5459
f 5459//5459 5460//5460 5458//5458
f 5460//5460 5459//5459 4443//4443
f 5460//5460 4443//4443 5461//5461
f 5460//5460 5461//5461 5462//5462
f 5462//5462 4533//4533 5460//5460
f 5462//5462 5461//5461 4442//4442
f 5462//5462 4442//4442 5463//5463
f 5462//5462 5463//5463 5464//5464
f 5464//5464 4534//4534 5462//5462
f 5464//5464 5463//5463 4441//4441
f 5464//5464 4441//4441 5465//5465
f 5465//5465 5466//5466 4536//4536
f 5465//5465 4536//4536 4535//4535
f 5465//5465 4535//4535 5464//5464
f 5466//5466 5465//5465 4440//4440
f 5466//5466 4440//4440 5467//5467
f 5467//5467 5468//5468 4537//4537
f 5467//5467 4537//4537 5466//5466
f 5468//5468 5467//5467 4439//4439
f 5468//5468 4439//4439 5469//5469
f 5469//5469 5470//5470 4539//4539
f 5469//5469 4539//4539 4538//4538
f 5469//5469 4538//4538 5468//5468
f 5470//5470 5469//5469 4438//4438
f 5470//5470 4438//4438 5471//5471
f 5471//5471 5472//5472 4540//4540
f 5471//5471 4540//4540 5470//5470
f 5472//5472 5471//5471 4437//4437
f 5472//5472 4437//4437 5473//5473
f 5473//5473 5474//5474 4541//4541
f 5473//5473 4541//4541 5472//5472
f 5474//5474 5473//5473 5475//5475
f 5475//5475 5476//5476 4542//4542
f 5475//5475 4542//4542 5474//5474
f 5476//5476 5475//5475 4436//4436
f 5476//5476 4436//4436 5477//5477
f 5477//5477 5478//5478 4543//4543
f 5477//5477 4543//4543 5476//5476
f 5478//5478 5477//5477 4435//4435
f 5478//5478 4435//4435 5479//5479
f 5479//5479 5480//5480 5478//5478
f 5480//5480 5479//5479 5481//5481
f 5481//5481 5482//5482 4544//4544
f 5481//5481 4544//4544 5480//5480
f 5482//5482 5481//5481 4434//4434
f 5482//5482 4434//4434 5483//5483
f 5483//5483 5484//5484 4545//4545
f 5483//5483 4545//4545 5482//5482
f 5484//5484 5483//5483 4433//4433
f 5484//5484 4433//4433 5485//5485
f 5485//5485 5486//5486 5484//5484
f 5486//5486 5485//5485 4432//4432
f 5486//5486 4432//4432 5487//5487
f 5486//5486 5487//5487 5488//5488
f 5486//5486 5488//5488 4547//4547
f 4547//4547 4546//4546 5486//5486
f 5488//5488 5487//5487 4431//4431
f 5488//5488 4431//4431 5489//5489
f 5488//5488 5489//5489 5490//5490
f 5490//5490 4548//4548 5488//5488
f 5490//5490 5489//5489 4430//4430
f 5490//5490 4430//4430 5491//5491
f 5490//5490 5491//5491 5492//5492
f 5490//5490 5492//5492 4550//4550
f 4550//4550 4549//4549 5490//5490
f 4429//4429 5493//5493 5494//5494
f 5491//5491 4429//4429 5494//5494
f 5491//5491 5494//5494 4287//4287
f 5491//5491 4287//4287 4286//4286
f 5491//5491 4286//4286 4285//4285
f 5491//5491 4285//4285 4284//4284
f 5492//5492 5491//5491 4284//4284
f 5492//5492 4284//4284 4283//4283
f 5492//5492 4283//4283 4282//4282
f 5492//5492 4282//4282 4281//4281
f 5492//5492 4281//4281 5495//5495
f 5492//5492 5495//5495 5496//5496
f 5492//5492 5496//5496 4552//4552
f 4552//4552 4551//4551 5492//5492
f 5493//5493 4290//4290 4289//4289
f 5493//5493 4289//4289 4288//4288
f 5493//5493 4288//4288 5494//5494
f 5496//5496 5495//5495 4280//4280
f 5496//5496 4280//4280 4279//4279
f 5496//5496 4279//4279 5497//5497
f 5497//5497 5498//5498 5496//5496
f 5498//5498 5497//5497 4278//4278
f 5498//5498 4278//4278 4277//4277
f 5498//5498 4277//4277 5499//5499
f 5498//5498 5499//5499 5500//5500
f 5500//5500 4553//4553 5498//5498
f 5500//5500 5499//5499 4276//4276
f 5500//5500 4276//4276 5501//5501
f 5501//5501 5502//5502 5500//5500
f 5502//5502 5501//5501 4275//4275
f 5502//5502 4275//4275 5503//5503
f 5502//5502 5503//5503 5504//5504
f 5504//5504 4554//4554 5502//5502
f 5504//5504 5503//5503 4274//4274
f 5504//5504 4274//4274 5505//5505
f 5505//5505 5506//5506 5504//5504
f 5506//5506 5505//5505 4273//4273
f 5506//5506 4273//4273 5507//5507
f 5507//5507 5508//5508 5506//5506
f 5508//5508 5507//5507 4272//4272
f 5508//5508 4272//4272 5509//5509
f 5508//5508 5509//5509 5510//5510
f 5510//5510 4555//4555 5508//5508
f 5510//5510 5509//5509 4271//4271
f 5510//5510 4271//4271 5511//5511
f 5510//5510 5511//5511 5512//5512
f 5512//5512 4556//4556 5510//5510
f 5512//5512 5511//5511 4270//4270
f 5512//5512 4270//4270 5513//5513
f 5513//5513 5514//5514 5512//5512
f 5514//5514 5513//5513 4269//4269
f 5514//5514 4269//4269 5515//5515
f 5514//5514 5515//5515 5516//5516
f 5516//5516 4557//4557 5514//5514
f 5516//5516 5515//5515 5517//5517
f 5517//5517 5518//5518 4558//4558
f 5517//5517 4558//4558 5516//5516
f 5518//5518 5517//5517 4268//4268
f 5518//5518 4268//4268 5519//5519
f 5519//5519 5520//5520 4559//4559
f 5519//5519 4559//4559 5518//5518
f 5520//5520 5519//5519 4267//4267
f 5520//5520 4267//4267 5521//5521
f 5521//5521 5522//5522 4560//4560
f 5521//5521 4560//4560 5520//5520
f 5522//5522 5521//5521 4266//4266
f 5522//5522 4266//4266 5523//5523
f 5523//5523 5524//5524 5522//5522
f 5524//5524 5523//5523 4265//4265
f 5524//5524 4265//4265 5525//5525
f 5525//5525 5526//5526 4561//4561
f 5525//5525 4561//4561 5524//5524
f 5526//5526 5525//5525 4264//4264
f 5526//5526 4264//4264 5527//5527
f 5526//5526 5527//5527 5801//5801
f 5801//5801 5117//5117 5526//5526
f 5801//5801 5527//5527 4263//4263
f 5801//5801 4263//4263 5529//5529
f 5529//5529 5802//5802 5801//5801
f 5802//5802 5529//5529 4262//4262
f 5802//5802 4262//4262 5531//5531
f 5531//5531 5803//5803 5802//5802
f 5803//5803 5531//5531 4261//4261
f 5803//5803 4261//4261 5533//5533
f 5533//5533 5804//5804 5803//5803
f 5804//5804 5533//5533 4260//4260
f 5804//5804 4260//4260 4259//4259
f 5804//5804 4259//4259 5535//5535
f 5535//5535 5805//5805 5804//5804
f 5805//5805 5535//5535 4258//4258
f 5805//5805 4258//4258 5537//5537
f 5537//5537 5806//5806 5805//5805
f 5806//5806 5537//5537 4257//4257
f 5806//5806 4257//4257 4256//4256
f 5806//5806 4256//4256 5539//5539
f 5539//5539 5807//5807 5806//5806
f 5807//5807 5539//5539 4255//4255
f 5807//5807 4255//4255 4254//4254
f 5807//5807 4254//4254 5541//5541
f 5541//5541 5808//5808 5807//5807
f 5808//5808 5541//5541 4253//4253
f 5808//5808 4253//4253 4252//4252
f 5808//5808 4252//4252 4251//4251
f 4248//4248 5542//5542 5543//5543
f 4249//4249 4248//4248 5543//5543
f 4249//4249 5543//5543 4040//4040
f 4250//4250 4249//4249 4040//4040
f 4250//4250 4040//4040 5545//5545
f 4251//4251 4250//4250 5545//5545
f 5808//5808 4251//4251 5545//5545
f 5545//5545 5809//5809 5808//5808
f 5543//5543 5542//5542 4247//4247
f 5543//5543 4247//4247 4246//4246
f 5543//5543 4246//4246 4245//4245
f 5543//5543 4245//4245 4042//4042
f 4042//4042 4041//4041 5543//5543
f 5809//5809 5545//5545 4039//4039
f 5809//5809 4039//4039 5547//5547
f 5547//5547 5810//5810 5809//5809
f 5810//5810 5547//5547 5549//5549
f 5549//5549 5811//5811 5810//5810
f 5811//5811 5549//5549 4038//4038
f 5811//5811 4038//4038 5551//5551
f 5551//5551 5812//5812 5811//5811
f 5812//5812 5551//5551 4037//4037
f 5812//5812 4037//4037 5553//5553
f 5553//5553 5813//5813 5812//5812
f 5813//5813 5553//5553 4036//4036
f 5813//5813 4036//4036 5555//5555
f 5555//5555 5814//5814 5813//5813
f 5814//5814 5555//5555 4035//4035
f 5814//5814 4035//4035 5557//5557
f 5557//5557 5815//5815 5814//5814
f 5815//5815 5557//5557 4034//4034
f 5815//5815 4034//4034 5559//5559
f 5559//5559 5816//5816 5815//5815
f 5816//5816 5559//5559 4033//4033
f 5816//5816 4033//4033 5561//5561
f 5561//5561 5817//5817 5816//5816
f 5817//5817 5561//5561 5563//5563
f 5563//5563 5818//5818 5817//5817
f 5818//5818 5563//5563 4032//4032
f 5818//5818 4032//4032 5565//5565
f 5565//5565 5819//5819 5818//5818
f 5819//5819 5565//5565 4031//4031
f 5819//5819 4031//4031 5567//5567
f 5567//5567 5820//5820 5819//5819
f 5820//5820 5567//5567 5569//5569
f 5569//5569 5821//5821 5820//5820
f 5821//5821 5569//5569 4030//4030
f 5821//5821 4030//4030 4029//4029
f 5821//5821 4029//4029 5571//5571
f 5571//5571 5822//5822 5821//5821
f 5822//5822 5571//5571 4028//4028
f 5822//5822 4028//4028 5573//5573
f 5573//5573 5823//5823 5822//5822
f 5823//5823 5573//5573 4027//4027
f 5823//5823 4027//4027 4026//4026
f 5823//5823 4026//4026 5575//5575
f 5575//5575 5824//5824 5823//5823
f 5824//5824 5575//5575 4025//4025
f 5824//5824 4025//4025 4024//4024
f 5824//5824 4024//4024 5577//5577
f 5577//5577 5825//5825 5824//5824
f 5825//5825 5577//5577 4023//4023
f 5825//5825 4023//4023 4022//4022
f 5825//5825 4022//4022 5579//5579
f 5579//5579 5826//5826 5825//5825
f 5826//5826 5579//5579 4021//4021
f 5826//5826 4021//4021 5581//5581
f 5581//5581 5827//5827 5826//5826
f 5827//5827 5581//5581 4020//4020
f 5827//5827 4020//4020 5583//5583
f 5583//5583 5828//5828 5827//5827
f 5828//5828 5583//5583 4019//4019
f 5828//5828 4019//4019 5585//5585
f 5585//5585 5829//5829 5828//5828
f 5829//5829 5585//5585 4018//4018
f 5829//5829 4018//4018 5587//5587
f 5587//5587 5830//5830 5829//5829
f 5830//5830 5587//5587 5589//5589
f 5589//5589 5831//5831 5830//5830
f 5831//5831 5589//5589 4017//4017
f 5831//5831 4017//4017 5591//5591
f 5591//5591 5832//5832 5831//5831
f 5832//5832 5591//5591 4016//4016
f 5832//5832 4016//4016 4015//4015
f 5832//5832 4015//4015 5593//5593
f 5593//5593 5833//5833 5832//5832
f 5833//5833 5593//5593 4014//4014
f 5833//5833 4014//4014 5595//5595
f 5595//5595 5834//5834 5833//5833
f 5834//5834 5595//5595 5597//5597
f 5597//5597 5835//5835 5834//5834
f 5835//5835 5597//5597 4013//4013
f 5835//5835 4013//4013 5599//5599
f 5599//5599 5836//5836 5835//5835
f 5836//5836 5599//5599 4012//4012
f 5836//5836 4012//4012 5601//5601
f 5601//5601 5837//5837 5836//5836
f 5837//5837 5601//5601 5603//5603
f 5603//5603 5604//5604 3861//3861
f 5837//5837 5603//5603 3861//3861
f 5837//5837 3861//3861 3860//3860
f 5837//5837 3860//3860 3859//3859
f 5837//5837 3859//3859 3858//3858
f 5837//5837 3858//3858 5605//5605
f 5605//5605 5838//5838 5837//5837
f 5603//5603 3866//3866 3865//3865
f 5603//5603 3865//3865 3864//3864
f 5603//5603 3864//3864 3863//3863
f 5603//5603 3863//3863 3862//3862
f 5603//5603 3862//3862 5604//5604
f 5838//5838 5605//5605 3857//3857
f 5838//5838 3857//3857 3856//3856
f 5838//5838 3856//3856 3855//3855
f 5838//5838 3855//3855 3854//3854
f 5838//5838 3854//3854 3853//3853
f 5838//5838 3853//3853 5607//5607
f 5607//5607 5839//5839 5838//5838
f 5839//5839 5607//5607 3852//3852
f 5839//5839 3852//3852 3851//3851
f 5839//5839 3851//3851 3850//3850
f 5839//5839 3850//3850 5609//5609
f 5609//5609 5840//5840 5839//5839
f 5840//5840 5609//5609 3849//3849
f 5840//5840 3849//3849 3848//3848
f 5840//5840 3848//3848 5611//5611
f 5611//5611 5841//5841 5840//5840
f 5841//5841 5611//5611 3847//3847
f 5841//5841 3847//3847 3846//3846
f 5841//5841 3846//3846 5613//5613
f 5613//5613 5842//5842 5841//5841
f 5842//5842 5613//5613 3845//3845
f 5842//5842 3845//3845 3844//3844
f 5842//5842 3844//3844 5615//5615
f 5615//5615 5843//5843 5842//5842
f 5843//5843 5615//5615 3843//3843
f 5843//5843 3843//3843 5617//5617
f 5617//5617 5844//5844 5843//5843
f 5844//5844 5617//5617 3842//3842
f 5844//5844 3842//3842 3841//3841
f 5844//5844 3841//3841 5619//5619
f 5619//5619 5845//5845 5844//5844
f 5845//5845 5619//5619 3840//3840
f 5845//5845 3840//3840 5621//5621
f 5621//5621 5846//5846 5845//5845
f 5846//5846 5621//5621 3839//3839
f 5846//5846 3839//3839 3838//3838
f 5846//5846 3838//3838 5623//5623
f 5623//5623 5847//5847 5846//5846
f 5847//5847 5623//5623 3837//3837
f 5847//5847 3837//3837 5625//5625
f 5625//5625 5848//5848 5847//5847
f 5848//5848 5625//5625 3836//3836
f 5848//5848 3836//3836 3835//3835
f 5848//5848 3835//3835 5627//5627
f 5627//5627 5849//5849 5848//5848
f 5849//5849 5627//5627 3834//3834
f 5849//5849 3834//3834 5629//5629
f 5629//5629 5850//5850 5849//5849
f 5850//5850 5629//5629 3833//3833
f 5850//5850 3833//3833 5631//5631
f 5631//5631 5851//5851 5850//5850
f 5851//5851 5631//5631 3832//3832
f 5851//5851 3832//3832 3831//3831
f 5851//5851 3831//3831 5633//5633
f 5633//5633 5852//5852 5851//5851
f 5852//5852 5633//5633 3830//3830
f 5852//5852 3830//3830 5635//5635
f 5635//5635 5853//5853 5852//5852
f 5853//5853 5635//5635 3829//3829
f 5853//5853 3829//3829 3828//3828
f 5853//5853 3828//3828 5637//5637
f 5637//5637 5854//5854 5853//5853
f 5854//5854 5637//5637 3827//3827
f 5854//5854 3827//3827 5639//5639
f 5639//5639 5855//5855 5854//5854
f 5855//5855 5639//5639 3826//3826
f 5855//5855 3826//3826 3825//3825
f 5855//5855 3825//3825 5641//5641
f 5641//5641 5856//5856 5855//5855
f 5856//5856 5641//5641 3824//3824
f 5856//5856 3824//3824 3823//3823
f 5856//5856 3823//3823 5643//5643
f 5643//5643 5857//5857 5856//5856
f 5857//5857 5643//5643 3822//3822
f 5857//5857 3822//3822 3821//3821
f 5857//5857 3821//3821 3820//3820
f 5857//5857 3820//3820 5645//5645
f 5645//5645 5858//5858 5857//5857
f 5858//5858 5645//5645 3819//3819
f 5858//5858 3819//3819 3818//3818
f 5858//5858 3818//3818 3817//3817
f 5858//5858 3817//3817 3816//3816
f 5858//5858 3816//3816 3815//3815
f 3810//3810 5646//5646 5647//5647
f 3811//3811 3810//3810 5647//5647
f 3811//3811 5647//5647 3523//3523
f 3812//3812 3811//3811 3523//3523
f 3813//3813 3812//3812 3523//3523
f 3813//3813 3523//3523 3522//3522
f 3814//3814 3813//3813 3522//3522
f 3815//3815 3814//3814 3522//3522
f 3815//3815 3522//3522 5649//5649
f 5858//5858 3815//3815 5649//5649
f 5649//5649 5859//5859 5858//5858
f 5646//5646 3524//3524 5647//5647
f 5859//5859 5649//5649 3521//3521
f 5859//5859 3521//3521 5651//5651
f 5651//5651 5860//5860 5859//5859
f 5860//5860 5651//5651 3520//3520
f 5860//5860 3520//3520 5653//5653
f 5653//5653 5861//5861 5860//5860
f 5861//5861 5653//5653 5655//5655
f 5655//5655 5862//5862 5861//5861
f 5862//5862 5655//5655 3519//3519
f 5862//5862 3519//3519 5657//5657
f 5657//5657 5863//5863 5862//5862
f 5863//5863 5657//5657 3518//3518
f 5863//5863 3518//3518 5659//5659
f 5659//5659 5864//5864 5863//5863
f 5864//5864 5659//5659 3517//3517
f 5864//5864 3517//3517 5661//5661
f 5661//5661 5865//5865 5864//5864
f 5865//5865 5661//5661 3516//3516
f 5865//5865 3516//3516 5663//5663
f 5663//5663 5866//5866 5865//5865
f 5866//5866 5663//5663 3515//3515
f 5866//5866 3515//3515 5665//5665
f 5665//5665 5867//5867 5866//5866
f 5867//5867 5665//5665 5667//5667
f 5667//5667 5868//5868 5867//5867
f 5868//5868 5667//5667 3514//3514
f 5868//5868 3514//3514 5669//5669
f 5669//5669 5869//5869 5868//5868
f 5869//5869 5669//5669 5671//5671
f 5671//5671 5870//5870 5869//5869
f 5870//5870 5671//5671 5673//5673
f 5673//5673 5871//5871 5870//5870
f 5871//5871 5673//5673 3513//3513
f 5871//5871 3513//3513 5675//5675
f 5675//5675 5872//5872 5871//5871
f 5872//5872 5675//5675 5677//5677
f 5677//5677 5873//5873 5872//5872
f 5873//5873 5677//5677 5679//5679
f 5679//5679 5874//5874 5873//5873
f 5874//5874 5679//5679 3512//3512
f 5874//5874 3512//3512 5681//5681
f 5681//5681 5875//5875 5874//5874
f 5875//5875 5681//5681 3511//3511
f 5875//5875 3511//3511 5683//5683
f 5683//5683 5876//5876 5875//5875
f 5876//5876 5683//5683 3510//3510
f 5876//5876 3510//3510 5685//5685
f 5685//5685 5877//5877 5876//5876
f 5877//5877 5685//5685 5687//5687
f 5687//5687 5878//5878 5877//5877
f 5878//5878 5687//5687 3509//3509
f 5878//5878 3509//3509 5689//5689
f 5689//5689 5879//5879 5878//5878
f 5879//5879 5689//5689 3508//3508
f 5879//5879 3508//3508 5691//5691
f 5691//5691 5880//5880 5879//5879
f 5880//5880 5691//5691 3507//3507
f 5880//5880 3507//3507 5693//5693
f 5693//5693 5881//5881 5880//5880
f 5881//5881 5693//5693 3506//3506
f 5881//5881 3506//3506 5695//5695
f 5695//5695 5882//5882 5881//5881
f 5882//5882 5695//5695 3505//3505
f 5882//5882 3505//3505 5697//5697
f 5697//5697 5883//5883 5882//5882
f 5883//5883 5697//5697 3504//3504
f 5883//5883 3504//3504 5699//5699
f 5699//5699 5884//5884 5883//5883
f 5884//5884 5699//5699 3503//3503
f 5884//5884 3503//3503 5701//5701
f 5701//5701 5885//5885 5884//5884
f 5885//5885 5701//5701 3502//3502
f 5885//5885 3502//3502 5703//5703
f 5703//5703 5886//5886 5885//5885
f 5886//5886 5703//5703 3501//3501
f 5886//5886 3501//3501 5705//5705
f 5705//5705 5887//5887 5886//5886
f 5887//5887 5705//5705 3500//3500
f 5887//5887 3500//3500 5707//5707
f 5707//5707 5888//5888 5887//5887
f 5888//5888 5707//5707 3499//3499
f 5888//5888 3499//3499 5709//5709
f 5709//5709 5889//5889 5888//5888
f 5889//5889 5709//5709 3498//3498
f 5889//5889 3498//3498 3497//3497
f 5889//5889 3497//3497 5711//5711
f 5711//5711 5890//5890 5889//5889
f 5890//5890 5711//5711 5713//5713
f 5713//5713 5891//5891 5890//5890
f 5891//5891 5713//5713 3496//3496
f 5891//5891 3496//3496 3495//3495
f 5891//5891 3495//3495 5715//5715
f 5715//5715 5892//5892 5891//5891
f 5892//5892 5715//5715 3494//3494
f 5892//5892 3494//3494 3493//3493
f 5892//5892 3493//3493 5717//5717
f 5717//5717 5893//5893 5892//5892
f 5893//5893 5717//5717 3492//3492
f 5893//5893 3492//3492 5719//5719
f 5719//5719 5894//5894 5893//5893
f 5894//5894 5719//5719 5721//5721
f 5721//5721 5895//5895 5894//5894
f 5895//5895 5721//5721 3491//3491
f 5895//5895 3491//3491 5723//5723
f 5723//5723 5896//5896 5895//5895
f 5896//5896 5723//5723 3490//3490
f 5896//5896 3490//3490 5725//5725
f 5725//5725 5897//5897 5896//5896
f 5897//5897 5725//5725 3489//3489
f 5897//5897 3489//3489 3488//3488
f 5897//5897 3488//3488 3487//3487
f 5897//5897 3487//3487 5727//5727
f 5727//5727 5898//5898 5897//5897
f 5898//5898 5727//5727 3486//3486
f 5898//5898 3486//3486 3485//3485
f 5898//5898 3485//3485 3484//3484
f 5898//5898 3484//3484 3483//3483
f 5898//5898 3483//3483 3482//3482
f 3482//3482 5118//5118 5898//5898
f 5898//5898 5118//5118 3481//3481
f 5898//5898 3481//3481 3480//3480
f 5898//5898 3480//3480 3479//3479
f 5898//5898 3479//3479 3478//3478
f 5898//5898 3478//3478 3477//3477
f 3477//3477 3476//3476 5728//5728
f 3477//3477 5728//5728 5898//5898
f 5898//5898 5728//5728 4991//4991
f 5898//5898 4991//4991 5726//5726
f 5726//5726 5897//5897 5898//5898
f 5897//5897 5726//5726 4990//4990
f 5897//5897 4990//4990 5724//5724
f 5724//5724 5896//5896 5897//5897
f 5896//5896 5724//5724 4989//4989
f 5896//5896 4989//4989 4988//4988
f 5896//5896 4988//4988 5722//5722
f 5722//5722 5895//5895 5896//5896
f 5895//5895 5722//5722 5720//5720
f 5720//5720 5894//5894 5895//5895
f 5894//5894 5720//5720 4987//4987
f 5894//5894 4987//4987 5718//5718
f 5718//5718 5893//5893 5894//5894
f 5893//5893 5718//5718 4986//4986
f 5893//5893 4986//4986 5716//5716
f 5716//5716 5892//5892 5893//5893
f 5892//5892 5716//5716 5714//5714
f 5714//5714 5891//5891 5892//5892
f 5891//5891 5714//5714 4985//4985
f 5891//5891 4985//4985 5712//5712
f 5712//5712 5890//5890 5891//5891
f 5890//5890 5712//5712 4984//4984
f 5890//5890 4984//4984 5710//5710
f 5710//5710 5889//5889 5890//5890
f 5889//5889 5710//5710 5708//5708
f 5708//5708 5888//5888 5889//5889
f 5888//5888 5708//5708 4983//4983
f 5888//5888 4983//4983 5706//5706
f 5706//5706 5887//5887 5888//5888
f 5887//5887 5706//5706 4982//4982
f 5887//5887 4982//4982 5704//5704
f 5704//5704 5886//5886 5887//5887
f 5886//5886 5704//5704 5702//5702
f 5702//5702 5885//5885 5886//5886
f 5885//5885 5702//5702 4981//4981
f 5885//5885 4981//4981 5700//5700
f 5700//5700 5884//5884 5885//5885
f 5884//5884 5700//5700 4980//4980
f 5884//5884 4980//4980 5698//5698
f 5698//5698 5883//5883 5884//5884
f 5883//5883 5698//5698 4979//4979
f 5883//5883 4979//4979 5696//5696
f 5696//5696 5882//5882 5883//5883
f 5882//5882 5696//5696 5694//5694
f 5694//5694 5881//5881 5882//5882
f 5881//5881 5694//5694 4978//4978
f 5881//5881 4978//4978 5692//5692
f 5692//5692 5880//5880 5881//5881
f 5880//5880 5692//5692 5690//5690
f 5690//5690 5879//5879 5880//5880
f 5879//5879 5690//5690 4977//4977
f 5879//5879 4977//4977 5688//5688
f 5688//5688 5878//5878 5879//5879
f 5878//5878 5688//5688 5686//5686
f 5686//5686 5877//5877 5878//5878
f 5877//5877 5686//5686 5684//5684
f 5684//5684 5876//5876 5877//5877
f 5876//5876 5684//5684 4976//4976
f 5876//5876 4976//4976 5682//5682
f 5682//5682 5875//5875 5876//5876
f 5875//5875 5682//5682 5680//5680
f 5680//5680 5874//5874 5875//5875
f 5874//5874 5680//5680 4975//4975
f 5874//5874 4975//4975 5678//5678
f 5678//5678 5873//5873 5874//5874
f 5873//5873 5678//5678 5676//5676
f 5676//5676 5872//5872 5873//5873
f 5872//5872 5676//5676 4974//4974
f 5872//5872 4974//4974 5674//5674
f 5674//5674 5871//5871 5872//5872
f 5871//5871 5674//5674 5672//5672
f 5672//5672 5870//5870 5871//5871
f 5870//5870 5672//5672 4973//4973
f 5870//5870 4973//4973 5670//5670
f 5670//5670 5869//5869 5870//5870
f 5869//5869 5670//5670 5668//5668
f 5668//5668 5868//5868 5869//5869
f 5868//5868 5668//5668 4972//4972
f 5868//5868 4972//4972 5666//5666
f 5666//5666 5867//5867 5868//5868
f 5867//5867 5666//5666 4971//4971
f 5867//5867 4971//4971 5664//5664
f 5664//5664 5866//5866 5867//5867
f 5866//5866 5664//5664 5662//5662
f 5662//5662 5865//5865 5866//5866
f 5865//5865 5662//5662 4970//4970
f 5865//5865 4970//4970 4969//4969
f 5865//5865 4969//4969 5660//5660
f 5660//5660 5864//5864 5865//5865
f 5864//5864 5660//5660 4968//4968
f 5864//5864 4968//4968 5658//5658
f 5658//5658 5863//5863 5864//5864
f 5863//5863 5658//5658 4967//4967
f 5863//5863 4967//4967 5656//5656
f 5656//5656 5862//5862 5863//5863
f 5862//5862 5656//5656 5654//5654
f 5654//5654 5861//5861 5862//5862
f 5861//5861 5654//5654 4966//4966
f 5861//5861 4966//4966 5652//5652
f 5652//5652 5860//5860 5861//5861
f 5860//5860 5652//5652 4965//4965
f 5860//5860 4965//4965 5650//5650
f 5650//5650 5859//5859 5860//5860
f 5859//5859 5650//5650 5648//5648
f 5648//5648 5858//5858 5859//5859
f 5858//5858 5648//5648 5644//5644
f 5644//5644 5857//5857 5858//5858
f 5857//5857 5644//5644 4964//4964
f 5857//5857 4964//4964 5642//5642
f 5642//5642 5856//5856 5857//5857
f 5856//5856 5642//5642 4963//4963
f 5856//5856 4963//4963 5640//5640
f 5640//5640 5855//5855 5856//5856
f 5855//5855 5640//5640 5638//5638
f 5638//5638 5854//5854 5855//5855
f 5854//5854 5638//5638 4962//4962
f 5854//5854 4962//4962 5636//5636
f 5636//5636 5853//5853 5854//5854
f 5853//5853 5636//5636 5634//5634
f 5634//5634 5852//5852 5853//5853
f 5852//5852 5634//5634 4961//4961
f 5852//5852 4961//4961 5632//5632
f 5632//5632 5851//5851 5852//5852
f 5851//5851 5632//5632 4960//4960
f 5851//5851 4960//4960 5630//5630
f 5630//5630 5850//5850 5851//5851
f 5850//5850 5630//5630 4959//4959
f 5850//5850 4959//4959 5628//5628
f 5628//5628 5849//5849 5850//5850
f 5849//5849 5628//5628 4958//4958
f 5849//5849 4958//4958 5626//5626
f 5626//5626 5848//5848 5849//5849
f 5848//5848 5626//5626 4957//4957
f 5848//5848 4957//4957 5624//5624
f 5624//5624 5847//5847 5848//5848
f 5847//5847 5624//5624 5622//5622
f 5622//5622 5846//5846 5847//5847
f 5846//5846 5622//5622 4956//4956
f 5846//5846 4956//4956 5620//5620
f 5620//5620 5845//5845 5846//5846
f 5845//5845 5620//5620 4955//4955
f 5845//5845 4955//4955 5618//5618
f 5618//5618 5844//5844 5845//5845
f 5844//5844 5618//5618 5616//5616
f 5616//5616 5843//5843 5844//5844
f 5843//5843 5616//5616 4954//4954
f 5843//5843 4954//4954 5614//5614
f 5614//5614 5842//5842 5843//5843
f 5842//5842 5614//5614 5612//5612
f 5612//5612 5841//5841 5842//5842
f 5841//5841 5612//5612 5610//5610
f 5610//5610 5840//5840 5841//5841
f 5840//5840 5610//5610 4953//4953
f 5840//5840 4953//4953 5608//5608
f 5608//5608 5839//5839 5840//5840
f 5839//5839 5608//5608 5606//5606
f 5606//5606 5838//5838 5839//5839
f 5838//5838 5606//5606 5602//5602
f 5602//5602 5837//5837 5838//5838
f 5837//5837 5602//5602 4952//4952
f 5837//5837 4952//4952 5600//5600
f 5600//5600 5836//5836 5837//5837
f 5836//5836 5600//5600 4951//4951
f 5836//5836 4951//4951 5598//5598
f 5598//5598 5835//5835 5836//5836
f 5835//5835 5598//5598 4950//4950
f 5835//5835 4950//4950 5596//5596
f 5596//5596 5834//5834 5835//5835
f 5834//5834 5596//5596 4949//4949
f 5834//5834 4949//4949 5594//5594
f 5594//5594 5833//5833 5834//5834
f 5833//5833 5594//5594 4948//4948
f 5833//5833 4948//4948 5592//5592
f 5592//5592 5832//5832 5833//5833
f 5832//5832 5592//5592 4947//4947
f 5832//5832 4947//4947 5590//5590
f 5590//5590 5831//5831 5832//5832
f 5831//5831 5590//5590 4946//4946
f 5831//5831 4946//4946 5588//5588
f 5588//5588 5830//5830 5831//5831
f 5830//5830 5588//5588 4945//4945
f 5830//5830 4945//4945 5586//5586
f 5586//5586 5829//5829 5830//5830
f 5829//5829 5586//5586 4944//4944
f 5829//5829 4944//4944 5584//5584
f 5584//5584 5828//5828 5829//5829
f 5828//5828 5584//5584 5582//5582
f 5582//5582 5827//5827 5828//5828
f 5827//5827 5582//5582 4943//4943
f 5827//5827 4943//4943 5580//5580
f 5580//5580 5826//5826 5827//5827
f 5826//5826 5580//5580 4942//4942
f 5826//5826 4942//4942 5578//5578
f 5578//5578 5825//5825 5826//5826
f 5825//5825 5578//5578 4941//4941
f 5825//5825 4941//4941 5576//5576
f 5576//5576 5824//5824 5825//5825
f 5824//5824 5576//5576 4940//4940
f 5824//5824 4940//4940 5574//5574
f 5574//5574 5823//5823 5824//5824
f 5823//5823 5574//5574 4939//4939
f 5823//5823 4939//4939 4938//4938
f 5823//5823 4938//4938 5572//5572
f 5572//5572 5822//5822 5823//5823
f 5822//5822 5572//5572 4937//4937
f 5822//5822 4937//4937 5570//5570
f 5570//5570 5821//5821 5822//5822
f 5821//5821 5570//5570 4936//4936
f 5821//5821 4936//4936 5568//5568
f 5568//5568 5820//5820 5821//5821
f 5820//5820 5568//5568 4935//4935
f 5820//5820 4935//4935 5566//5566
f 5566//5566 5819//5819 5820//5820
f 5819//5819 5566//5566 5564//5564
f 5564//5564 5818//5818 5819//5819
f 5818//5818 5564//5564 4934//4934
f 5818//5818 4934//4934 5562//5562
f 5562//5562 5817//5817 5818//5818
f 5817//5817 5562//5562 4933//4933
f 5817//5817 4933//4933 5560//5560
f 5560//5560 5816//5816 5817//5817
f 5816//5816 5560//5560 5558//5558
f 5558//5558 5815//5815 5816//5816
f 5815//5815 5558//5558 4932//4932
f 5815//5815 4932//4932 4931//4931
f 5815//5815 4931//4931 5556//5556
f 5556//5556 5814//5814 5815//5815
f 5814//5814 5556//5556 4930//4930
f 5814//5814 4930//4930 5554//5554
f 5554//5554 5813//5813 5814//5814
f 5813//5813 5554//5554 4929//4929
f 5813//5813 4929//4929 5552//5552
f 5552//5552 5812//5812 5813//5813
f 5812//5812 5552//5552 4928//4928
f 5812//5812 4928//4928 5550//5550
f 5550//5550 5811//5811 5812//5812
f 5811//5811 5550//5550 5548//5548
f 5548//5548 5810//5810 5811//5811
f 5810//5810 5548//5548 4927//4927
f 5810//5810 4927//4927 5546//5546
f 5546//5546 5809//5809 5810//5810
f 5809//5809 5546//5546 4569//4569
f 5809//5809 4569//4569 4568//4568
f 5809//5809 4568//4568 5544//5544
f 5544//5544 5808//5808 5809//5809
f 5808//5808 5544//5544 4567//4567
f 5808//5808 4567//4567 5540//5540
f 5540//5540 5807//5807 5808//5808
f 5807//5807 5540//5540 4566//4566
f 5807//5807 4566//4566 5538//5538
f 5538//5538 5806//5806 5807//5807
f 5806//5806 5538//5538 4565//4565
f 5806//5806 4565//4565 5536//5536
f 5536//5536 5805//5805 5806//5806
f 5805//5805 5536//5536 4564//4564
f 5805//5805 4564//4564 5534//5534
f 5534//5534 5804//5804 5805//5805
f 5804//5804 5534//5534 4563//4563
f 5804//5804 4563//4563 5532//5532
f 5532//5532 5803//5803 5804//5804
f 5803//5803 5532//5532 5530//5530
f 5530//5530 5802//5802 5803//5803
f 5802//5802 5530//5530 4562//4562
f 5802//5802 4562//4562 5528//5528
f 5528//5528 5801//5801 5802//5802
f 5528//5528 5117//5117 5801//5801
f 5418//5418 5416//5416 4516//4516
f 5418//5418 4516//4516 5412//5412
f 5412//5412 5414//5414 5101//5101
f 5412//5412 5101//5101 5102//5102
f 5412//5412 5102//5102 5103//5103
f 5412//5412 5103//5103 5418//5418
f 5414//5414 5412//5412 4515//4515
f 5414//5414 4515//4515 5408//5408
f 5408//5408 5410//5410 5097//5097
f 5408//5408 5097//5097 5098//5098
f 5408//5408 5098//5098 5099//5099
f 5408//5408 5099//5099 5100//5100
f 5408//5408 5100//5100 5414//5414
f 5410//5410 5408//5408 4514//4514
f 5410//5410 4514//4514 5404//5404
f 5404//5404 5406//5406 5094//5094
f 5410//5410 5404//5404 5094//5094
f 5094//5094 5096//5096 5410//5410
f 5406//5406 5404//5404 4513//4513
f 5406//5406 4513//4513 5400//5400
f 5400//5400 5402//5402 5090//5090
f 5400//5400 5090//5090 5091//5091
f 5406//5406 5400//5400 5091//5091
f 5091//5091 5093//5093 5406//5406
f 5393//5393 5391//5391 4509//4509
f 5393//5393 4509//4509 5387//5387
f 5387//5387 5389//5389 5050//5050
f 5393//5393 5387//5387 5050//5050
f 5050//5050 5051//5051 5393//5393
f 5389//5389 5387//5387 4508//4508
f 5389//5389 4508//4508 5383//5383
f 5383//5383 5385//5385 5046//5046
f 5383//5383 5046//5046 5047//5047
f 5383//5383 5047//5047 5048//5048
f 5383//5383 5048//5048 5049//5049
f 5383//5383 5049//5049 5389//5389
f 5385//5385 5383//5383 4507//4507
f 5385//5385 4507//4507 5379//5379
f 5379//5379 5381//5381 5043//5043
f 5379//5379 5043//5043 5044//5044
f 5379//5379 5044//5044 5045//5045
f 5379//5379 5045//5045 5385//5385
f 5381//5381 5379//5379 5375//5375
f 5375//5375 5377//5377 5039//5039
f 5375//5375 5039//5039 5040//5040
f 5375//5375 5040//5040 5041//5041
f 5375//5375 5041//5041 5042//5042
f 5375//5375 5042//5042 5381//5381
f 5800//5800 5116//5116 4462//4462
f 4462//4462 5266//5266 5800//5800
f 5800//5800 5266//5266 5264//5264
f 5264//5264 5799//5799 5800//5800
f 5799//5799 5264//5264 4461//4461
f 5799//5799 4461//4461 5262//5262
f 5262//5262 5798//5798 5799//5799
f 5798//5798 5262//5262 4460//4460
f 5798//5798 4460//4460 5260//5260
f 5260//5260 5797//5797 5798//5798
f 5797//5797 5260//5260 5258//5258
f 5258//5258 5796//5796 5797//5797
f 5796//5796 5258//5258 4459//4459
f 5796//5796 4459//4459 5256//5256
f 5256//5256 5795//5795 5796//5796
f 5795//5795 5256//5256 4458//4458
f 5795//5795 4458//4458 5254//5254
f 5254//5254 5794//5794 5795//5795
f 5794//5794 5254//5254 4457//4457
f 5794//5794 4457//4457 4456//4456
f 5794//5794 4456//4456 5252//5252
f 5252//5252 5793//5793 5794//5794
f 5793//5793 5252//5252 4455//4455
f 5793//5793 4455//4455 5248//5248
f 5248//5248 5792//5792 5793//5793
f 5792//5792 5248//5248 5246//5246
f 5246//5246 5791//5791 5792//5792
f 5791//5791 5246//5246 4926//4926
f 5791//5791 4926//4926 5244//5244
f 5244//5244 5790//5790 5791//5791
f 5790//5790 5244//5244 4925//4925
f 5790//5790 4925//4925 5242//5242
f 5242//5242 5789//5789 5790//5790
f 5789//5789 5242//5242 4924//4924
f 5789//5789 4924//4924 5240//5240
f 5240//5240 5788//5788 5789//5789
f 5788//5788 5240//5240 4923//4923
f 5788//5788 4923//4923 5238//5238
f 5238//5238 5787//5787 5788//5788
f 5787//5787 5238//5238 4922//4922
f 5787//5787 4922//4922 5236//5236
f 5236//5236 5786//5786 5787//5787
f 5786//5786 5236//5236 5234//5234
f 5234//5234 5785//5785 5786//5786
f 5785//5785 5234//5234 4921//4921
f 5785//5785 4921//4921 5232//5232
f 5232//5232 5784//5784 5785//5785
f 5784//5784 5232//5232 4920//4920
f 5784//5784 4920//4920 5230//5230
f 5230//5230 5783//5783 5784//5784
f 5783//5783 5230//5230 4919//4919
f 5783//5783 4919//4919 5228//5228
f 5228//5228 5782//5782 5783//5783
f 5782//5782 5228//5228 5226//5226
f 5226//5226 5781//5781 5782//5782
f 5781//5781 5226//5226 4918//4918
f 5781//5781 4918//4918 5224//5224
f 5224//5224 5780//5780 5781//5781
f 5780//5780 5224//5224 4917//4917
f 5780//5780 4917//4917 4916//4916
f 5780//5780 4916//4916 5222//5222
f 5222//5222 5779//5779 5780//5780
f 5779//5779 5222//5222 4915//4915
f 5779//5779 4915//4915 4914//4914
f 5779//5779 4914//4914 5220//5220
f 5220//5220 5778//5778 5779//5779
f 5778//5778 5220//5220 4913//4913
f 5778//5778 4913//4913 5218//5218
f 5218//5218 5777//5777 5778//5778
f 5777//5777 5218//5218 4912//4912
f 5777//5777 4912//4912 5216//5216
f 5216//5216 5776//5776 5777//5777
f 5776//5776 5216//5216 4911//4911
f 5776//5776 4911//4911 5214//5214
f 5214//5214 5775//5775 5776//5776
f 5775//5775 5214//5214 5212//5212
f 5212//5212 5774//5774 5775//5775
f 5774//5774 5212//5212 5210//5210
f 5210//5210 5773//5773 5774//5774
f 5773//5773 5210//5210 4910//4910
f 5773//5773 4910//4910 5208//5208
f 5208//5208 5772//5772 5773//5773
f 5772//5772 5208//5208 5206//5206
f 5206//5206 5771//5771 5772//5772
f 5771//5771 5206//5206 4909//4909
f 5771//5771 4909//4909 5204//5204
f 5204//5204 5770//5770 5771//5771
f 5770//5770 5204//5204 5202//5202
f 5202//5202 5769//5769 5770//5770
f 5769//5769 5202//5202 5200//5200
f 5200//5200 5768//5768 5769//5769
f 5768//5768 5200//5200 4908//4908
f 5768//5768 4908//4908 5198//5198
f 5198//5198 5767//5767 5768//5768
f 5767//5767 5198//5198 5196//5196
f 5196//5196 5766//5766 5767//5767
f 5766//5766 5196//5196 5194//5194
f 5194//5194 5765//5765 5766//5766
f 5765//5765 5194//5194 4907//4907
f 5765//5765 4907//4907 5192//5192
f 5192//5192 5764//5764 5765//5765
f 5764//5764 5192//5192 4906//4906
f 5764//5764 4906//4906 5190//5190
f 5190//5190 5763//5763 5764//5764
f 5763//5763 5190//5190 5188//5188
f 5188//5188 5762//5762 5763//5763
f 5762//5762 5188//5188 4905//4905
f 5762//5762 4905//4905 5186//5186
f 5186//5186 5761//5761 5762//5762
f 5761//5761 5186//5186 4904//4904
f 5761//5761 4904//4904 5184//5184
f 5184//5184 5760//5760 5761//5761
f 5760//5760 5184//5184 5182//5182
f 5182//5182 5759//5759 5760//5760
f 5759//5759 5182//5182 4903//4903
f 5759//5759 4903//4903 5180//5180
f 5180//5180 5758//5758 5759//5759
f 5758//5758 5180//5180 4902//4902
f 5758//5758 4902//4902 5178//5178
f 5178//5178 5757//5757 5758//5758
f 5757//5757 5178//5178 4901//4901
f 5757//5757 4901//4901 5176//5176
f 5176//5176 5756//5756 5757//5757
f 5756//5756 5176//5176 5174//5174
f 5174//5174 5755//5755 5756//5756
f 5755//5755 5174//5174 5170//5170
f 5170//5170 5754//5754 5755//5755
f 5754//5754 5170//5170 4900//4900
f 5754//5754 4900//4900 5168//5168
f 5168//5168 5753//5753 5754//5754
f 5753//5753 5168//5168 5166//5166
f 5166//5166 5752//5752 5753//5753
f 5752//5752 5166//5166 4899//4899
f 5752//5752 4899//4899 5164//5164
f 5164//5164 5751//5751 5752//5752
f 5751//5751 5164//5164 5162//5162
f 5162//5162 5750//5750 5751//5751
f 5750//5750 5162//5162 5160//5160
f 5160//5160 5749//5749 5750//5750
f 5749//5749 5160//5160 4898//4898
f 5749//5749 4898//4898 5158//5158
f 5158//5158 5748//5748 5749//5749
f 5748//5748 5158//5158 5156//5156
f 5156//5156 5747//5747 5748//5748
f 5747//5747 5156//5156 5154//5154
f 5154//5154 5746//5746 5747//5747
f 5746//5746 5154//5154 4897//4897
f 5746//5746 4897//4897 5152//5152
f 5152//5152 5745//5745 5746//5746
f 5745//5745 5152//5152 5150//5150
f 5150//5150 5744//5744 5745//5745
f 5744//5744 5150//5150 4896//4896
f 5744//5744 4896//4896 5148//5148
f 5148//5148 5743//5743 5744//5744
f 5743//5743 5148//5148 4895//4895
f 5743//5743 4895//4895 5146//5146
f 5146//5146 5742//5742 5743//5743
f 5742//5742 5146//5146 5144//5144
f 5144//5144 5741//5741 5742//5742
f 5741//5741 5144//5144 4894//4894
f 5741//5741 4894//4894 5142//5142
f 5142//5142 5740//5740 5741//5741
f 5740//5740 5142//5142 5140//5140
f 5140//5140 5739//5739 5740//5740
f 5739//5739 5140//5140 5138//5138
f 5138//5138 5738//5738 5739//5739
f 5738//5738 5138//5138 4893//4893
f 5738//5738 4893//4893 5136//5136
f 5136//5136 5737//5737 5738//5738
f 5737//5737 5136//5136 5134//5134
f 5134//5134 5736//5736 5737//5737
f 5736//5736 5134//5134 5132//5132
f 5132//5132 5735//5735 5736//5736
f 5735//5735 5132//5132 4892//4892
f 5735//5735 4892//4892 5130//5130
f 5130//5130 5734//5734 5735//5735
f 5734//5734 5130//5130 5128//5128
f 5128//5128 5733//5733 5734//5734
f 5733//5733 5128//5128 4891//4891
f 5733//5733 4891//4891 5126//5126
f 5126//5126 5732//5732 5733//5733
f 5732//5732 5126//5126 4890//4890
f 5732//5732 4890//4890 5124//5124
f 5124//5124 5731//5731 5732//5732
f 5731//5731 5124//5124 4889//4889
f 5731//5731 4889//4889 5122//5122
f 5122//5122 5730//5730 5731//5731
f 5730//5730 5122//5122 4888//4888
f 5730//5730 4888//4888 5120//5120
f 5120//5120 5729//5729 5730//5730
f 3475//3475 5901//5901 5902//5902
f 5902//5902 5901//5901 3474//3474
f 5902//5902 3474//3474 3473//3473
f 3470//3470 5899//5899 5941//5941
f 3471//3471 3470//3470 5941//5941
f 3472//3472 3471//3471 5941//5941
f 3473//3473 3472//3472 5941//5941
f 5902//5902 3473//3473 5941//5941
f 5941//5941 5904//5904 5902//5902
f 5941//5941 5899//5899 3469//3469
f 5941//5941 3469//3469 3468//3468
f 5941//5941 3468//3468 3467//3467
f 5941//5941 3467//3467 3466//3466
f 5941//5941 3466//3466 3465//3465
f 5941//5941 3465//3465 3464//3464
f 3464//3464 5903//5903 5941//5941
f 5941//5941 5903//5903 3463//3463
f 5941//5941 3463//3463 3462//3462
f 5941//5941 3462//3462 5905//5905
f 5905//5905 5942//5942 5941//5941
f 5942//5942 5905//5905 3461//3461
f 5942//5942 3461//3461 5907//5907
f 5907//5907 5943//5943 5942//5942
f 5943//5943 5907//5907 3460//3460
f 5943//5943 3460//3460 5909//5909
f 5909//5909 5944//5944 5943//5943
f 5944//5944 5909//5909 3459//3459
f 5944//5944 3459//3459 5911//5911
f 5911//5911 5945//5945 5944//5944
f 5945//5945 5911//5911 3458//3458
f 5945//5945 3458//3458 5913//5913
f 5913//5913 5946//5946 5945//5945
f 5946//5946 5913//5913 3457//3457
f 5946//5946 3457//3457 5915//5915
f 5915//5915 5947//5947 5946//5946
f 5947//5947 5915//5915 3456//3456
f 5947//5947 3456//3456 5917//5917
f 5917//5917 5948//5948 5947//5947
f 5948//5948 5917//5917 3455//3455
f 5948//5948 3455//3455 3454//3454
f 5948//5948 3454//3454 3453//3453
f 5948//5948 3453//3453 5919//5919
f 5919//5919 5949//5949 5948//5948
f 5949//5949 5919//5919 3452//3452
f 5949//5949 3452//3452 3451//3451
f 5949//5949 3451//3451 3450//3450
f 5949//5949 3450//3450 5921//5921
f 5921//5921 5950//5950 5949//5949
f 5950//5950 5921//5921 3449//3449
f 5950//5950 3449//3449 3448//3448
f 5950//5950 3448//3448 3447//3447
f 5950//5950 3447//3447 5923//5923
f 5923//5923 5951//5951 5950//5950
f 5951//5951 5923//5923 3446//3446
f 5951//5951 3446//3446 3445//3445
f 5951//5951 3445//3445 3444//3444
f 5951//5951 3444//3444 5925//5925
f 5925//5925 5952//5952 5951//5951
f 5952//5952 5925//5925 3443//3443
f 5952//5952 3443//3443 3442//3442
f 5952//5952 3442//3442 3441//3441
f 5952//5952 3441//3441 5927//5927
f 5927//5927 5953//5953 5952//5952
f 5953//5953 5927//5927 3440//3440
f 5953//5953 3440//3440 3439//3439
f 5953//5953 3439//3439 5929//5929
f 5929//5929 5954//5954 5953//5953
f 5954//5954 5929//5929 3438//3438
f 5954//5954 3438//3438 3437//3437
f 5954//5954 3437//3437 3436//3436
f 5954//5954 3436//3436 5931//5931
f 5931//5931 5955//5955 5954//5954
f 5955//5955 5931//5931 3435//3435
f 5955//5955 3435//3435 3434//3434
f 5955//5955 3434//3434 5933//5933
f 5933//5933 5956//5956 5955//5955
f 5956//5956 5933//5933 3433//3433
f 5956//5956 3433//3433 3432//3432
f 5956//5956 3432//3432 3431//3431
f 5956//5956 3431//3431 5935//5935
f 5935//5935 5957//5957 5956//5956
f 5957//5957 5935//5935 3430//3430
f 5957//5957 3430//3430 3429//3429
f 5957//5957 3429//3429 3428//3428
f 5957//5957 3428//3428 3427//3427
f 5957//5957 3427//3427 3426//3426
f 5957//5957 3426//3426 5937//5937
f 5957//5957 5937//5937 5938//5938
f 5938//5938 5900//5900 5957//5957
f 5938//5938 5937//5937 3425//3425
f 5938//5938 3425//3425 3424//3424
f 5938//5938 3424//3424 3423//3423
f 5938//5938 3423//3423 3422//3422
f 3422//3422 3421//3421 3420//3420
f 3422//3422 3420//3420 3419//3419
f 3422//3422 3419//3419 3418//3418
f 3422//3422 3418//3418 3417//3417
f 3422//3422 3417//3417 3416//3416
f 3422//3422 3416//3416 5938//5938
f 5957//5957 5900//5900 3415//3415
f 5957//5957 3415//3415 3414//3414
f 5957//5957 3414//3414 3413//3413
f 5957//5957 3413//3413 5939//5939
f 5957//5957 5939//5939 5940//5940
f 5957//5957 5940//5940 5004//5004
f 5004//5004 5936//5936 5957//5957
f 5940//5940 5939//5939 3412//3412
f 5940//5940 3412//3412 3411//3411
f 3411//3411 3410//3410 5940//5940
f 5957//5957 5936//5936 5003//5003
f 5957//5957 5003//5003 5934//5934
f 5934//5934 5956//5956 5957//5957
f 5956//5956 5934//5934 5932//5932
f 5932//5932 5955//5955 5956//5956
f 5955//5955 5932//5932 5002//5002
f 5955//5955 5002//5002 5930//5930
f 5930//5930 5954//5954 5955//5955
f 5954//5954 5930//5930 5001//5001
f 5954//5954 5001//5001 5928//5928
f 5928//5928 5953//5953 5954//5954
f 5953//5953 5928//5928 5926//5926
f 5926//5926 5952//5952 5953//5953
f 5952//5952 5926//5926 5000//5000
f 5952//5952 5000//5000 5924//5924
f 5924//5924 5951//5951 5952//5952
f 5951//5951 5924//5924 4999//4999
f 5951//5951 4999//4999 5922//5922
f 5922//5922 5950//5950 5951//5951
f 5950//5950 5922//5922 4998//4998
f 5950//5950 4998//4998 5920//5920
f 5920//5920 5949//5949 5950//5950
f 5949//5949 5920//5920 4997//4997
f 5949//5949 4997//4997 4996//4996
f 5949//5949 4996//4996 5918//5918
f 5918//5918 5948//5948 5949//5949
f 5948//5948 5918//5918 4995//4995
f 5948//5948 4995//4995 5916//5916
f 5916//5916 5947//5947 5948//5948
f 5947//5947 5916//5916 5914//5914
f 5914//5914 5946//5946 5947//5947
f 5946//5946 5914//5914 4994//4994
f 5946//5946 4994//4994 5912//5912
f 5912//5912 5945//5945 5946//5946
f 5945//5945 5912//5912 5910//5910
f 5910//5910 5944//5944 5945//5945
f 5944//5944 5910//5910 5908//5908
f 5908//5908 5943//5943 5944//5944
f 5943//5943 5908//5908 4993//4993
f 5943//5943 4993//4993 5906//5906
f 5906//5906 5942//5942 5943//5943
f 5942//5942 5906//5906 4992//4992
f 5942//5942 4992//4992 5904//5904
f 5904//5904 5941//5941 5942//5942
f 5959//5959 5958//5958 5025//5025
f 5959//5959 5025//5025 5024//5024
f 5959//5959 5024//5024 5023//5023
f 5959//5959 5023//5023 5022//5022
f 5959//5959 5022//5022 5021//5021
f 5959//5959 5021//5021 5020//5020
f 5959//5959 5020//5020 5019//5019
f 5959//5959 5019//5019 5018//5018
f 5959//5959 5018//5018 5017//5017
f 5959//5959 5017//5017 5016//5016
f 5959//5959 5016//5016 5015//5015
f 5959//5959 5015//5015 5014//5014
f 5959//5959 5014//5014 5013//5013
f 5959//5959 5013//5013 5012//5012
f 5959//5959 5012//5012 5011//5011
f 5959//5959 5011//5011 5010//5010
f 5010//5010 5009//5009 5959//5959
f 5960//5960 5037//5037 5036//5036
f 5960//5960 5038//5038 5037//5037
f 5960//5960 5039//5039 5038//5038
f 5960//5960 5040//5040 5039//5039
f 5960//5960 5041//5041 5040//5040
f 5960//5960 5042//5042 5041//5041
f 5960//5960 5043//5043 5042//5042
f 5960//5960 5044//5044 5043//5043
f 5960//5960 5045//5045 5044//5044
f 5960//5960 5046//5046 5045//5045
f 5960//5960 5047//5047 5046//5046
f 5960//5960 5048//5048 5047//5047
f 5960//5960 5049//5049 5048//5048
f 5960//5960 5050//5050 5049//5049
f 5960//5960 5051//5051 5050//5050
f 5960//5960 5052//5052 5051//5051
f 5960//5960 5053//5053 5052//5052
f 5053//5053 5960//5960 5961//5961
f 5958//5958 5026//5026 5025//5025
f 5958//5958 5027//5027 5026//5026
f 5958//5958 5028//5028 5027//5027
f 5958//5958 5029//5029 5028//5028
f 5958//5958 5030//5030 5029//5029
f 5958//5958 5031//5031 5030//5030
f 5958//5958 5032//5032 5031//5031
f 5958//5958 5033//5033 5032//5032
f 5958//5958 5034//5034 5033//5033
f 5958//5958 5035//5035 5034//5034
f 5958//5958 5036//5036 5035//5035
f 5036//5036 5958//5958 5960//5960
f 5961//5961 5959//5959 5009//5009
f 5961//5961 5009//5009 5061//5061
f 5961//5961 5061//5061 5060//5060
f 5961//5961 5060//5060 5059//5059
f 5961//5961 5059//5059 5058//5058
f 5961//5961 5058//5058 5057//5057
f 5961//5961 5057//5057 5056//5056
f 5961//5961 5056//5056 5055//5055
f 5961//5961 5055//5055 5054//5054
f 5054//5054 5053//5053 5961//5961
f 5958//5958 5962//5962 5964//5964
f 5958//5958 5964//5964 5963//5963
f 5962//5962 5959//5959 5965//5965
f 5962//5962 5965//5965 5964//5964
f 5963//5963 5964//5964 5966//5966
f 5963//5963 5966//5966 5960//5960
f 5964//5964 5965//5965 5961//5961
f 5964//5964 5961//5961 5966//5966
f 5968//5968 5967//5967 5078//5078
f 5968//5968 5078//5078 5077//5077
f 5968//5968 5077//5077 5076//5076
f 5968//5968 5076//5076 5075//5075
f 5968//5968 5075//5075 5074//5074
f 5968//5968 5074//5074 5073//5073
f 5968//5968 5073//5073 5072//5072
f 5968//5968 5072//5072 5071//5071
f 5968//5968 5071//5071 5070//5070
f 5968//5968 5070//5070 5069//5069
f 5968//5968 5069//5069 5068//5068
f 5968//5968 5068//5068 5067//5067
f 5968//5968 5067//5067 5066//5066
f 5968//5968 5066//5066 5065//5065
f 5968//5968 5065//5065 5064//5064
f 5968//5968 5064//5064 5063//5063
f 5063//5063 5062//5062 5968//5968
f 5969//5969 5090//5090 5089//5089
f 5969//5969 5091//5091 5090//5090
f 5969//5969 5092//5092 5091//5091
f 5969//5969 5093//5093 5092//5092
f 5969//5969 5094//5094 5093//5093
f 5969//5969 5095//5095 5094//5094
f 5969//5969 5096//5096 5095//5095
f 5969//5969 5097//5097 5096//5096
f 5969//5969 5098//5098 5097//5097
f 5969//5969 5099//5099 5098//5098
f 5969//5969 5100//5100 5099//5099
f 5969//5969 5101//5101 5100//5100
f 5969//5969 5102//5102 5101//5101
f 5969//5969 5103//5103 5102//5102
f 5969//5969 5104//5104 5103//5103
f 5969//5969 5105//5105 5104//5104
f 5969//5969 5106//5106 5105//5105
f 5106//5106 5969//5969 5970//5970
f 5967//5967 5079//5079 5078//5078
f 5967//5967 5080//5080 5079//5079
f 5967//5967 5081//5081 5080//5080
f 5967//5967 5082//5082 5081//5081
f 5967//5967 5083//5083 5082//5082
f 5967//5967 5084//5084 5083//5083
f 5967//5967 5085//5085 5084//5084
f 5967//5967 5086//5086 5085//5085
f 5967//5967 5087//5087 5086//5086
f 5967//5967 5088//5088 5087//5087
f 5967//5967 5089//5089 5088//5088
f 5089//5089 5967//5967 5969//5969
f 5970//5970 5968//5968 5062//5062
f 5970//5970 5062//5062 5114//5114
f 5970//5970 5114//5114 5113//5113
f 5970//5970 5113//5113 5112//5112
f 5970//5970 5112//5112 5111//5111
f 5970//5970 5111//5111 5110//5110
f 5970//5970 5110//5110 5109//5109
f 5970//5970 5109//5109 5108//5108
f 5970//5970 5108//5108 5107//5107
f 5107//5107 5106//5106 5970//5970
f 5967//5967 5971//5971 5973//5973
f 5967//5967 5973//5973 5972//5972
f 5971//5971 5968//5968 5974//5974
f 5971//5971 5974//5974 5973//5973
f 5972//5972 5973//5973 5975//5975
f 5972//5972 5975//5975 5969//5969
f 5973//5973 5974//5974 5970//5970
f 5973//5973 5970//5970 5975//5975
o MirrorL
v 2.98 0.8 0.76
v 3.1 0.8 0.76
v 3.22 0.8 0.76
v 2.98 0.88 0.76
v 3.1 0.88 0.76
v 3.22 0.88 0.76
v 2.98 0.96 0.76
v 3.1 0.96 0.76
v 3.22 0.96 0.76
v 2.98 0.8 0.9
v 3.1 0.8 0.9
v 3.22 0.8 0.9
v 2.98 0.88 0.9
v 3.1 0.88 0.9
v 3.22 0.88 0.9
v 2.98 0.96 0.9
v 3.1 0.96 0.9
v 3.22 0.96 0.9
v 2.98 0.8 0.83
v 3.1 0.8 0.83
v 3.22 0.8 0.83
v 2.98 0.96 0.83
v 3.1 0.96 0.83
v 3.22 0.96 0.83
v 2.98 0.88 0.83
v 3.22 0.88 0.83
vn -0.57735 -0.57735 -0.57735
vn 0 -0.707107 -0.707107
vn 0.57735 -0.57735 -0.57735
vn -0.707107 -0 -0.707107
vn -0 -0 -1
vn 0.707107 0 -0.707107
vn -0.57735 0.57735 -0.57735
vn -0 0.707107 -0.707107
vn 0.57735 0.57735 -0.57735
vn -0.57735 -0.57735 0.57735
vn 0 -0.707107 0.707107
vn 0.57735 -0.57735 0.57735
vn -0.707107 0 0.707107
vn 0 0 1
vn 0.707107 0 0.707107
vn -0.57735 0.57735 0.57735
vn 0 0.707107 0.707107
vn 0.57735 0.57735 0.57735
vn -0.707107 -0.707107 0
vn 0 -1 0
vn 0.707107 -0.707107 0
vn -0.707107 0.707107 -0
vn -0 1 -0
vn 0.707107 0.707107 0
vn -1 0 -0
vn 1 -0 0
g MirrorL_pearl
usemtl pearl
f 5976//5976 5980//5980 5977//5977
f 5976//5976 5979//5979 5980//5980
f 5977//5977 5981//5981 5978//5978
f 5977//5977 5980//5980 5981//5981
f 5979//5979 5983//5983 5980//5980
f 5979//5979 5982//5982 5983//5983
f 5980//5980 5984//5984 5981//5981
f 5980//5980 5983//5983 5984//5984
f 5985//5985 5986//5986 5989//5989
f 5985//5985 5989//5989 5988//5988
f 5986//5986 5987//5987 5990//5990
f 5986//5986 5990//5990 5989//5989
f 5988//5988 5989//5989 5992//5992
f 5988//5988 5992//5992 5991//5991
f 5989//5989 5990//5990 5993//5993
f 5989//5989 5993//5993 5992//5992
f 5976//5976 5977//5977 5995//5995
f 5976//5976 5995//5995 5994//5994
f 5977//5977 5978//5978 5996//5996
f 5977//5977 5996//5996 5995//5995
f 5994//5994 5995//5995 5986//5986
f 5994//5994 5986//5986 5985//5985
f 5995//5995 5996//5996 5987//5987
f 5995//5995 5987//5987 5986//5986
f 5982//5982 5998//5998 5983//5983
f 5982//5982 5997//5997 5998//5998
f 5983//5983 5999//5999 5984//5984
f 5983//5983 5998//5998 5999//5999
f 5997//5997 5992//5992 5998//5998
f 5997//5997 5991//5991 5992//5992
f 5998//5998 5993//5993 5999//5999
f 5998//5998 5992//5992 5993//5993
f 5976//5976 6000//6000 5979//5979
f 5976//5976 5994//5994 6000//6000
f 5979//5979 5997//5997 5982//5982
f 5979//5979 6000//6000 5997//5997
f 5994//5994 5988//5988 6000//6000
f 5994//5994 5985//5985 5988//5988
f 6000//6000 5991//5991 5997//5997
f 6000//6000 5988//5988 5991//5991
f 5978//5978 5981//5981 6001//6001
f 5978//5978 6001//6001 5996//5996
f 5981//5981 5984//5984 5999//5999
f 5981//5981 5999//5999 6001//6001
f 5996//5996 6001//6001 5990//5990
f 5996//5996 5990//5990 5987//5987
f 6001//6001 5999//5999 5993//5993
f 6001//6001 5993//5993 5990//5990
o MirrorR
v 2.98 -0.96 0.76
v 3.1 -0.96 0.76
v 3.22 -0.96 0.76
v 2.98 -0.88 0.76
v 3.1 -0.88 0.76
v 3.22 -0.88 0.76
v 2.98 -0.8 0.76
v 3.1 -0.8 0.76
v 3.22 -0.8 0.76
v 2.98 -0.96 0.9
v 3.1 -0.96 0.9
v 3.22 -0.96 0.9
v 2.98 -0.88 0.9
v 3.1 -0.88 0.9
v 3.22 -0.88 0.9
v 2.98 -0.8 0.9
v 3.1 -0.8 0.9
v 3.22 -0.8 0.9
v 2.98 -0.96 0.83
v 3.1 -0.96 0.83
v 3.22 -0.96 0.83
v 2.98 -0.8 0.83
v 3.1 -0.8 0.83
v 3.22 -0.8 0.83
v 2.98 -0.88 0.83
v 3.22 -0.88 0.83
vn -0.57735 -0.57735 -0.57735
vn 0 -0.707107 -0.707107
vn 0.57735 -0.57735 -0.57735
vn -0.707107 -0 -0.707107
vn -0 -0 -1
vn 0.707107 0 -0.707107
vn -0.57735 0.57735 -0.57735
vn -0 0.707107 -0.707107
vn 0.57735 0.57735 -0.57735
vn -0.57735 -0.57735 0.57735
vn 0 -0.707107 0.707107
vn 0.57735 -0.57735 0.57735
vn -0.707107 0 0.707107
vn 0 0 1
vn 0.707107 0 0.707107
vn -0.57735 0.57735 0.57735
vn 0 0.707107 0.707107
vn 0.57735 0.57735 0.57735
vn -0.707107 -0.707107 0
vn 0 -1 0
vn 0.707107 -0.707107 0
vn -0.707107 0.707107 -0
vn -0 1 -0
vn 0.707107 0.707107 0
vn -1 0 -0
vn 1 -0 0
g MirrorR_pearl
usemtl pearl
f 6002//6002 6006//6006 6003//6003
f 6002//6002 6005//6005 6006//6006
f 6003//6003 6007//6007 6004//6004
f 6003//6003 6006//6006 6007//6007
f 6005//6005 6009//6009 6006//6006
f 6005//6005 6008//6008 6009//6009
f 6006//6006 6010//6010 6007//6007
f 6006//6006 6009//6009 6010//6010
f 6011//6011 6012//6012 6015//6015
f 6011//6011 6015//6015 6014//6014
f 6012//6012 6013//6013 6016//6016
f 6012//6012 6016//6016 6015//6015
f 6014//6014 6015//6015 6018//6018
f 6014//6014 6018//6018 6017//6017
f 6015//6015 6016//6016 6019//6019
f 6015//6015 6019//6019 6018//6018
f 6002//6002 6003//6003 6021//6021
f 6002//6002 6021//6021 6020//6020
f 6003//6003 6004//6004 6022//6022
f 6003//6003 6022//6022 6021//6021
f 6020//6020 6021//6021 6012//6012
f 6020//6020 6012//6012 6011//6011
f 6021//6021 6022//6022 6013//6013
f 6021//6021 6013//6013 6012//6012
f 6008//6008 6024//6024 6009//6009
f 6008//6008 6023//6023 6024//6024
f 6009//6009 6025//6025 6010//6010
f 6009//6009 6024//6024 6025//6025
f 6023//6023 6018//6018 6024//6024
f 6023//6023 6017//6017 6018//6018
f 6024//6024 6019//6019 6025//6025
f 6024//6024 6018//6018 6019//6019
f 6002//6002 6026//6026 6005//6005
f 6002//6002 6020//6020 6026//6026
f 6005//6005 6023//6023 6008//6008
f 6005//6005 6026//6026 6023//6023
f 6020//6020 6014//6014 6026//6026
f 6020//6020 6011//6011 6014//6014
f 6026//6026 6017//6017 6023//6023
f 6026//6026 6014//6014 6017//6017
f 6004//6004 6007//6007 6027//6027
f 6004//6004 6027//6027 6022//6022
f 6007//6007 6010//6010 6025//6025
f 6007//6007 6025//6025 6027//6027
f 6022//6022 6027//6027 6016//6016
f 6022//6022 6016//6016 6013//6013
f 6027//6027 6025//6025 6019//6019
f 6027//6027 6019//6019 6016//6016
o PipeR
v -0.02 -0.335 0.2
v -0.02 -0.335751 0.208188
v -0.02 -0.33816 0.216564
v -0.02 -0.342335 0.224624
v -0.02 -0.34818 0.23182
v -0.02 -0.355376 0.237665
v -0.02 -0.363436 0.24184
v -0.02 -0.371812 0.244249
v -0.02 -0.38 0.245
v -0.02 -0.388188 0.244249
v -0.02 -0.396564 0.24184
v -0.02 -0.404624 0.237665
v -0.02 -0.41182 0.23182
v -0.02 -0.417665 0.224624
v -0.02 -0.42184 0.216564
v -0.02 -0.424249 0.208188
v -0.02 -0.425 0.2
v -0.02 -0.424249 0.191812
v -0.02 -0.42184 0.183436
v -0.02 -0.417665 0.175376
v -0.02 -0.41182 0.16818
v -0.02 -0.404624 0.162335
v -0.02 -0.396564 0.15816
v -0.02 -0.388188 0.155751
v -0.02 -0.38 0.155
v -0.02 -0.371812 0.155751
v -0.02 -0.363436 0.15816
v -0.02 -0.355376 0.162335
v -0.02 -0.34818 0.16818
v -0.02 -0.342335 0.175376
v -0.02 -0.33816 0.183436
v -0.02 -0.335751 0.191812
v 0.105 -0.335 0.2
v 0.105 -0.335751 0.208188
v 0.105 -0.33816 0.216564
v 0.105 -0.342335 0.224624
v 0.105 -0.34818 0.23182
v 0.105 -0.355376 0.237665
v 0.105 -0.363436 0.24184
v 0.105 -0.371812 0.244249
v 0.105 -0.38 0.245
v 0.105 -0.388188 0.244249
v 0.105 -0.396564 0.24184
v 0.105 -0.404624 0.237665
v 0.105 -0.41182 0.23182
v 0.105 -0.417665 0.224624
v 0.105 -0.42184 0.216564
v 0.105 -0.424249 0.208188
v 0.105 -0.425 0.2
v 0.105 -0.424249 0.191812
v 0.105 -0.42184 0.183436
v 0.105 -0.417665 0.175376
v 0.105 -0.41182 0.16818
v 0.105 -0.404624 0.162335
v 0.105 -0.396564 0.15816
v 0.105 -0.388188 0.155751
v 0.105 -0.38 0.155
v 0.105 -0.371812 0.155751
v 0.105 -0.363436 0.15816
v 0.105 -0.355376 0.162335
v 0.105 -0.34818 0.16818
v 0.105 -0.342335 0.175376
v 0.105 -0.33816 0.183436
v 0.105 -0.335751 0.191812
v 0.23 -0.335 0.2
v 0.23 -0.335751 0.208188
v 0.23 -0.33816 0.216564
v 0.23 -0.342335 0.224624
v 0.23 -0.34818 0.23182
v 0.23 -0.355376 0.237665
v 0.23 -0.363436 0.24184
v 0.23 -0.371812 0.244249
v 0.23 -0.38 0.245
v 0.23 -0.388188 0.244249
v 0.23 -0.396564 0.24184
v 0.23 -0.404624 0.237665
v 0.23 -0.41182 0.23182
v 0.23 -0.417665 0.224624
v 0.23 -0.42184 0.216564
v 0.23 -0.424249 0.208188
v 0.23 -0.425 0.2
v 0.23 -0.424249 0.191812
v 0.23 -0.42184 0.183436
v 0.23 -0.417665 0.175376
v 0.23 -0.41182 0.16818
v 0.23 -0.404624 0.162335
v 0.23 -0.396564 0.15816
v 0.23 -0.388188 0.155751
v 0.23 -0.38 0.155
v 0.23 -0.371812 0.155751
v 0.23 -0.363436 0.15816
v 0.23 -0.355376 0.162335
v 0.23 -0.34818 0.16818
v 0.23 -0.342335 0.175376
v 0.23 -0.33816 0.183436
v 0.23 -0.335751 0.191812
v -0.02 -0.335182 0.195957
v -0.02 -0.336737 0.187618
v -0.02 -0.339038 0.18137
v -0.02 -0.340027 0.179332
v -0.02 -0.341127 0.177331
v -0.02 -0.343649 0.173475
v -0.02 -0.345064 0.171637
v -0.02 -0.346576 0.169869
v -0.02 -0.349869 0.166576
v -0.02 -0.351637 0.165064
v -0.02 -0.353475 0.163649
v -0.02 -0.357331 0.161127
v -0.02 -0.359332 0.160027
v -0.02 -0.36137 0.159038
v -0.02 -0.367618 0.156737
v -0.02 -0.375957 0.155182
v -0.02 -0.384043 0.155182
v -0.02 -0.392382 0.156737
v -0.02 -0.39863 0.159038
v -0.02 -0.400668 0.160027
v -0.02 -0.402669 0.161127
v -0.02 -0.406525 0.163649
v -0.02 -0.408363 0.165064
v -0.02 -0.410131 0.166576
v -0.02 -0.413424 0.169869
v -0.02 -0.414936 0.171637
v -0.02 -0.416351 0.173475
v -0.02 -0.418873 0.177331
v -0.02 -0.419973 0.179332
v -0.02 -0.420962 0.18137
v -0.02 -0.423263 0.187618
v -0.02 -0.424818 0.195957
v -0.02 -0.424818 0.204043
v -0.02 -0.423263 0.212382
v -0.02 -0.420962 0.21863
v -0.02 -0.419973 0.220668
v -0.02 -0.418873 0.222669
v -0.02 -0.416351 0.226525
v -0.02 -0.414936 0.228363
v -0.02 -0.413424 0.230131
v -0.02 -0.410131 0.233424
v -0.02 -0.408363 0.234936
v -0.02 -0.406525 0.236351
v -0.02 -0.402669 0.238873
v -0.02 -0.400668 0.239973
v -0.02 -0.39863 0.240962
v -0.02 -0.392382 0.243263
v -0.02 -0.384043 0.244818
v -0.02 -0.375957 0.244818
v -0.02 -0.367618 0.243263
v -0.02 -0.36137 0.240962
v -0.02 -0.359332 0.239973
v -0.02 -0.357331 0.238873
v -0.02 -0.353475 0.236351
v -0.02 -0.351637 0.234936
v -0.02 -0.349869 0.233424
v -0.02 -0.346576 0.230131
v -0.02 -0.345064 0.228363
v -0.02 -0.343649 0.226525
v -0.02 -0.341127 0.222669
v -0.02 -0.340027 0.220668
v -0.02 -0.339038 0.21863
v -0.02 -0.336737 0.212382
v -0.02 -0.335182 0.204043
v 0.23 -0.335182 0.204043
v 0.23 -0.336737 0.212382
v 0.23 -0.339038 0.21863
v 0.23 -0.340027 0.220668
v 0.23 -0.341127 0.222669
v 0.23 -0.343649 0.226525
v 0.23 -0.345064 0.228363
v 0.23 -0.346576 0.230131
v 0.23 -0.349869 0.233424
v 0.23 -0.351637 0.234936
v 0.23 -0.353475 0.236351
v 0.23 -0.357331 0.238873
v 0.23 -0.359332 0.239973
v 0.23 -0.36137 0.240962
v 0.23 -0.367618 0.243263
v 0.23 -0.375957 0.244818
v 0.23 -0.384043 0.244818
v 0.23 -0.392382 0.243263
v 0.23 -0.39863 0.240962
v 0.23 -0.400668 0.239973
v 0.23 -0.402669 0.238873
v 0.23 -0.406525 0.236351
v 0.23 -0.408363 0.234936
v 0.23 -0.410131 0.233424
v 0.23 -0.413424 0.230131
v 0.23 -0.414936 0.228363
v 0.23 -0.416351 0.226525
v 0.23 -0.418873 0.222669
v 0.23 -0.419973 0.220668
v 0.23 -0.420962 0.21863
v 0.23 -0.423263 0.212382
v 0.23 -0.424818 0.204043
v 0.23 -0.424818 0.195957
v 0.23 -0.423263 0.187618
v 0.23 -0.420962 0.18137
v 0.23 -0.419973 0.179332
v 0.23 -0.418873 0.177331
v 0.23 -0.416351 0.173475
v 0.23 -0.414936 0.171637
v 0.23 -0.413424 0.169869
v 0.23 -0.410131 0.166576
v 0.23 -0.408363 0.165064
v 0.23 -0.406525 0.163649
v 0.23 -0.402669 0.161127
v 0.23 -0.400668 0.160027
v 0.23 -0.39863 0.159038
v 0.23 -0.392382 0.156737
v 0.23 -0.384043 0.155182
v 0.23 -0.375957 0.155182
v 0.23 -0.367618 0.156737
v 0.23 -0.36137 0.159038
v 0.23 -0.359332 0.160027
v 0.23 -0.357331 0.161127
v 0.23 -0.353475 0.163649
v 0.23 -0.351637 0.165064
v 0.23 -0.349869 0.166576
v 0.23 -0.346576 0.169869
v 0.23 -0.345064 0.171637
v 0.23 -0.343649 0.173475
v 0.23 -0.341127 0.177331
v 0.23 -0.340027 0.179332
v 0.23 -0.339038 0.18137
v 0.23 -0.336737 0.187618
v 0.23 -0.335182 0.195957
vn -0.447214 0.894427 -8.81973e-32
vn -0.707107 0.695302 0.128667
vn -0.707107 0.65746 0.260282
vn -0.707107 0.591845 0.386936
vn -0.707107 0.5 0.5
vn -0.707107 0.386936 0.591845
vn -0.707107 0.260282 0.65746
vn -0.707107 0.128667 0.695302
vn -0.707107 -3.08395e-16 0.707107
vn -0.707107 -0.128667 0.695302
vn -0.707107 -0.260282 0.65746
vn -0.707107 -0.386936 0.591845
vn -0.707107 -0.5 0.5
vn -0.707107 -0.591845 0.386936
vn -0.707107 -0.65746 0.260282
vn -0.707107 -0.695302 0.128667
vn -0.707107 -0.707107 0
vn -0.707107 -0.695302 -0.128667
vn -0.707107 -0.65746 -0.260282
vn -0.707107 -0.591845 -0.386936
vn -0.707107 -0.5 -0.5
vn -0.707107 -0.386936 -0.591845
vn -0.707107 -0.260282 -0.65746
vn -0.707107 -0.128667 -0.695302
vn -0.707107 -1.75654e-17 -0.707107
vn -0.707107 0.128667 -0.695302
vn -0.707107 0.260282 -0.65746
vn -0.707107 0.386936 -0.591845
vn -0.707107 0.5 -0.5
vn -0.707107 0.591845 -0.386936
vn -0.707107 0.65746 -0.260282
vn -0.707107 0.695302 -0.128667
vn -0 1 4.36137e-16
vn -0 0.983305 0.181963
vn -0 0.929788 0.368095
vn -0 0.836996 0.54721
vn -0 0.707107 0.707107
vn -0 0.54721 0.836996
vn -0 0.368095 0.929788
vn -0 0.181963 0.983305
vn 0 -4.36137e-16 1
vn 0 -0.181963 0.983305
vn 0 -0.368095 0.929788
vn 0 -0.54721 0.836996
vn 0 -0.707107 0.707107
vn 0 -0.836996 0.54721
vn 0 -0.929788 0.368095
vn 0 -0.983305 0.181963
vn 0 -1 -0
vn 0 -0.983305 -0.181963
vn 0 -0.929788 -0.368095
vn 0 -0.836996 -0.54721
vn 0 -0.707107 -0.707107
vn 0 -0.54721 -0.836996
vn 0 -0.368095 -0.929788
vn 0 -0.181963 -0.983305
vn 0 2.18068e-16 -1
vn 0 0.181963 -0.983305
vn 0 0.368095 -0.929788
vn 0 0.54721 -0.836996
vn 0 0.707107 -0.707107
vn 0 0.836996 -0.54721
vn 0 0.929788 -0.368095
vn 0 0.983305 -0.181963
vn 0.447214 0.894427 -8.81973e-32
vn 0.707107 0.695302 0.128667
vn 0.707107 0.65746 0.260282
vn 0.707107 0.591845 0.386936
vn 0.707107 0.5 0.5
vn 0.707107 0.386936 0.591845
vn 0.707107 0.260282 0.65746
vn 0.707107 0.128667 0.695302
vn 0.707107 -3.08395e-16 0.707107
vn 0.707107 -0.128667 0.695302
vn 0.707107 -0.260282 0.65746
vn 0.707107 -0.386936 0.591845
vn 0.707107 -0.5 0.5
vn 0.707107 -0.591845 0.386936
vn 0.707107 -0.65746 0.260282
vn 0.707107 -0.695302 0.128667
vn 0.707107 -0.707107 0
vn 0.707107 -0.695302 -0.128667
vn 0.707107 -0.65746 -0.260282
vn 0.707107 -0.591845 -0.386936
vn 0.707107 -0.5 -0.5
vn 0.707107 -0.386936 -0.591845
vn 0.707107 -0.260282 -0.65746
vn 0.707107 -0.128667 -0.695302
vn 0.707107 1.46019e-16 -0.707107
vn 0.707107 0.128667 -0.695302
vn 0.707107 0.260282 -0.65746
vn 0.707107 0.386936 -0.591845
vn 0.707107 0.5 -0.5
vn 0.707107 0.591845 -0.386936
vn 0.707107 0.65746 -0.260282
vn 0.707107 0.695302 -0.128667
vn -1 1.77636e-17 0
vn -1 8.88178e-18 0
vn -1 4.996e-18 0
vn -1 -1.94289e-18 0
vn -1 3.16414e-17 0
vn -1 -1.58207e-17 0
vn -1 -1.38778e-17 0
vn -1 -1.58207e-17 0
vn -1 2.498e-18 0
vn -1 2.72005e-17 0
vn -1 2.498e-18 0
vn -1 9.71445e-19 0
vn -1 1.58207e-17 0
vn -1 1.55431e-17 0
vn -1 -2.54657e-17 0
vn -1 -1.74166e-17 0
vn -1 -2.84495e-18 0
vn -1 1.0339e-17 0
vn -1 1.70697e-17 0
vn -1 -6.93889e-19 0
vn -1 0 0
vn -1 1.58207e-17 0
vn -1 0 0
vn -1 1.94289e-18 0
vn -1 2.27596e-17 0
vn -1 -8.88178e-18 0
vn -1 -1.58207e-17 0
vn -1 -1.58207e-17 0
vn -1 -8.88178e-18 0
vn -1 3.16414e-17 0
vn -1 1.77636e-17 0
vn -1 0 0
vn -1 3.16414e-17 0
vn -1 1.77636e-17 0
vn -1 1.77636e-17 0
vn -1 0 0
vn -1 1.77636e-17 0
vn -1 1.77636e-17 0
vn -1 -2.77556e-17 0
vn -1 -2.77556e-17 0
vn -1 0 0
vn -1 0 0
vn -1 0 0
vn -1 0 0
vn -1 0 0
vn -1 0 0
vn -1 3.55271e-17 0
vn -1 0 0
vn -1 0 0
vn -1 3.55271e-17 0
vn -1 0 0
vn -1 0 0
vn -1 0 0
vn -1 0 0
vn -1 0 0
vn -1 0 0
vn -1 0 0
vn -1 -2.77556e-17 0
vn -1 0 0
vn -1 1.77636e-17 0
vn -1 0 0
vn -1 1.77636e-17 0
vn -1 1.77636e-17 0
vn -1 0 0
vn 1 -2.04281e-16 0
vn 1 2.22045e-16 -0
vn 1 -4.26326e-16 0
vn 1 2.22045e-16 -0
vn 1 -4.26326e-16 0
vn 1 -4.26326e-16 0
vn 1 2.22045e-16 -0
vn 1 -2.22045e-16 0
vn 1 0 0
vn 1 -2.22045e-16 0
vn 1 0 0
vn 1 0 0
vn 1 0 0
vn 1 0 0
vn 1 -4.08562e-16 0
vn 1 0 0
vn 1 0 0
vn 1 -4.08562e-16 0
vn 1 0 0
vn 1 0 0
vn 1 0 0
vn 1 0 0
vn 1 -2.22045e-16 0
vn 1 0 0
vn 1 -2.22045e-16 0
vn 1 -0 0
vn 1 -4.26326e-16 0
vn 1 -0 0
vn 1 2.22045e-16 -0
vn 1 0 0
vn 1 2.22045e-16 -0
vn 1 -2.22045e-16 0
vn 1 0 0
vn 1 -3.24185e-16 0
vn 1 -2.22045e-16 0
vn 1 -8.88178e-18 0
vn 1 -2.22045e-16 0
vn 1 -2.22045e-16 0
vn 1 -2.59792e-16 0
vn 1 8.88178e-18 -0
vn 1 -4.26326e-16 0
vn 1 -2.59792e-16 0
vn 1 -2.04281e-16 0
vn 1 -4.66294e-17 0
vn 1 -1.83187e-16 0
vn 1 -1.96509e-16 0
vn 1 -2.33147e-17 0
vn 1 7.77156e-18 -0
vn 1 5.4956e-17 -0
vn 1 -2.33147e-17 0
vn 1 1.78746e-16 -0
vn 1 -1.83187e-16 0
vn 1 -1.33227e-17 0
vn 1 1.66533e-16 -0
vn 1 -2.59792e-16 0
vn 1 -2.73115e-16 0
vn 1 1.15463e-16 -0
vn 1 6.43929e-17 -0
vn 1 -2.22045e-16 0
vn 1 -4.26326e-16 0
vn 1 -8.88178e-18 0
vn 1 -3.24185e-16 0
vn 1 -2.04281e-16 0
vn 1 -4.26326e-16 0
g PipeR_steel
usemtl steel
f 6028//6028 6029//6029 6061//6061
f 6028//6028 6061//6061 6060//6060
f 6029//6029 6030//6030 6062//6062
f 6029//6029 6062//6062 6061//6061
f 6030//6030 6031//6031 6063//6063
f 6030//6030 6063//6063 6062//6062
f 6031//6031 6032//6032 6064//6064
f 6031//6031 6064//6064 6063//6063
f 6032//6032 6033//6033 6065//6065
f 6032//6032 6065//6065 6064//6064
f 6033//6033 6034//6034 6066//6066
f 6033//6033 6066//6066 6065//6065
f 6034//6034 6035//6035 6067//6067
f 6034//6034 6067//6067 6066//6066
f 6035//6035 6036//6036 6068//6068
f 6035//6035 6068//6068 6067//6067
f 6036//6036 6037//6037 6069//6069
f 6036//6036 6069//6069 6068//6068
f 6037//6037 6038//6038 6070//6070
f 6037//6037 6070//6070 6069//6069
f 6038//6038 6039//6039 6071//6071
f 6038//6038 6071//6071 6070//6070
f 6039//6039 6040//6040 6072//6072
f 6039//6039 6072//6072 6071//6071
f 6040//6040 6041//6041 6073//6073
f 6040//6040 6073//6073 6072//6072
f 6041//6041 6042//6042 6074//6074
f 6041//6041 6074//6074 6073//6073
f 6042//6042 6043//6043 6075//6075
f 6042//6042 6075//6075 6074//6074
f 6043//6043 6044//6044 6076//6076
f 6043//6043 6076//6076 6075//6075
f 6044//6044 6045//6045 6077//6077
f 6044//6044 6077//6077 6076//6076
f 6045//6045 6046//6046 6078//6078
f 6045//6045 6078//6078 6077//6077
f 6046//6046 6047//6047 6079//6079
f 6046//6046 6079//6079 6078//6078
f 6047//6047 6048//6048 6080//6080
f 6047//6047 6080//6080 6079//6079
f 6048//6048 6049//6049 6081//6081
f 6048//6048 6081//6081 6080//6080
f 6049//6049 6050//6050 6082//6082
f 6049//6049 6082//6082 6081//6081
f 6050//6050 6051//6051 6083//6083
f 6050//6050 6083//6083 6082//6082
f 6051//6051 6052//6052 6084//6084
f 6051//6051 6084//6084 6083//6083
f 6052//6052 6053//6053 6085//6085
f 6052//6052 6085//6085 6084//6084
f 6053//6053 6054//6054 6086//6086
f 6053//6053 6086//6086 6085//6085
f 6054//6054 6055//6055 6087//6087
f 6054//6054 6087//6087 6086//6086
f 6055//6055 6056//6056 6088//6088
f 6055//6055 6088//6088 6087//6087
f 6056//6056 6057//6057 6089//6089
f 6056//6056 6089//6089 6088//6088
f 6057//6057 6058//6058 6090//6090
f 6057//6057 6090//6090 6089//6089
f 6058//6058 6059//6059 6091//6091
f 6058//6058 6091//6091 6090//6090
f 6059//6059 6028//6028 6060//6060
f 6059//6059 6060//6060 6091//6091
f 6060//6060 6061//6061 6093//6093
f 6060//6060 6093//6093 6092//6092
f 6061//6061 6062//6062 6094//6094
f 6061//6061 6094//6094 6093//6093
f 6062//6062 6063//6063 6095//6095
f 6062//6062 6095//6095 6094//6094
f 6063//6063 6064//6064 6096//6096
f 6063//6063 6096//6096 6095//6095
f 6064//6064 6065//6065 6097//6097
f 6064//6064 6097//6097 6096//6096
f 6065//6065 6066//6066 6098//6098
f 6065//6065 6098//6098 6097//6097
f 6066//6066 6067//6067 6099//6099
f 6066//6066 6099//6099 6098//6098
f 6067//6067 6068//6068 6100//6100
f 6067//6067 6100//6100 6099//6099
f 6068//6068 6069//6069 6101//6101
f 6068//6068 6101//6101 6100//6100
f 6069//6069 6070//6070 6102//6102
f 6069//6069 6102//6102 6101//6101
f 6070//6070 6071//6071 6103//6103
f 6070//6070 6103//6103 6102//6102
f 6071//6071 6072//6072 6104//6104
f 6071//6071 6104//6104 6103//6103
f 6072//6072 6073//6073 6105//6105
f 6072//6072 6105//6105 6104//6104
f 6073//6073 6074//6074 6106//6106
f 6073//6073 6106//6106 6105//6105
f 6074//6074 6075//6075 6107//6107
f 6074//6074 6107//6107 6106//6106
f 6075//6075 6076//6076 6108//6108
f 6075//6075 6108//6108 6107//6107
f 6076//6076 6077//6077 6109//6109
f 6076//6076 6109//6109 6108//6108
f 6077//6077 6078//6078 6110//6110
f 6077//6077 6110//6110 6109//6109
f 6078//6078 6079//6079 6111//6111
f 6078//6078 6111//6111 6110//6110
f 6079//6079 6080//6080 6112//6112
f 6079//6079 6112//6112 6111//6111
f 6080//6080 6081//6081 6113//6113
f 6080//6080 6113//6113 6112//6112
f 6081//6081 6082//6082 6114//6114
f 6081//6081 6114//6114 6113//6113
f 6082//6082 6083//6083 6115//6115
f 6082//6082 6115//6115 6114//6114
f 6083//6083 6084//6084 6116//6116
f 6083//6083 6116//6116 6115//6115
f 6084//6084 6085//6085 6117//6117
f 6084//6084 6117//6117 6116//6116
f 6085//6085 6086//6086 6118//6118
f 6085//6085 6118//6118 6117//6117
f 6086//6086 6087//6087 6119//6119
f 6086//6086 6119//6119 6118//6118
f 6087//6087 6088//6088 6120//6120
f 6087//6087 6120//6120 6119//6119
f 6088//6088 6089//6089 6121//6121
f 6088//6088 6121//6121 6120//6120
f 6089//6089 6090//6090 6122//6122
f 6089//6089 6122//6122 6121//6121
f 6090//6090 6091//6091 6123//6123
f 6090//6090 6123//6123 6122//6122
f 6091//6091 6060//6060 6092//6092
f 6091//6091 6092//6092 6123//6123
f 6187//6187 6028//6028 6124//6124
f 6187//6187 6124//6124 6059//6059
f 6187//6187 6059//6059 6125//6125
f 6187//6187 6125//6125 6058//6058
f 6187//6187 6058//6058 6126//6126
f 6187//6187 6126//6126 6127//6127
f 6187//6187 6127//6127 6128//6128
f 6187//6187 6128//6128 6057//6057
f 6187//6187 6057//6057 6129//6129
f 6187//6187 6129//6129 6130//6130
f 6187//6187 6130//6130 6131//6131
f 6187//6187 6131//6131 6056//6056
f 6187//6187 6056//6056 6132//6132
f 6187//6187 6132//6132 6133//6133
f 6187//6187 6133//6133 6134//6134
f 6187//6187 6134//6134 6055//6055
f 6187//6187 6055//6055 6135//6135
f 6187//6187 6135//6135 6136//6136
f 6187//6187 6136//6136 6137//6137
f 6187//6187 6137//6137 6054//6054
f 6187//6187 6054//6054 6138//6138
f 6187//6187 6138//6138 6053//6053
f 6187//6187 6053//6053 6139//6139
f 6187//6187 6139//6139 6052//6052
f 6187//6187 6052//6052 6140//6140
f 6187//6187 6140//6140 6051//6051
f 6187//6187 6051//6051 6141//6141
f 6187//6187 6141//6141 6050//6050
f 6187//6187 6050//6050 6142//6142
f 6187//6187 6142//6142 6143//6143
f 6187//6187 6143//6143 6144//6144
f 6187//6187 6144//6144 6049//6049
f 6187//6187 6049//6049 6145//6145
f 6187//6187 6145//6145 6146//6146
f 6187//6187 6146//6146 6147//6147
f 6187//6187 6147//6147 6048//6048
f 6187//6187 6048//6048 6148//6148
f 6187//6187 6148//6148 6149//6149
f 6187//6187 6149//6149 6150//6150
f 6187//6187 6150//6150 6047//6047
f 6187//6187 6047//6047 6151//6151
f 6187//6187 6151//6151 6152//6152
f 6187//6187 6152//6152 6153//6153
f 6187//6187 6153//6153 6046//6046
f 6187//6187 6046//6046 6154//6154
f 6187//6187 6154//6154 6045//6045
f 6187//6187 6045//6045 6155//6155
f 6187//6187 6155//6155 6044//6044
f 6187//6187 6044//6044 6156//6156
f 6187//6187 6156//6156 6043//6043
f 6187//6187 6043//6043 6157//6157
f 6187//6187 6157//6157 6042//6042
f 6187//6187 6042//6042 6158//6158
f 6187//6187 6158//6158 6159//6159
f 6187//6187 6159//6159 6160//6160
f 6187//6187 6160//6160 6041//6041
f 6187//6187 6041//6041 6161//6161
f 6187//6187 6161//6161 6162//6162
f 6187//6187 6162//6162 6163//6163
f 6187//6187 6163//6163 6040//6040
f 6187//6187 6040//6040 6164//6164
f 6187//6187 6164//6164 6165//6165
f 6187//6187 6165//6165 6166//6166
f 6187//6187 6166//6166 6039//6039
f 6187//6187 6039//6039 6167//6167
f 6187//6187 6167//6167 6168//6168
f 6187//6187 6168//6168 6169//6169
f 6187//6187 6169//6169 6038//6038
f 6187//6187 6038//6038 6170//6170
f 6187//6187 6170//6170 6037//6037
f 6187//6187 6037//6037 6171//6171
f 6187//6187 6171//6171 6036//6036
f 6187//6187 6036//6036 6172//6172
f 6187//6187 6172//6172 6035//6035
f 6187//6187 6035//6035 6173//6173
f 6187//6187 6173//6173 6034//6034
f 6187//6187 6034//6034 6174//6174
f 6187//6187 6174//6174 6175//6175
f 6187//6187 6175//6175 6176//6176
f 6187//6187 6176//6176 6033//6033
f 6187//6187 6033//6033 6177//6177
f 6187//6187 6177//6177 6178//6178
f 6187//6187 6178//6178 6179//6179
f 6187//6187 6179//6179 6032//6032
f 6187//6187 6032//6032 6180//6180
f 6187//6187 6180//6180 6181//6181
f 6187//6187 6181//6181 6182//6182
f 6187//6187 6182//6182 6031//6031
f 6187//6187 6031//6031 6183//6183
f 6187//6187 6183//6183 6184//6184
f 6187//6187 6184//6184 6185//6185
f 6187//6187 6185//6185 6030//6030
f 6187//6187 6030//6030 6186//6186
f 6186//6186 6029//6029 6187//6187
f 6251//6251 6092//6092 6188//6188
f 6251//6251 6188//6188 6093//6093
f 6251//6251 6093//6093 6189//6189
f 6251//6251 6189//6189 6094//6094
f 6251//6251 6094//6094 6190//6190
f 6251//6251 6190//6190 6191//6191
f 6251//6251 6191//6191 6192//6192
f 6251//6251 6192//6192 6095//6095
f 6251//6251 6095//6095 6193//6193
f 6251//6251 6193//6193 6194//6194
f 6251//6251 6194//6194 6195//6195
f 6251//6251 6195//6195 6096//6096
f 6251//6251 6096//6096 6196//6196
f 6251//6251 6196//6196 6197//6197
f 6251//6251 6197//6197 6198//6198
f 6251//6251 6198//6198 6097//6097
f 6251//6251 6097//6097 6199//6199
f 6251//6251 6199//6199 6200//6200
f 6251//6251 6200//6200 6201//6201
f 6251//6251 6201//6201 6098//6098
f 6251//6251 6098//6098 6202//6202
f 6251//6251 6202//6202 6099//6099
f 6251//6251 6099//6099 6203//6203
f 6251//6251 6203//6203 6100//6100
f 6251//6251 6100//6100 6204//6204
f 6251//6251 6204//6204 6101//6101
f 6251//6251 6101//6101 6205//6205
f 6251//6251 6205//6205 6102//6102
f 6251//6251 6102//6102 6206//6206
f 6251//6251 6206//6206 6207//6207
f 6251//6251 6207//6207 6208//6208
f 6251//6251 6208//6208 6103//6103
f 6251//6251 6103//6103 6209//6209
f 6251//6251 6209//6209 6210//6210
f 6251//6251 6210//6210 6211//6211
f 6251//6251 6211//6211 6104//6104
f 6251//6251 6104//6104 6212//6212
f 6251//6251 6212//6212 6213//6213
f 6251//6251 6213//6213 6214//6214
f 6251//6251 6214//6214 6105//6105
f 6251//6251 6105//6105 6215//6215
f 6251//6251 6215//6215 6216//6216
f 6251//6251 6216//6216 6217//6217
f 6251//6251 6217//6217 6106//6106
f 6251//6251 6106//6106 6218//6218
f 6251//6251 6218//6218 6107//6107
f 6251//6251 6107//6107 6219//6219
f 6251//6251 6219//6219 6108//6108
f 6251//6251 6108//6108 6220//6220
f 6251//6251 6220//6220 6109//6109
f 6251//6251 6109//6109 6221//6221
f 6251//6251 6221//6221 6110//6110
f 6251//6251 6110//6110 6222//6222
f 6251//6251 6222//6222 6223//6223
f 6251//6251 6223//6223 6224//6224
f 6251//6251 6224//6224 6111//6111
f 6251//6251 6111//6111 6225//6225
f 6251//6251 6225//6225 6226//6226
f 6251//6251 6226//6226 6227//6227
f 6251//6251 6227//6227 6112//6112
f 6251//6251 6112//6112 6228//6228
f 6251//6251 6228//6228 6229//6229
f 6251//6251 6229//6229 6230//6230
f 6251//6251 6230//6230 6113//6113
f 6251//6251 6113//6113 6231//6231
f 6251//6251 6231//6231 6232//6232
f 6251//6251 6232//6232 6233//6233
f 6251//6251 6233//6233 6114//6114
f 6251//6251 6114//6114 6234//6234
f 6251//6251 6234//6234 6115//6115
f 6251//6251 6115//6115 6235//6235
f 6251//6251 6235//6235 6116//6116
f 6251//6251 6116//6116 6236//6236
f 6251//6251 6236//6236 6117//6117
f 6251//6251 6117//6117 6237//6237
f 6251//6251 6237//6237 6118//6118
f 6251//6251 6118//6118 6238//6238
f 6251//6251 6238//6238 6239//6239
f 6251//6251 6239//6239 6240//6240
f 6251//6251 6240//6240 6119//6119
f 6251//6251 6119//6119 6241//6241
f 6251//6251 6241//6241 6242//6242
f 6251//6251 6242//6242 6243//6243
f 6251//6251 6243//6243 6120//6120
f 6251//6251 6120//6120 6244//6244
f 6251//6251 6244//6244 6245//6245
f 6251//6251 6245//6245 6246//6246
f 6251//6251 6246//6246 6121//6121
f 6251//6251 6121//6121 6247//6247
f 6251//6251 6247//6247 6248//6248
f 6251//6251 6248//6248 6249//6249
f 6251//6251 6249//6249 6122//6122
f 6251//6251 6122//6122 6250//6250
f 6250//6250 6123//6123 6251//6251
o PipeL
v -0.02 0.335 0.2
v -0.02 0.334249 0.208188
v -0.02 0.33184 0.216564
v -0.02 0.327665 0.224624
v -0.02 0.32182 0.23182
v -0.02 0.314624 0.237665
v -0.02 0.306564 0.24184
v -0.02 0.298188 0.244249
v -0.02 0.29 0.245
v -0.02 0.281812 0.244249
v -0.02 0.273436 0.24184
v -0.02 0.265376 0.237665
v -0.02 0.25818 0.23182
v -0.02 0.252335 0.224624
v -0.02 0.24816 0.216564
v -0.02 0.245751 0.208188
v -0.02 0.245 0.2
v -0.02 0.245751 0.191812
v -0.02 0.24816 0.183436
v -0.02 0.252335 0.175376
v -0.02 0.25818 0.16818
v -0.02 0.265376 0.162335
v -0.02 0.273436 0.15816
v -0.02 0.281812 0.155751
v -0.02 0.29 0.155
v -0.02 0.298188 0.155751
v -0.02 0.306564 0.15816
v -0.02 0.314624 0.162335
v -0.02 0.32182 0.16818
v -0.02 0.327665 0.175376
v -0.02 0.33184 0.183436
v -0.02 0.334249 0.191812
v 0.105 0.335 0.2
v 0.105 0.334249 0.208188
v 0.105 0.33184 0.216564
v 0.105 0.327665 0.224624
v 0.105 0.32182 0.23182
v 0.105 0.314624 0.237665
v 0.105 0.306564 0.24184
v 0.105 0.298188 0.244249
v 0.105 0.29 0.245
v 0.105 0.281812 0.244249
v 0.105 0.273436 0.24184
v 0.105 0.265376 0.237665
v 0.105 0.25818 0.23182
v 0.105 0.252335 0.224624
v 0.105 0.24816 0.216564
v 0.105 0.245751 0.208188
v 0.105 0.245 0.2
v 0.105 0.245751 0.191812
v 0.105 0.24816 0.183436
v 0.105 0.252335 0.175376
v 0.105 0.25818 0.16818
v 0.105 0.265376 0.162335
v 0.105 0.273436 0.15816
v 0.105 0.281812 0.155751
v 0.105 0.29 0.155
v 0.105 0.298188 0.155751
v 0.105 0.306564 0.15816
v 0.105 0.314624 0.162335
v 0.105 0.32182 0.16818
v 0.105 0.327665 0.175376
v 0.105 0.33184 0.183436
v 0.105 0.334249 0.191812
v 0.23 0.335 0.2
v 0.23 0.334249 0.208188
v 0.23 0.33184 0.216564
v 0.23 0.327665 0.224624
v 0.23 0.32182 0.23182
v 0.23 0.314624 0.237665
v 0.23 0.306564 0.24184
v 0.23 0.298188 0.244249
v 0.23 0.29 0.245
v 0.23 0.281812 0.244249
v 0.23 0.273436 0.24184
v 0.23 0.265376 0.237665
v 0.23 0.25818 0.23182
v 0.23 0.252335 0.224624
v 0.23 0.24816 0.216564
v 0.23 0.245751 0.208188
v 0.23 0.245 0.2
v 0.23 0.245751 0.191812
v 0.23 0.24816 0.183436
v 0.23 0.252335 0.175376
v 0.23 0.25818 0.16818
v 0.23 0.265376 0.162335
v 0.23 0.273436 0.15816
v 0.23 0.281812 0.155751
v 0.23 0.29 0.155
v 0.23 0.298188 0.155751
v 0.23 0.306564 0.15816
v 0.23 0.314624 0.162335
v 0.23 0.32182 0.16818
v 0.23 0.327665 0.175376
v 0.23 0.33184 0.183436
v 0.23 0.334249 0.191812
v 0.23 0.334818 0.204043
v 0.23 0.333263 0.212382
v 0.23 0.330962 0.21863
v 0.23 0.329973 0.220668
v 0.23 0.328873 0.222669
v 0.23 0.326351 0.226525
v 0.23 0.324936 0.228363
v 0.23 0.323424 0.230131
v 0.23 0.320131 0.233424
v 0.23 0.318363 0.234936
v 0.23 0.316525 0.236351
v 0.23 0.312669 0.238873
v 0.23 0.310668 0.239973
v 0.23 0.30863 0.240962
v 0.23 0.302382 0.243263
v 0.23 0.294043 0.244818
v 0.23 0.285957 0.244818
v 0.23 0.277618 0.243263
v 0.23 0.27137 0.240962
v 0.23 0.269332 0.239973
v 0.23 0.267331 0.238873
v 0.23 0.263475 0.236351
v 0.23 0.261637 0.234936
v 0.23 0.259869 0.233424
v 0.23 0.256576 0.230131
v 0.23 0.255064 0.228363
v 0.23 0.253649 0.226525
v 0.23 0.251127 0.222669
v 0.23 0.250027 0.220668
v 0.23 0.249038 0.21863
v 0.23 0.246737 0.212382
v 0.23 0.245182 0.204043
v 0.23 0.245182 0.195957
v 0.23 0.246737 0.187618
v 0.23 0.249038 0.18137
v 0.23 0.250027 0.179332
v 0.23 0.251127 0.177331
v 0.23 0.253649 0.173475
v 0.23 0.255064 0.171637
v 0.23 0.256576 0.169869
v 0.23 0.259869 0.166576
v 0.23 0.261637 0.165064
v 0.23 0.263475 0.163649
v 0.23 0.267331 0.161127
v 0.23 0.269332 0.160027
v 0.23 0.27137 0.159038
v 0.23 0.277618 0.156737
v 0.23 0.285957 0.155182
v 0.23 0.294043 0.155182
v 0.23 0.302382 0.156737
v 0.23 0.30863 0.159038
v 0.23 0.310668 0.160027
v 0.23 0.312669 0.161127
v 0.23 0.316525 0.163649
v 0.23 0.318363 0.165064
v 0.23 0.320131 0.166576
v 0.23 0.323424 0.169869
v 0.23 0.324936 0.171637
v 0.23 0.326351 0.173475
v 0.23 0.328873 0.177331
v 0.23 0.329973 0.179332
v 0.23 0.330962 0.18137
v 0.23 0.333263 0.187618
v 0.23 0.334818 0.195957
v -0.02 0.334818 0.195957
v -0.02 0.333263 0.187618
v -0.02 0.330962 0.18137
v -0.02 0.329973 0.179332
v -0.02 0.328873 0.177331
v -0.02 0.326351 0.173475
v -0.02 0.324936 0.171637
v -0.02 0.323424 0.169869
v -0.02 0.320131 0.166576
v -0.02 0.318363 0.165064
v -0.02 0.316525 0.163649
v -0.02 0.312669 0.161127
v -0.02 0.310668 0.160027
v -0.02 0.30863 0.159038
v -0.02 0.302382 0.156737
v -0.02 0.294043 0.155182
v -0.02 0.285957 0.155182
v -0.02 0.277618 0.156737
v -0.02 0.27137 0.159038
v -0.02 0.269332 0.160027
v -0.02 0.267331 0.161127
v -0.02 0.263475 0.163649
v -0.02 0.261637 0.165064
v -0.02 0.259869 0.166576
v -0.02 0.256576 0.169869
v -0.02 0.255064 0.171637
v -0.02 0.253649 0.173475
v -0.02 0.251127 0.177331
v -0.02 0.250027 0.179332
v -0.02 0.249038 0.18137
v -0.02 0.246737 0.187618
v -0.02 0.245182 0.195957
v -0.02 0.245182 0.204043
v -0.02 0.246737 0.212382
v -0.02 0.249038 0.21863
v -0.02 0.250027 0.220668
v -0.02 0.251127 0.222669
v -0.02 0.253649 0.226525
v -0.02 0.255064 0.228363
v -0.02 0.256576 0.230131
v -0.02 0.259869 0.233424
v -0.02 0.261637 0.234936
v -0.02 0.263475 0.236351
v -0.02 0.267331 0.238873
v -0.02 0.269332 0.239973
v -0.02 0.27137 0.240962
v -0.02 0.277618 0.243263
v -0.02 0.285957 0.244818
v -0.02 0.294043 0.244818
v -0.02 0.302382 0.243263
v -0.02 0.30863 0.240962
v -0.02 0.310668 0.239973
v -0.02 0.312669 0.238873
v -0.02 0.316525 0.236351
v -0.02 0.318363 0.234936
v -0.02 0.320131 0.233424
v -0.02 0.323424 0.230131
v -0.02 0.324936 0.228363
v -0.02 0.326351 0.226525
v -0.02 0.328873 0.222669
v -0.02 0.329973 0.220668
v -0.02 0.330962 0.21863
v -0.02 0.333263 0.212382
v -0.02 0.334818 0.204043
vn -0.447214 0.894427 0
vn -0.707107 0.695302 0.128667
vn -0.707107 0.65746 0.260282
vn -0.707107 0.591845 0.386936
vn -0.707107 0.5 0.5
vn -0.707107 0.386936 0.591845
vn -0.707107 0.260282 0.65746
vn -0.707107 0.128667 0.695302
vn -0.707107 -3.08395e-16 0.707107
vn -0.707107 -0.128667 0.695302
vn -0.707107 -0.260282 0.65746
vn -0.707107 -0.386936 0.591845
vn -0.707107 -0.5 0.5
vn -0.707107 -0.591845 0.386936
vn -0.707107 -0.65746 0.260282
vn -0.707107 -0.695302 0.128667
vn -0.707107 -0.707107 3.08395e-16
vn -0.707107 -0.695302 -0.128667
vn -0.707107 -0.65746 -0.260282
vn -0.707107 -0.591845 -0.386936
vn -0.707107 -0.5 -0.5
vn -0.707107 -0.386936 -0.591845
vn -0.707107 -0.260282 -0.65746
vn -0.707107 -0.128667 -0.695302
vn -0.707107 -1.67804e-17 -0.707107
vn -0.707107 0.128667 -0.695302
vn -0.707107 0.260282 -0.65746
vn -0.707107 0.386936 -0.591845
vn -0.707107 0.5 -0.5
vn -0.707107 0.591845 -0.386936
vn -0.707107 0.65746 -0.260282
vn -0.707107 0.695302 -0.128667
vn 0 1 -6.54205e-16
vn -0 0.983305 0.181963
vn -0 0.929788 0.368095
vn -0 0.836996 0.54721
vn -0 0.707107 0.707107
vn -0 0.54721 0.836996
vn -0 0.368095 0.929788
vn -0 0.181963 0.983305
vn 0 -4.36137e-16 1
vn 0 -0.181963 0.983305
vn 0 -0.368095 0.929788
vn 0 -0.54721 0.836996
vn 0 -0.707107 0.707107
vn 0 -0.836996 0.54721
vn 0 -0.929788 0.368095
vn 0 -0.983305 0.181963
vn 0 -1 4.36137e-16
vn 0 -0.983305 -0.181963
vn 0 -0.929788 -0.368095
vn 0 -0.836996 -0.54721
vn 0 -0.707107 -0.707107
vn 0 -0.54721 -0.836996
vn 0 -0.368095 -0.929788
vn 0 -0.181963 -0.983305
vn 0 2.18068e-16 -1
vn 0 0.181963 -0.983305
vn 0 0.368095 -0.929788
vn 0 0.54721 -0.836996
vn 0 0.707107 -0.707107
vn 0 0.836996 -0.54721
vn 0 0.929788 -0.368095
vn 0 0.983305 -0.181963
vn 0.447214 0.894427 0
vn 0.707107 0.695302 0.128667
vn 0.707107 0.65746 0.260282
vn 0.707107 0.591845 0.386936
vn 0.707107 0.5 0.5
vn 0.707107 0.386936 0.591845
vn 0.707107 0.260282 0.65746
vn 0.707107 0.128667 0.695302
vn 0.707107 -3.08395e-16 0.707107
vn 0.707107 -0.128667 0.695302
vn 0.707107 -0.260282 0.65746
vn 0.707107 -0.386936 0.591845
vn 0.707107 -0.5 0.5
vn 0.707107 -0.591845 0.386936
vn 0.707107 -0.65746 0.260282
vn 0.707107 -0.695302 0.128667
vn 0.707107 -0.707107 3.08395e-16
vn 0.707107 -0.695302 -0.128667
vn 0.707107 -0.65746 -0.260282
vn 0.707107 -0.591845 -0.386936
vn 0.707107 -0.5 -0.5
vn 0.707107 -0.386936 -0.591845
vn 0.707107 -0.260282 -0.65746
vn 0.707107 -0.128667 -0.695302
vn 0.707107 6.98691e-17 -0.707107
vn 0.707107 0.128667 -0.695302
vn 0.707107 0.260282 -0.65746
vn 0.707107 0.386936 -0.591845
vn 0.707107 0.5 -0.5
vn 0.707107 0.591845 -0.386936
vn 0.707107 0.65746 -0.260282
vn 0.707107 0.695302 -0.128667
vn 1 0 0
vn 1 0 0
vn 1 -4.26326e-16 0
vn 1 2.22045e-16 -0
vn 1 -4.26326e-16 0
vn 1 2.22045e-16 -0
vn 1 2.22045e-16 -0
vn 1 0 0
vn 1 0 0
vn 1 -1.86517e-16 0
vn 1 0 0
vn 1 0 0
vn 1 0 0
vn 1 0 0
vn 1 -4.08562e-16 0
vn 1 0 0
vn 1 0 0
vn 1 0 0
vn 1 0 0
vn 1 0 0
vn 1 0 0
vn 1 0 0
vn 1 0 0
vn 1 0 0
vn 1 -2.22045e-16 0
vn 1 0 0
vn 1 -4.26326e-16 0
vn 1 -4.26326e-16 0
vn 1 2.22045e-16 -0
vn 1 -4.26326e-16 0
vn 1 2.22045e-16 -0
vn 1 -2.04281e-16 0
vn 1 0 0
vn 1 -3.24185e-16 0
vn 1 -2.22045e-16 0
vn 1 1.02141e-16 -0
vn 1 -2.22045e-16 0
vn 1 -2.22045e-16 0
vn 1 6.43929e-17 -0
vn 1 1.15463e-16 -0
vn 1 -4.26326e-16 0
vn 1 -2.59792e-16 0
vn 1 1.66533e-16 -0
vn 1 -1.33227e-17 0
vn 1 -1.83187e-16 0
vn 1 -1.96509e-16 0
vn 1 1.22125e-17 -0
vn 1 1.72085e-17 -0
vn 1 5.27356e-17 -0
vn 1 4.10783e-17 -0
vn 1 -2.34257e-16 0
vn 1 -1.57652e-16 0
vn 1 -4.26326e-16 0
vn 1 -2.13163e-16 0
vn 1 -2.68674e-16 0
vn 1 -2.73115e-16 0
vn 1 4.66294e-17 -0
vn 1 -4.26326e-16 0
vn 1 -2.22045e-16 0
vn 1 -4.26326e-16 0
vn 1 -8.88178e-18 0
vn 1 -3.24185e-16 0
vn 1 -3.24185e-16 0
vn 1 -4.26326e-16 0
vn -1 1.77636e-17 0
vn -1 -8.88178e-18 0
vn -1 -4.996e-18 0
vn -1 1.58207e-17 0
vn -1 3.16414e-17 0
vn -1 -1.58207e-17 0
vn -1 -1.38778e-17 0
vn -1 -1.58207e-17 0
vn -1 2.498e-18 0
vn -1 -1.48492e-17 0
vn -1 2.498e-18 0
vn -1 -3.46945e-18 0
vn -1 2.77556e-19 0
vn -1 1.55431e-17 0
vn -1 -2.54657e-17 0
vn -1 2.42861e-18 0
vn -1 -1.249e-18 0
vn -1 1.0339e-17 0
vn -1 -4.44089e-18 0
vn -1 2.77556e-19 0
vn -1 9.71445e-19 0
vn -1 1.67921e-17 0
vn -1 2.72005e-17 0
vn -1 6.93889e-18 0
vn -1 -1.58207e-17 0
vn -1 -1.38778e-17 0
vn -1 -1.58207e-17 0
vn -1 2.47025e-17 0
vn -1 -1.94289e-18 0
vn -1 4.996e-18 0
vn -1 8.88178e-18 0
vn -1 -1.38778e-17 0
vn -1 -1.38778e-17 0
vn -1 0 0
vn -1 1.77636e-17 0
vn -1 0 0
vn -1 1.77636e-17 0
vn -1 0 0
vn -1 1.77636e-17 0
vn -1 -2.77556e-17 0
vn -1 0 0
vn -1 3.55271e-17 0
vn -1 0 0
vn -1 2.77556e-17 0
vn -1 0 0
vn -1 0 0
vn -1 3.55271e-17 0
vn -1 0 0
vn -1 0 0
vn -1 3.55271e-17 0
vn -1 0 0
vn -1 0 0
vn -1 0 0
vn -1 0 0
vn -1 0 0
vn -1 0 0
vn -1 -2.77556e-17 0
vn -1 -0 0
vn -1 0 0
vn -1 1.77636e-17 0
vn -1 1.77636e-17 0
vn -1 1.77636e-17 0
vn -1 1.77636e-17 0
vn -1 3.16414e-17 0
g PipeL_steel
usemtl steel
f 6252//6252 6253//6253 6285//6285
f 6252//6252 6285//6285 6284//6284
f 6253//6253 6254//6254 6286//6286
f 6253//6253 6286//6286 6285//6285
f 6254//6254 6255//6255 6287//6287
f 6254//6254 6287//6287 6286//6286
f 6255//6255 6256//6256 6288//6288
f 6255//6255 6288//6288 6287//6287
f 6256//6256 6257//6257 6289//6289
f 6256//6256 6289//6289 6288//6288
f 6257//6257 6258//6258 6290//6290
f 6257//6257 6290//6290 6289//6289
f 6258//6258 6259//6259 6291//6291
f 6258//6258 6291//6291 6290//6290
f 6259//6259 6260//6260 6292//6292
f 6259//6259 6292//6292 6291//6291
f 6260//6260 6261//6261 6293//6293
f 6260//6260 6293//6293 6292//6292
f 6261//6261 6262//6262 6294//6294
f 6261//6261 6294//6294 6293//6293
f 6262//6262 6263//6263 6295//6295
f 6262//6262 6295//6295 6294//6294
f 6263//6263 6264//6264 6296//6296
f 6263//6263 6296//6296 6295//6295
f 6264//6264 6265//6265 6297//6297
f 6264//6264 6297//6297 6296//6296
f 6265//6265 6266//6266 6298//6298
f 6265//6265 6298//6298 6297//6297
f 6266//6266 6267//6267 6299//6299
f 6266//6266 6299//6299 6298//6298
f 6267//6267 6268//6268 6300//6300
f 6267//6267 6300//6300 6299//6299
f 6268//6268 6269//6269 6301//6301
f 6268//6268 6301//6301 6300//6300
f 6269//6269 6270//6270 6302//6302
f 6269//6269 6302//6302 6301//6301
f 6270//6270 6271//6271 6303//6303
f 6270//6270 6303//6303 6302//6302
f 6271//6271 6272//6272 6304//6304
f 6271//6271 6304//6304 6303//6303
f 6272//6272 6273//6273 6305//6305
f 6272//6272 6305//6305 6304//6304
f 6273//6273 6274//6274 6306//6306
f 6273//6273 6306//6306 6305//6305
f 6274//6274 6275//6275 6307//6307
f 6274//6274 6307//6307 6306//6306
f 6275//6275 6276//6276 6308//6308
f 6275//6275 6308//6308 6307//6307
f 6276//6276 6277//6277 6309//6309
f 6276//6276 6309//6309 6308//6308
f 6277//6277 6278//6278 6310//6310
f 6277//6277 6310//6310 6309//6309
f 6278//6278 6279//6279 6311//6311
f 6278//6278 6311//6311 6310//6310
f 6279//6279 6280//6280 6312//6312
f 6279//6279 6312//6312 6311//6311
f 6280//6280 6281//6281 6313//6313
f 6280//6280 6313//6313 6312//6312
f 6281//6281 6282//6282 6314//6314
f 6281//6281 6314//6314 6313//6313
f 6282//6282 6283//6283 6315//6315
f 6282//6282 6315//6315 6314//6314
f 6283//6283 6252//6252 6284//6284
f 6283//6283 6284//6284 6315//6315
f 6284//6284 6285//6285 6317//6317
f 6284//6284 6317//6317 6316//6316
f 6285//6285 6286//6286 6318//6318
f 6285//6285 6318//6318 6317//6317
f 6286//6286 6287//6287 6319//6319
f 6286//6286 6319//6319 6318//6318
f 6287//6287 6288//6288 6320//6320
f 6287//6287 6320//6320 6319//6319
f 6288//6288 6289//6289 6321//6321
f 6288//6288 6321//6321 6320//6320
f 6289//6289 6290//6290 6322//6322
f 6289//6289 6322//6322 6321//6321
f 6290//6290 6291//6291 6323//6323
f 6290//6290 6323//6323 6322//6322
f 6291//6291 6292//6292 6324//6324
f 6291//6291 6324//6324 6323//6323
f 6292//6292 6293//6293 6325//6325
f 6292//6292 6325//6325 6324//6324
f 6293//6293 6294//6294 6326//6326
f 6293//6293 6326//6326 6325//6325
f 6294//6294 6295//6295 6327//6327
f 6294//6294 6327//6327 6326//6326
f 6295//6295 6296//6296 6328//6328
f 6295//6295 6328//6328 6327//6327
f 6296//6296 6297//6297 6329//6329
f 6296//6296 6329//6329 6328//6328
f 6297//6297 6298//6298 6330//6330
f 6297//6297 6330//6330 6329//6329
f 6298//6298 6299//6299 6331//6331
f 6298//6298 6331//6331 6330//6330
f 6299//6299 6300//6300 6332//6332
f 6299//6299 6332//6332 6331//6331
f 6300//6300 6301//6301 6333//6333
f 6300//6300 6333//6333 6332//6332
f 6301//6301 6302//6302 6334//6334
f 6301//6301 6334//6334 6333//6333
f 6302//6302 6303//6303 6335//6335
f 6302//6302 6335//6335 6334//6334
f 6303//6303 6304//6304 6336//6336
f 6303//6303 6336//6336 6335//6335
f 6304//6304 6305//6305 6337//6337
f 6304//6304 6337//6337 6336//6336
f 6305//6305 6306//6306 6338//6338
f 6305//6305 6338//6338 6337//6337
f 6306//6306 6307//6307 6339//6339
f 6306//6306 6339//6339 6338//6338
f 6307//6307 6308//6308 6340//6340
f 6307//6307 6340//6340 6339//6339
f 6308//6308 6309//6309 6341//6341
f 6308//6308 6341//6341 6340//6340
f 6309//6309 6310//6310 6342//6342
f 6309//6309 6342//6342 6341//6341
f 6310//6310 6311//6311 6343//6343
f 6310//6310 6343//6343 6342//6342
f 6311//6311 6312//6312 6344//6344
f 6311//6311 6344//6344 6343//6343
f 6312//6312 6313//6313 6345//6345
f 6312//6312 6345//6345 6344//6344
f 6313//6313 6314//6314 6346//6346
f 6313//6313 6346//6346 6345//6345
f 6314//6314 6315//6315 6347//6347
f 6314//6314 6347//6347 6346//6346
f 6315//6315 6284//6284 6316//6316
f 6315//6315 6316//6316 6347//6347
f 6411//6411 6316//6316 6348//6348
f 6411//6411 6348//6348 6317//6317
f 6411//6411 6317//6317 6349//6349
f 6411//6411 6349//6349 6318//6318
f 6411//6411 6318//6318 6350//6350
f 6411//6411 6350//6350 6351//6351
f 6411//6411 6351//6351 6352//6352
f 6411//6411 6352//6352 6319//6319
f 6411//6411 6319//6319 6353//6353
f 6411//6411 6353//6353 6354//6354
f 6411//6411 6354//6354 6355//6355
f 6411//6411 6355//6355 6320//6320
f 6411//6411 6320//6320 6356//6356
f 6411//6411 6356//6356 6357//6357
f 6411//6411 6357//6357 6358//6358
f 6411//6411 6358//6358 6321//6321
f 6411//6411 6321//6321 6359//6359
f 6411//6411 6359//6359 6360//6360
f 6411//6411 6360//6360 6361//6361
f 6411//6411 6361//6361 6322//6322
f 6411//6411 6322//6322 6362//6362
f 6411//6411 6362//6362 6323//6323
f 6411//6411 6323//6323 6363//6363
f 6411//6411 6363//6363 6324//6324
f 6411//6411 6324//6324 6364//6364
f 6411//6411 6364//6364 6325//6325
f 6411//6411 6325//6325 6365//6365
f 6411//6411 6365//6365 6326//6326
f 6411//6411 6326//6326 6366//6366
f 6411//6411 6366//6366 6367//6367
f 6411//6411 6367//6367 6368//6368
f 6411//6411 6368//6368 6327//6327
f 6411//6411 6327//6327 6369//6369
f 6411//6411 6369//6369 6370//6370
f 6411//6411 6370//6370 6371//6371
f 6411//6411 6371//6371 6328//6328
f 6411//6411 6328//6328 6372//6372
f 6411//6411 6372//6372 6373//6373
f 6411//6411 6373//6373 6374//6374
f 6411//6411 6374//6374 6329//6329
f 6411//6411 6329//6329 6375//6375
f 6411//6411 6375//6375 6376//6376
f 6411//6411 6376//6376 6377//6377
f 6411//6411 6377//6377 6330//6330
f 6411//6411 6330//6330 6378//6378
f 6411//6411 6378//6378 6331//6331
f 6411//6411 6331//6331 6379//6379
f 6411//6411 6379//6379 6332//6332
f 6411//6411 6332//6332 6380//6380
f 6411//6411 6380//6380 6333//6333
f 6411//6411 6333//6333 6381//6381
f 6411//6411 6381//6381 6334//6334
f 6411//6411 6334//6334 6382//6382
f 6411//6411 6382//6382 6383//6383
f 6411//6411 6383//6383 6384//6384
f 6411//6411 6384//6384 6335//6335
f 6411//6411 6335//6335 6385//6385
f 6411//6411 6385//6385 6386//6386
f 6411//6411 6386//6386 6387//6387
f 6411//6411 6387//6387 6336//6336
f 6411//6411 6336//6336 6388//6388
f 6411//6411 6388//6388 6389//6389
f 6411//6411 6389//6389 6390//6390
f 6411//6411 6390//6390 6337//6337
f 6411//6411 6337//6337 6391//6391
f 6411//6411 6391//6391 6392//6392
f 6411//6411 6392//6392 6393//6393
f 6411//6411 6393//6393 6338//6338
f 6411//6411 6338//6338 6394//6394
f 6411//6411 6394//6394 6339//6339
f 6411//6411 6339//6339 6395//6395
f 6411//6411 6395//6395 6340//6340
f 6411//6411 6340//6340 6396//6396
f 6411//6411 6396//6396 6341//6341
f 6411//6411 6341//6341 6397//6397
f 6411//6411 6397//6397 6342//6342
f 6411//6411 6342//6342 6398//6398
f 6411//6411 6398//6398 6399//6399
f 6411//6411 6399//6399 6400//6400
f 6411//6411 6400//6400 6343//6343
f 6411//6411 6343//6343 6401//6401
f 6411//6411 6401//6401 6402//6402
f 6411//6411 6402//6402 6403//6403
f 6411//6411 6403//6403 6344//6344
f 6411//6411 6344//6344 6404//6404
f 6411//6411 6404//6404 6405//6405
f 6411//6411 6405//6405 6406//6406
f 6411//6411 6406//6406 6345//6345
f 6411//6411 6345//6345 6407//6407
f 6411//6411 6407//6407 6408//6408
f 6411//6411 6408//6408 6409//6409
f 6411//6411 6409//6409 6346//6346
f 6411//6411 6346//6346 6410//6410
f 6410//6410 6347//6347 6411//6411
f 6475//6475 6252//6252 6412//6412
f 6475//6475 6412//6412 6283//6283
f 6475//6475 6283//6283 6413//6413
f 6475//6475 6413//6413 6282//6282
f 6475//6475 6282//6282 6414//6414
f 6475//6475 6414//6414 6415//6415
f 6475//6475 6415//6415 6416//6416
f 6475//6475 6416//6416 6281//6281
f 6475//6475 6281//6281 6417//6417
f 6475//6475 6417//6417 6418//6418
f 6475//6475 6418//6418 6419//6419
f 6475//6475 6419//6419 6280//6280
f 6475//6475 6280//6280 6420//6420
f 6475//6475 6420//6420 6421//6421
f 6475//6475 6421//6421 6422//6422
f 6475//6475 6422//6422 6279//6279
f 6475//6475 6279//6279 6423//6423
f 6475//6475 6423//6423 6424//6424
f 6475//6475 6424//6424 6425//6425
f 6475//6475 6425//6425 6278//6278
f 6475//6475 6278//6278 6426//6426
f 6475//6475 6426//6426 6277//6277
f 6475//6475 6277//6277 6427//6427
f 6475//6475 6427//6427 6276//6276
f 6475//6475 6276//6276 6428//6428
f 6475//6475 6428//6428 6275//6275
f 6475//6475 6275//6275 6429//6429
f 6475//6475 6429//6429 6274//6274
f 6475//6475 6274//6274 6430//6430
f 6475//6475 6430//6430 6431//6431
f 6475//6475 6431//6431 6432//6432
f 6475//6475 6432//6432 6273//6273
f 6475//6475 6273//6273 6433//6433
f 6475//6475 6433//6433 6434//6434
f 6475//6475 6434//6434 6435//6435
f 6475//6475 6435//6435 6272//6272
f 6475//6475 6272//6272 6436//6436
f 6475//6475 6436//6436 6437//6437
f 6475//6475 6437//6437 6438//6438
f 6475//6475 6438//6438 6271//6271
f 6475//6475 6271//6271 6439//6439
f 6475//6475 6439//6439 6440//6440
f 6475//6475 6440//6440 6441//6441
f 6475//6475 6441//6441 6270//6270
f 6475//6475 6270//6270 6442//6442
f 6475//6475 6442//6442 6269//6269
f 6475//6475 6269//6269 6443//6443
f 6475//6475 6443//6443 6268//6268
f 6475//6475 6268//6268 6444//6444
f 6475//6475 6444//6444 6267//6267
f 6475//6475 6267//6267 6445//6445
f 6475//6475 6445//6445 6266//6266
f 6475//6475 6266//6266 6446//6446
f 6475//6475 6446//6446 6447//6447
f 6475//6475 6447//6447 6448//6448
f 6475//6475 6448//6448 6265//6265
f 6475//6475 6265//6265 6449//6449
f 6475//6475 6449//6449 6450//6450
f 6475//6475 6450//6450 6451//6451
f 6475//6475 6451//6451 6264//6264
f 6475//6475 6264//6264 6452//6452
f 6475//6475 6452//6452 6453//6453
f 6475//6475 6453//6453 6454//6454
f 6475//6475 6454//6454 6263//6263
f 6475//6475 6263//6263 6455//6455
f 6475//6475 6455//6455 6456//6456
f 6475//6475 6456//6456 6457//6457
f 6475//6475 6457//6457 6262//6262
f 6475//6475 6262//6262 6458//6458
f 6475//6475 6458//6458 6261//6261
f 6475//6475 6261//6261 6459//6459
f 6475//6475 6459//6459 6260//6260
f 6475//6475 6260//6260 6460//6460
f 6475//6475 6460//6460 6259//6259
f 6475//6475 6259//6259 6461//6461
f 6475//6475 6461//6461 6258//6258
f 6475//6475 6258//6258 6462//6462
f 6475//6475 6462//6462 6463//6463
f 6475//6475 6463//6463 6464//6464
f 6475//6475 6464//6464 6257//6257
f 6475//6475 6257//6257 6465//6465
f 6475//6475 6465//6465 6466//6466
f 6475//6475 6466//6466 6467//6467
f 6475//6475 6467//6467 6256//6256
f 6475//6475 6256//6256 6468//6468
f 6475//6475 6468//6468 6469//6469
f 6475//6475 6469//6469 6470//6470
f 6475//6475 6470//6470 6255//6255
f 6475//6475 6255//6255 6471//6471
f 6475//6475 6471//6471 6472//6472
f 6475//6475 6472//6472 6473//6473
f 6475//6475 6473//6473 6254//6254
f 6475//6475 6254//6254 6474//6474
f 6474//6474 6253//6253 6475//6475
